track_name,artist_names,album_release_year,track_duration_ms,explicit,popularity
Fader,The Temper Trap,2009,192373,False,0
Sherry,Frankie Valli & The Four Seasons,2003,152160,False,54
I Took A Pill In Ibiza - Seeb Remix,"Mike Posner, Seeb",2016,197933,True,63
Let Go for Tonight,Foxes,2014,238413,False,39
The Way I Want To Touch You,Captain & Tennille,1975,163586,False,35
Still Got Time (feat. PARTYNEXTDOOR),"ZAYN, PARTYNEXTDOOR",2017,188490,False,53
Your Song,Rita Ora,2018,180160,False,60
Fix You,Coldplay,2005,295533,False,83
There You'll Be - 2007 Remaster,Faith Hill,2007,220840,False,44
Every Breath You Take - Remastered 2003,The Police,1983,253886,False,3
You're the Inspiration - 2009 Remaster,Chicago,1984,229426,False,39
"The Key, The Secret",Urban Cookie Collective,2004,222666,False,53
Paradise City,Guns N' Roses,1987,406306,False,1
Tonight I'm Yours (Don't Hurt Me),Rod Stewart,1981,251866,False,42
You Were On My Mind,We Five,2011,156640,False,9
Get Lucky (Radio Edit) [feat. Pharrell Williams and Nile Rodgers],"Daft Punk, Pharrell Williams, Nile Rodgers",2013,248413,False,78
Party,Christine Anu,1995,194533,False,32
Riptide,Vance Joy,2014,201733,False,0
Heartaches By The Number,Guy Mitchell,2009,153901,False,8
The Edge of Heaven,Wham!,1986,270800,False,50
Should’ve Been Us,Tori Kelly,2015,186477,False,0
Clap Your Hands,Kungs,2022,189880,False,59
Good Clean Fun,The Monkees,1969,135800,False,12
Teach Me How to Fly,"Jeff St John, The Copperwine",2016,248640,False,10
Together We Are One - Radio Mix,Delta Goodrem,2006,254626,False,26
No Secrets,The Angels,2011,258959,False,0
All For You,Sister Hazel,1997,218706,False,63
Special,Garbage,2012,226493,False,26
Saturday Sun,Vance Joy,2018,214746,False,0
Montego Bay,Bobby Bloom,1970,176466,False,39
Your Power,Billie Eilish,2021,245896,False,0
Talk of the Town,John Farnham,2003,224266,False,10
Starboy,"The Weeknd, Daft Punk",2016,230453,True,88
Anthem for the Year 2000,Silverchair,1999,247786,False,41
Foreplay / Long Time,Boston,1976,467640,False,58
New Romantics,Taylor Swift,2014,230466,False,0
She - Original Stereo Version; 2006 Remaster,The Monkees,1967,158960,False,34
I'm Good?,Hilltop Hoods,2020,160186,False,50
The Chain - 2004 Remaster,Fleetwood Mac,1977,269813,False,60
Shoop,Salt-N-Pepa,1993,248573,False,70
Trouble,P!nk,2003,193600,False,0
You Got Me,Gavin DeGraw,2014,227485,False,37
I Am the Beat,The Look,1981,180547,False,25
Well Hello,Yellowstone And Voice,2016,174040,False,0
Twistin' Matilda (And the Channel),Jimmy Soul,2013,174933,False,0
Nothing Can Divide Us,Jason Donovan,2007,226200,False,8
Its Only the Beginning,Deborah Conway,1991,281640,False,40
S.O.S.,Jonas Brothers,2007,153346,False,0
Lil Boo Thang,Paul Russell,2023,114233,False,79
Piece by Piece,Kelly Clarkson,2015,257746,False,50
Glamorous,"Fergie, Ludacris",2006,246600,True,62
Free Your Mind,En Vogue,1992,293105,False,53
Untouchable (Originally Performed by Taylor Swift) [Vocal Version],Musical Creations Karaoke,2014,316212,False,1
From The Sea,Eskimo Joe,2004,203146,False,0
Dance To This (feat. Ariana Grande),"Troye Sivan, Ariana Grande",2018,231846,False,64
Into The Dark,Ben Lee,2005,166893,False,28
Happenin' All Over Again - Radio,Young Divas,2006,208346,False,23
You've Never Been This Far Before,Conway Twitty,2005,192893,False,1
Superstylin',Groove Armada,2001,360426,False,60
Halfway Gone,Lifehouse,2010,195306,False,49
Too Much (feat. Usher),"Marshmello, Imanbek, USHER",2020,165704,False,52
Polaroid,Keith Urban,2020,150206,False,24
Walk Right In,Dr. Hook,1992,187066,False,40
Two Strong Hearts,John Farnham,2003,212840,False,16
Work from Home (feat. Ty Dolla $ign),"Fifth Harmony, Ty Dolla $ign",2016,214480,False,75
Hidden Agenda - New Mix,Craig David,2008,252600,False,0
Roar,Katy Perry,2013,223546,False,70
Time After Time,Cyndi Lauper,1983,241333,False,0
Freak On a Leash,Korn,1998,255733,True,78
Chulu Chululu,Bill & Boyd,1964,127680,False,2
Video Killed The Radio Star,The Buggles,1980,253800,False,62
Lay Down (Candles In The Rain) - Long Version,"Melanie, The Edwin Hawkins Singers",1998,469933,False,28
Poker Face,Lady Gaga,2008,237200,False,81
Vegas Girl,Conor Maynard,2012,171826,False,18
American Boy (feat. Kanye West),"Estelle, Kanye West",2008,284733,True,0
Harder To Breathe,Maroon 5,2002,173693,True,64
Dead And Gone,"T.I., Justin Timberlake",2008,299746,True,67
If,Janet Jackson,1993,271640,False,51
Truth Hurts,Lizzo,2019,173306,False,15
Be Mine!,Robyn,2007,206600,False,0
1 Thing,Amerie,2008,238746,False,49
One Way Ticket,The Darkness,2005,266973,False,42
Two Faces Have I,Lou Christie,2014,169157,False,0
Freedom,Wham!,1984,302200,False,57
Lido Shuffle,Boz Scaggs,1976,221613,False,3
Slice of Heaven,Dave Dobbyn,2009,277266,False,0
Stone,Cyrus Villanueva,2015,212155,False,18
Tell Him (Duet with Barbra Streisand),"Barbra Streisand, Céline Dion",1997,291160,False,0
The Nips Are Getting Bigger,Mental As Anything,1979,200666,False,51
Dance Wiv Me - Radio Edit,"Dizzee Rascal, Calvin Harris, Chrom3",2008,203571,False,41
Love Shack - Edit; 2019 Remaster,The B-52's,1989,262586,False,52
Country Grammar (Hot Shit),Nelly,2000,287000,True,0
Instant Crush (feat. Julian Casablancas),"Daft Punk, Julian Casablancas",2013,337560,False,74
Michelle,The Overlanders,2015,141663,False,0
Things That Make You Go Hmmm,"C & C Music Factory, Freedom Williams",2015,325120,False,0
Hush Hush; Hush Hush / I Will Survive - Medley,The Pussycat Dolls,2009,252093,False,56
Second Solution,The Living End,1999,178733,False,25
You're The Best Thing,The Style Council,1984,340626,False,0
C'mon N' Ride It (The Train),Quad City DJ's,1996,451440,False,50
Super Love,Dami Im,2014,204986,False,34
Love Is In The Air,John Paul Young,2009,210293,False,3
Forever Young,Youth Group,2007,239120,False,52
For You (Fifty Shades Freed) (& Rita Ora),"Liam Payne, Rita Ora",2018,245453,False,58
Bad Habits,Billy Field,2009,208253,False,0
I Wanna Do It with You,John Paul Young,2009,181906,False,0
The Man,Taylor Swift,2019,190360,False,79
Maria,P.J. Proby,1994,217573,False,0
Overkill,Men At Work,1983,229466,False,62
Life Goes On,E^ST,2017,210455,False,44
Stacy's Mom,Fountains Of Wayne,2003,197986,False,72
How Can We Be Lovers,Michael Bolton,1989,235626,False,52
Teenage Crime,Adrian Lux,2012,168920,False,42
Danza Kuduro,"Don Omar, Lucenzo",2010,198773,False,80
Buy Me A Pony,Spiderbait,2005,105200,False,0
You're so Vain,Chocolate Starfish,2017,249160,False,34
Got to Get It,Culture Beat,1993,321426,False,0
Angels Like You,Miley Cyrus,2020,196453,False,54
Circles on the Water,Samantha Jade,2017,219865,False,9
Playboy,The Marvelettes,1962,164840,False,0
Part-Time Lover,Stevie Wonder,1985,252560,False,0
Night of My Life,Damien Leith,2006,214613,False,20
911,Lady Gaga,2020,172133,False,61
Total Eclipse of the Heart,Bonnie Tyler,2011,270546,False,0
Don't Pay The Ferryman,Chris de Burgh,1982,231333,False,0
Ain't No Mountain High Enough,"Marvin Gaye, Tammi Terrell",1967,151666,False,0
It's Too Late,Evermore,2004,235333,False,0
You Don't Have to Say You Love Me,Elvis Presley,2007,150533,False,0
Inside Out (feat. Griff),"Zedd, Griff",2020,186245,False,49
Fingertips - Original Studio Version,Stevie Wonder,1962,176040,False,0
Another Man (feat. Megan Joy) (feat. Megan Joy),"Itch, Megan Joy",2014,188166,False,28
I Go To Rio,Peter Allen,1993,383933,False,0
"Stayin' Alive - From ""Saturday Night Fever"" Soundtrack",Bee Gees,1990,281666,False,56
The Box,Roddy Ricch,2019,196652,True,82
Mercy,Shawn Mendes,2016,208733,False,0
Only Wanna Be With You,Hootie & The Blowfish,1994,229586,False,69
Angels Cry Remix - Remix,"Mariah Carey, Ne-Yo",2010,233746,False,55
Tell Him - Single Version,The Exciters,2012,156160,False,49
Love The Way You Lie,"Eminem, Rihanna",2010,263373,True,1
Gonna See My Baby Tonight,The La De Da's,1975,197266,False,19
Broken (feat. Amy Lee),"Seether, Amy Lee",2013,258516,False,0
Higher,"Hilltop Hoods, James Chatburn",2016,269720,False,49
Somebody That I Used To Know,"Gotye, Kimbra",2011,244893,False,62
Ain't Telling The Truth,Bluejuice,2009,163186,False,24
The Only Exception,Paramore,2009,267653,False,65
Cats In The Cradle,Ugly Kid Joe,2007,241346,False,0
Higher Power,Coldplay,2021,211294,False,68
Sister Christian,Night Ranger,1997,300066,False,46
Everything About You,Ugly Kid Joe,1992,260506,True,0
Like Sister and Brother,The Drifters,2004,203013,False,32
Go Your Own Way,Fleetwood Mac,1977,218400,False,0
Jump,Rihanna,2012,264453,False,18
Wolves,"Selena Gomez, Marshmello",2017,197993,False,0
Turn Up The Love,"Far East Movement, Cover Drive",2012,195960,False,49
Soul Revival,Johnny Diesel & The Injectors,2010,243226,False,0
Perfect,Ed Sheeran,2017,263400,False,85
Oh Sherrie,Steve Perry,1998,228800,False,0
Get Down (You're the One for Me) - LP Edit No Rap,Backstreet Boys,1996,230386,False,56
Down (feat. Gucci Mane),"Fifth Harmony, Gucci Mane",2017,165200,False,50
Rock You Like A Hurricane,Scorpions,1984,252493,False,0
Sugar Shack,"Jimmy Gilmer, The Fireballs",2014,120084,False,3
Wake Me up When September Ends,Green Day,2004,285653,False,77
I Won't Back Down,Tom Petty and the Heartbreakers,2000,175493,False,0
Know Your Enemy,Green Day,2009,190986,False,65
All I Need Is A Miracle,Mike + The Mechanics,1985,249826,False,1
I Can Help,Billy Swan,1998,238333,False,45
Am I Ever Gonna See Your Face Again - Live,The Angels,1988,249733,False,36
I Like it Like That - 2019 - Remaster,The Dave Clark Five,1965,97946,False,0
Drive By,Train,2012,195973,False,80
This Is Who I Am,Vanessa Amorosi,2009,205560,False,0
A Hard Day's Night - Remastered 2009,The Beatles,1964,154200,False,65
Ghost,Ella Henderson,2014,216106,False,49
Get That Jive - 2006 Remaster,Dragon,2007,167266,False,14
Justified & Ancient - Stand by the Jams,The KLF,1992,216270,False,0
Only You Can Love Me This Way,Keith Urban,2009,247680,False,6
When a Man Loves a Woman,Percy Sledge,1966,173866,False,68
The Message,Grandmaster Flash & The Furious Five,1982,193000,False,0
Hold Me Closer,"Elton John, Britney Spears",2022,202245,False,70
Goodbye,Sneaky Sound System,2006,294133,False,22
Music To My Heart,"Shab, Martinez Twins",2021,176282,False,3
Last Night,Morgan Wallen,2023,163854,True,81
Hold Me Now,Johnny Logan,2011,183960,False,38
Be-Bop-A-Lula,Gene Vincent & His Blue Caps,1996,157206,False,37
The Dead Heart,Midnight Oil,1987,310893,False,0
The Living Years,Mike + The Mechanics,1988,332333,False,2
Ciao Adios,Anne-Marie,2017,200104,False,50
Kiss Me More (feat. SZA),"Doja Cat, SZA",2021,208866,True,72
Señorita,"Shawn Mendes, Camila Cabello",2019,190799,False,79
Get Down Tonight,KC & The Sunshine Band,1994,317106,False,47
Are You Lonesome Tonight,Elvis Presley,1963,187026,False,48
Friday I'm In Love,The Cure,2001,214400,False,44
Give It 2 Me,Madonna,2008,287906,False,54
Señorita,"Shawn Mendes, Camila Cabello",2019,190960,False,75
Feelin' Alright,E.Y.C.,1993,250106,False,12
Do You Want To,Franz Ferdinand,2005,215000,False,0
Can't Get Enough of Your Love,Taylor Dayne,1995,266533,False,25
"It Ain't Me, Babe (with June Carter Cash)","Johnny Cash, June Carter Cash",2002,182960,False,45
Remember The Name (feat. Eminem & 50 Cent),"Ed Sheeran, Eminem, 50 Cent",2019,206443,False,32
(I Can't Get No) Satisfaction - Mono Version,The Rolling Stones,1965,222813,False,76
Million Man,The Rubens,2017,192106,False,0
Woke Up Late (feat. Hailee Steinfeld),"Drax Project, Hailee Steinfeld",2019,181859,False,40
Better in Time,Leona Lewis,2008,234600,False,16
Fortune Teller - Mono,The Rolling Stones,1966,139800,False,13
One of These Nights - 2013 Remaster,Eagles,1975,291685,False,71
Don't Worry,Marty Robbins,1996,194160,False,36
Take My Breath - Single Version,The Weeknd,2021,220196,False,61
Sing Hallelujah!,Dr. Alban,1992,240933,False,0
That's Not My Name,The Ting Tings,2008,310573,False,44
Someone,Kelly Clarkson,2016,219880,False,26
One Too Many,"Keith Urban, P!nk",2020,203893,False,60
Special Needs,Placebo,2003,315986,False,0
Oh Boy!,"Buddy Holly, The Crickets",2006,126986,False,49
Black Velvet,Alannah Myles,1989,287440,False,70
Would You Raise Your Hands?,Rogue Traders,2003,205866,False,8
The Forgotten,Green Day,2014,298333,False,0
Because the Night,Patti Smith,1978,204800,False,65
It's The End Of The World As We Know It (And I Feel Fine),R.E.M.,1987,246933,False,65
All By Myself,Eric Carmen,1975,430000,False,61
Home Entertainment System,Lazaro's Dog,2005,132173,False,15
Friday On My Mind,Gary Moore,1987,251600,False,35
Warrior,Havana Brown,2013,226295,False,0
How You Remind Me,Nickelback,2001,223840,False,84
Silence,"Marshmello, Khalid",2017,180822,False,81
Man Overboard,Do Re Mi,1985,250866,False,0
Kiss Me,Sixpence None The Richer,2012,206400,False,0
All I Ask,Chase Martin,2015,277706,False,0
Higher,"Sigma, Labrinth",2015,181052,False,0
"Today's The Day - From ""The Ellen DeGeneres Show""",P!nk,2015,224826,False,44
How Do I Live,LeAnn Rimes,2003,266733,False,0
Don't Lose My Number - 2016 Remaster,Phil Collins,1985,288546,False,60
Ave Mary A,P!nk,2008,195946,False,30
Last Thing on My Mind,Steps,2000,185666,False,0
When Will I Be Loved,The Everly Brothers,2017,118773,False,1
Miss Sarajevo,"Passengers, Luciano Pavarotti",1995,340466,False,0
Against The Wind,Bob Seger,1980,333720,False,65
Lady Bump,Penny McLean,1975,226640,False,39
Jump In The Pool,Friendly Fires,2009,217040,False,0
Help Yourself,Tom Jones,2010,173106,False,0
Every Heartbeat,Amy Grant,1991,213733,False,38
Disarm,The Smashing Pumpkins,2001,198466,False,48
Sexy Love,Kylie Minogue,2014,211745,False,10
You're the One,Charli xcx,2013,195320,False,28
Have I Told You Lately,Russell Watson,2014,274480,False,0
Candle In The Wind,Elton John,1990,228000,False,0
I Knew I Loved You,Savage Garden,2000,252000,False,0
Free,Ultra Naté,1998,353360,False,2
Feels So Right,Sunset City,2020,207561,False,12
Rock'n Me,Steve Miller Band,1976,187066,False,69
I'm an Albatraoz,"AronChupa, Little Sis Nora",2014,166848,True,70
Victims,Culture Club,1983,293426,False,27
Love Letters,Billy Thorpe & The Aztecs,1995,194880,False,0
This Ain't A Love Song,Bon Jovi,1995,306240,False,0
Memphis Tennessee,Dave Berry,1964,145066,False,23
Here With Me,"Marshmello, CHVRCHES",2019,156346,False,71
I Believe in You,Michael Bublé,2016,201813,False,51
Shimmer,Fuel,2005,214040,False,49
If It's Lovin' That You Want,Rihanna,2005,208106,False,0
Are You With Me - Radio Edit,The Potbelleez,2008,219833,False,26
Catch the Wind,Donovan,1965,173813,False,0
Don't Wanna Let You Go - Radio Edit,"Five, Stargate",2003,217533,False,22
Hello,Lionel Richie,1983,246933,False,66
Cloudy Day,Tones And I,2021,185303,False,44
If We Ever Meet Again (Featuring Katy Perry),Timbaland,2009,292706,False,0
Free (feat. Emeli Sandé & Nas),"Rudimental, Emeli Sandé, Nas",2013,270883,False,30
Don't Start Now - Dom Dolla Remix,"Dua Lipa, Dom Dolla",2020,210879,False,41
Piano Man,Billy Joel,1973,339000,False,76
Stop,"Sam Brown, Pete Brown",1988,295906,False,54
Route 66,The Rolling Stones,1964,140400,False,51
Neutron Star Collision (Love Is Forever) - Soundtrack Version,Muse,2010,230256,False,53
Automatic (Album Version),The Pointer Sisters,2006,292360,False,27
Walking On A Dream,Empire Of The Sun,2009,198440,False,53
Spin the Black Circle - Remastered,Pearl Jam,1994,167613,False,46
Meet Me Halfway,Black Eyed Peas,2009,284373,False,0
Let's Groove,"Earth\, Wind & Fire",1981,339320,False,76
The Time (Dirty Bit),Black Eyed Peas,2010,307640,False,0
Happy Nation,Ace of Base,1993,255413,False,0
Shake Me Down,Cage The Elephant,2011,211373,False,57
For What It's Worth,Liam Gallagher,2017,251631,False,54
Total Eclipse of the Heart,Bonnie Tyler,1989,270040,False,47
Say You Love Me,Jessie Ware,2014,257483,False,0
Don't Hang Up,The Orlons,2005,137066,False,27
Shadows,The Getaway Plan,2008,223053,False,0
Hey Sexy Lady,"Shaggy, Brian & Tony Gold",2002,199893,False,65
I'll Remember (Theme from the Motion Picture With Honors),Madonna,1995,263813,False,50
Rhinestone Cowboy,Glen Campbell,1987,197826,False,41
Rockin’,The Weeknd,2016,232880,False,36
Shoop Shoop Diddy Wop Cumma Cumma Wang Dang,Monte Video,1983,159184,False,24
Blue Eyes - Remastered 2003,Elton John,1982,206266,False,0
All to Myself,Guy Sebastian,2009,273120,False,12
I Can't Help Myself,The Supremes,1966,156360,False,25
Caught In The Crowd,Kate Miller-Heidke,2008,213133,False,42
Shadow Dancing,Andy Gibb,1978,276000,False,51
Living Without You,"Sigala, David Guetta, Sam Ryder",2023,184103,False,42
Those Oldies But Goodies,Little Cesar & The Romans,2010,195613,False,0
Do It Again,Steely Dan,1972,356733,False,2
"Twist, Twist Senora",Gary U.S. Bonds,1998,157893,False,0
My Way - Produced By Rudimental,Thandi Phoenix,2018,236242,False,21
Just Lose It,Eminem,2004,248680,True,0
Permission To Shine,Bachelor Girl,1998,256200,False,31
Rockabye (feat. Sean Paul & Anne-Marie),"Clean Bandit, Sean Paul, Anne-Marie",2016,251088,False,70
The Show Must Go On - 2010 Remastered Version,Leo Sayer,2010,173760,False,22
Silhouette,Birdy,2016,250360,False,27
Blinded By The Light - Single edit,Manfred Mann's Earth Band,1976,228986,False,47
The Unguarded Moment,The Church,2006,213053,False,0
Stargazing,"Kygo, Justin Jesso",2017,236853,False,64
The Greatest Mistakes,Birds Of Tokyo,2019,156975,False,9
For You,Serena Ryder,2015,243165,False,0
Am I Wrong,Nico & Vinz,2014,245866,False,75
White Silver Sands,Bill Blacks Combo,2010,159843,False,0
The Ketchup Song (Asereje) - Spanish Version,Las Ketchup,2002,211893,False,0
Everything's Alright,"John Farnham, ""Jesus Christ Superstar"" 1992 Australian Cast, Jon Stevens, Kate Cebrano",2014,286293,False,26
Absolutely Fabulous - 7'' Mix; 2001 Remastered Version,Absolutely Fabulous,1993,226973,False,0
From The Music,The Potbelleez,2011,191546,False,0
Sonnet,The Verve,1997,261440,False,0
Great DJ,The Ting Tings,2007,202813,False,43
Don't Stop Believin',Journey,2001,248906,False,73
Take It Back,Matter Of Mind,2021,173386,False,0
Don't Say You Love Me,M2M,2000,225200,False,56
Tribute,Tenacious D,2001,248053,True,62
Hit and Run,Jo Jo Zep and The Falcons,2014,281533,False,36
Just Got Started,"360, PEZ",2012,193026,False,18
Show Me the Meaning of Being Lonely,Backstreet Boys,1999,234960,False,67
SOS,ABBA,1975,202386,False,65
Sway,Michael Bublé,2003,188066,False,72
Roll Over Beethoven - Remastered 2009,The Beatles,1963,165466,False,49
Last Time,Labrinth,2012,263893,False,33
One More Night,Phil Collins,1998,286360,False,0
The Anthem,Good Charlotte,2002,175093,False,75
Papercuts (feat. Vera Blue),"Illy, Vera Blue",2016,255889,False,45
Freedom of Choice - 2009 Remaster,DEVO,1980,208986,False,21
Crazy Little Thing Called Love - Remastered 2011,Queen,1980,163373,False,80
Blue Moon,The Marcels,1990,138360,False,46
Runaway,Ed Sheeran,2014,205133,False,53
Candy,Mandy Moore,2004,234373,False,37
Keeps Gettin' Better,Christina Aguilera,2008,181946,False,38
On the Road Again,Willie Nelson,1988,154360,False,60
Family Portrait,P!nk,2001,296426,False,0
Hotter Than Hell,Dua Lipa,2017,187957,False,64
Humpin' Around - Radio Edit,Bobby Brown,2017,322413,False,23
Glorious (feat. Skylar Grey),"Macklemore, Skylar Grey",2017,220454,True,74
Love Grows (Where My Rosemary Goes) - Re-Recorded,Edison Lighthouse,2008,153626,False,36
Down On The Corner,Creedence Clearwater Revival,1969,166280,False,73
"Show Me Heaven - From ""Days Of Thunder"" Soundtrack",Maria McKee,2003,222866,False,0
Joy,Bastille,2019,192681,False,52
The Hills,The Weeknd,2015,242253,True,2
Hung Up,Madonna,2005,337733,False,74
This Ain't a Love Song,Scouting For Girls,2017,210680,False,39
Bad At Love,Halsey,2017,181279,False,25
Rock And Roll All Nite,KISS,1975,168840,False,72
Send My Love (To Your New Lover),Adele,2015,223078,False,0
She Works Hard For The Money,Donna Summer,1983,320840,False,0
Amigos Para Siempre - Friends for Life,"José Carreras, Sarah Brightman",1992,276133,False,36
The Legend Of Xanadu,"Dave Dee\, Dozy\, Beaky\, Mick & Tich",1968,216373,False,41
Rhythm Is A Dancer,SNAP!,1992,332226,False,0
Watch Me (Whip / Nae Nae),Silentó,2015,185131,False,0
It's Still Rock and Roll to Me,Billy Joel,1980,176440,False,71
Versace on the Floor,Britney Holmes,2016,264827,False,14
Homosapien,Pete Shelley,1981,275840,False,0
Say So,Masked Wolf,2021,120880,False,0
What's My Name?,"Rihanna, Drake",2010,263173,True,74
Don't You Want Me - Edit,Felix,2014,189773,False,36
Rock$tar,Reece Mastin,2012,181733,False,35
Mercy,Shawn Mendes,2017,208733,False,0
It's a Game,Bay City Rollers,1977,178493,False,21
According To My Heart,The Reels,2007,192773,False,0
Gamble Everything for Love,Ben Lee,2005,201560,False,34
Ho Hey,The Lumineers,2012,163133,False,49
Have A Look,Vanessa Amorosi,2005,217653,False,9
"American Woman - 7"" Single Version",The Guess Who,1971,232693,False,24
Try to Remember,Des O'Connor,1990,204106,False,16
I Did What I Did For Maria,Tony Christie,2006,205653,False,23
Rising Sun,Cold Chisel,2011,207078,False,0
I Ran (So Far Away) - Single Edit,A Flock Of Seagulls,2002,219906,False,0
I Won't Back Down,Tom Petty,1989,178360,False,73
A Song For You,Carpenters,1972,282026,False,0
Life's Been Good,Joe Walsh,1978,536226,False,62
Put Yourself in My Place,"Kylie Minogue, Ronin",1994,251840,False,25
Good Feeling,Flo Rida,2012,248133,False,77
Here I Go Again - 1987 Version; 2017 Remaster,Whitesnake,1987,275693,False,43
Keep Your Head Up,Andy Grammer,2011,190480,False,0
Feel the Love (feat. John Newman),"Rudimental, John Newman",2013,245186,False,64
"More, More, More",Andrea True Connection,2007,183007,False,45
Hey Ya!,Outkast,2003,235213,False,82
Your Love - Radio Edit,The Aston Shuffle,2010,196905,False,9
Don't Hold Your Breath,Nicole Scherzinger,2011,198093,False,24
Life,Des'ree,1998,216040,False,61
Viva La Vida,Coldplay,2008,242373,False,66
Blame It on the Weatherman,B*Witched,1998,214626,False,38
Warm Ride,Graham Bonnet,2016,202373,False,0
Nobody To Love - Extended Mix,Sigma,2014,252342,False,40
Don't Wanna Try,Frankie J,2003,245293,False,45
Norman,Sue Thompson,2011,141026,False,21
(Just Like) Starting Over - Remastered 2010,John Lennon,1980,236546,False,55
Too Fake,Hockey,2009,249946,False,0
Call It What You Want,Foster The People,2011,238786,False,60
Mr. Saxobeat - Radio Edit,Alexandra Stan,2011,195105,False,0
Just What I Needed,The Cars,1978,225626,False,70
Therapy,Budjerah,2023,192103,False,49
Abracadabra,Steve Miller Band,1973,307400,False,0
Right Round,"Flo Rida, Kesha",2009,204640,False,77
Self Control,Laura Branigan,1984,246440,False,74
Peanut Butter Jelly,Galantis,2015,203133,False,62
Whistle,Flo Rida,2012,225000,False,53
Come On Over,Shania Twain,1997,173506,False,0
Sexcrime (Nineteen Eighty-Four),"Eurythmics, Annie Lennox, Dave Stewart",1991,233306,False,31
I Can't Stand the Rain,Eruption,2011,185733,False,45
Wild Wild Love (feat. G.R.L.),"Pitbull, G.R.L.",2014,202197,False,39
Easy,Commodores,2009,256545,False,38
Waiting All Night (feat. Ella Eyre),"Rudimental, Ella Eyre",2013,292586,False,64
Just A Kiss,Lady A,2011,214440,False,0
7 Things - Single Version,Miley Cyrus,2008,213453,False,60
Here Comes the Rain Again - Remastered Version,"Eurythmics, Annie Lennox, Dave Stewart",1983,294586,False,63
Suddenly I See,KT Tunstall,2005,201706,False,76
Say So,Doja Cat,2019,237893,False,50
You Really Got Me - 2015 Remaster,Van Halen,1978,156146,False,66
Travelin' Band,Creedence Clearwater Revival,1970,127493,False,50
Losing Grip,Avril Lavigne,2002,233760,False,58
Big World,Conrad Sewell,2019,235706,False,19
Almost With You - 2002 Digital Remaster,The Church,1982,254360,False,41
Changed The Way You Kissed Me (Radio Edit),Example,2012,192627,False,16
Forever Until Tomorrow,MKTO,2014,226733,False,0
Thunder,Imagine Dragons,2017,187146,False,0
Boom Sha La La Lo,Hans Poulsen,2019,174200,False,14
The Rascal King,The Mighty Mighty Bosstones,1997,166133,False,0
(The Man Who Shot) Liberty Valance,Gene Pitney,2019,176240,False,0
Everybody Dance (feat. Nile Rodgers),"Cedric Gervais, Franklin, Nile Rodgers",2020,168289,False,0
Mountain,Chocolate Starfish,2013,297133,False,0
If You Could Read My Mind,"Ultra Naté, Amber, Jocelyn Enriquez",1998,206773,False,0
One Last Breath,Creed,2001,238240,False,0
To Cut a Long Story Short - 2010 Remaster,Spandau Ballet,1981,199693,False,47
Love Is in the Air - Ballroom Mix,John Paul Young,1992,253293,False,0
YMCA - Original Version 1978,Village People,1978,286800,False,68
Gone Away,The Offspring,1997,268608,False,0
I Think I Love You,"David Cassidy, The Partridge Family",2006,171226,False,24
Wake up Little Susie,The Everly Brothers,1964,123520,False,54
Missing You,John Waite,1984,269760,False,69
arms,Christina Perri,2011,261213,False,56
Love Will Find A Way,Pablo Cruise,2011,374360,False,12
Volare,Bobby Rydell,2016,147546,False,0
Man in the Mirror,Michael Jackson,1995,319306,False,63
Tennessee Bird Walk,"Jack Blanchard & Misty Morgan, Misty Morgen",2005,171800,False,25
Bette Davis Eyes,Kim Carnes,1981,228000,False,77
Not Over,Bag Raiders,2011,239946,False,0
The Land of Make Believe,Bucks Fizz,1982,228440,False,41
I Don't Like It,Pauline Pantsdown,1998,202493,False,22
That's Amore,"Dean Martin, Dick Stabile And His Orchestra",1989,188266,False,51
Rome Wasn't Built in a Day,Morcheeba,2000,214719,False,28
Our Day Will Come - Single Version,Ruby And The Romantics,2002,150586,False,0
Don't Stop Movin',S Club,2001,235626,False,0
Everybody's Got To Learn Sometime,The Korgis,2003,258665,False,0
Do The Bird,Dee Dee Sharp,1962,132880,False,0
A Song For You,Carpenters,1972,282026,False,51
A Whiter Shade of Pale - Original Single Version,Procol Harum,1967,248946,False,18
Higher (feat. iann dior),"Clean Bandit, iann dior",2021,203953,False,51
Send My Love (To Your New Lover),Adele,2016,223078,False,0
We Found Love (feat. Rihanna),"Calvin Harris, Rihanna",2012,215520,False,0
What's Love Got To Do With It,"Warren G, Adina Howard",1997,255040,True,46
I Wish I Knew How It Would Feel to Be Free,Nina Simone,1967,188613,False,56
Arabella,Arctic Monkeys,2013,207356,False,0
Wasn't Expecting That,Jamie Lawson,2015,201295,False,45
In A Big Country,Big Country,1983,285200,False,0
Be Good Johnny,Men At Work,1996,213573,False,37
I Wanna Be Your Lover,Prince,1979,347666,False,55
Tick Tock (feat. 24kGoldn),"Clean Bandit, Mabel, 24kGoldn",2020,178373,False,63
Only When I Sleep,The Corrs,1998,261413,False,49
"Freedom Come, Freedom Go",The Fortunes,1972,201973,False,36
Peaches,The Presidents Of The United States Of America,1995,171693,False,1
Side To Side,"Ariana Grande, Nicki Minaj",2016,226160,False,0
Push Up,Freestylers,2004,279053,False,45
Rehab,Amy Winehouse,2006,213760,False,62
Stop! In The Name Of Love,The Supremes,1965,172906,False,61
When You Say You Love Me,Human Nature,2004,242986,False,17
Wouldn't Change a Thing,Kylie Minogue,2006,194826,False,9
Baby Makes Her Blue Jeans Talk,Dr. Hook,2015,236656,False,24
Dancing On My Own,Calum Scott,2018,260285,False,77
The Glamorous Life,Sheila E.,1984,543560,False,49
Bootie Call,All Saints,1997,215533,False,35
I'm Alright,Jo Dee Messina,1998,199040,False,63
Midnight Blue,Lou Gramm,1987,234693,False,51
When You Say Nothing At All,Ronan Keating,2000,258226,False,0
Prayer in C - Robin Schulz Radio Edit,"Lilly Wood and The Prick, Robin Schulz",2014,189413,False,73
Almost Unreal,Roxette,2006,234813,False,36
Don't Sleep in the Subway,Petula Clark,2003,175373,False,0
My Oh My (feat. DaBaby),"Camila Cabello, DaBaby",2019,170746,False,72
Too Good At Goodbyes - Edit,Sam Smith,2017,201000,False,0
She's Like the Wind,"Patrick Swayze, Wendy Fraser",1987,232240,False,0
Bring Me Some Water,Melissa Etheridge,2005,234560,False,0
Stay,Ronan Keating,2009,276760,False,0
Rush - Single Version,Big Audio Dynamite,1995,188373,False,31
FourFiveSeconds,"Rihanna, Kanye West, Paul McCartney",2015,188238,False,77
The Rockafeller Skank - Short Edit,Fatboy Slim,1998,241466,False,1
Drop The Pilot,Joan Armatrading,2007,209320,False,25
Honestly,Hot Chelle Rae,2011,201506,False,42
"Rocket Man (I Think It's Going To Be A Long, Long Time)",Elton John,1972,281613,False,80
Johnny Run Away,Tones And I,2019,193450,False,0
Brokenhearted,Karmin,2012,227146,False,58
Love...Thy Will Be Done - Single Version,Martika,1997,264960,False,0
Mary Jane's Last Dance,Tom Petty and the Heartbreakers,2000,272266,False,0
Misty Blue,Dorothy Moore,1976,222400,False,51
Walk,Foo Fighters,2011,255960,False,66
Weir,Killing Heidi,2000,244866,False,0
Ruby Baby,Dion,2014,157675,False,10
Eve Of Destruction,Barry McGuire,1965,215826,False,54
Time to Wander,GATC,2010,234746,False,0
Home - feat. Michael Bublé,"Blake Shelton, Michael Bublé",2012,227040,False,0
"Carry On (from the Original Motion Picture ""POKÉMON Detective Pikachu"")","Kygo, Rita Ora",2019,215315,False,57
Little Bad Girl (feat. Taio Cruz & Ludacris),"David Guetta, Ludacris, Taio Cruz",2012,192275,True,58
I Only Want To Be With You - Mono,Dusty Springfield,2006,156386,False,29
Loverboy,Billy Ocean,2010,249360,False,51
All The Small Things,blink-182,1999,168000,False,2
Stupid Girl,Garbage,1995,258533,False,0
I'm Gonna Be (500 Miles),The Proclaimers,2003,219466,False,67
Buffalo Soldier,Bob Marley & The Wailers,1983,255840,False,70
Is She Really Going Out With Him?,Joe Jackson,1979,215066,False,54
Starving,"Hailee Steinfeld, Grey, Zedd",2016,181880,True,0
Woman - Tyler Stone Summer Chill Mix,"Louie Austen, Tyler Stone",2021,220646,False,4
All Of The Lights - Album Version (Edited),Kanye West,2010,299600,False,51
Crawl Back In,Dead By Sunrise,2009,182760,False,43
Chemical Heart,Grinspoon,2002,279506,False,52
Paris Is Burning,Ladyhawke,2009,227986,False,35
Comeback,Grinspoon,2009,186733,False,0
Stay Wild,Little Birdy,2009,248746,False,14
Smells Like Teen Spirit,Nirvana,1991,301920,False,8
Landslide,The Chicks,2010,228480,False,46
The Hard Way,Thirsty Merc,2007,262840,False,28
"Hold Me, Thrill Me, Kiss Me, Kill Me - From 'Batman Forever'",U2,2002,285160,False,0
What We Talkin' About,"JAY-Z, Luke Steele",2009,244080,False,10
Sweet Disposition,The Temper Trap,2009,234680,False,0
Be Kind (with Halsey),"Marshmello, Halsey",2020,172761,False,70
In These Arms,Bon Jovi,2010,319293,False,0
Regardless,"RAYE, Rudimental",2020,197573,False,55
Fake It,Sore,2021,147857,False,0
Last Night,Az Yet,2014,267640,False,15
SummerThing!,"AFROJACK, Mike Taylor",2015,235344,False,45
Let's Talk About Sex,Salt-N-Pepa,1990,213266,False,0
Country Bumpkin (Rerecorded),Cal Smith,2008,203773,False,20
Bad (feat. Vassy) - Radio Edit,"David Guetta, Showtek, VASSY",2014,170625,False,62
Heaven For Everyone - Remastered 2011,Queen,1995,336160,False,47
Gypsy Woman,Brian Hyland,1993,155266,False,4
Heaven Is A Place On Earth,Belinda Carlisle,1987,247293,False,56
Dancing,Kylie Minogue,2018,178880,False,0
Little Bad Girl,"David Guetta, Taio Cruz, Ludacris",2011,193146,False,12
Batdance,Prince,1989,373733,False,44
I Am a Rock,Simon & Garfunkel,1966,169520,False,56
Listen People,Herman's Hermits,1996,151066,False,17
Will You Love Me Tomorrow,The Shirelles,2005,160320,False,64
What It Feels Like for a Girl,Madonna,2000,283893,False,42
Takin' Care Of Business,Bachman-Turner Overdrive,2000,291733,False,0
Hold My Hand,Jess Glynne,2015,227343,False,61
Confide in Me - Radio Mix,Kylie Minogue,2012,265826,False,20
Strong - High Contrast Remix,"London Grammar, High Contrast",2013,330173,False,32
"Hungry Eyes - From ""Dirty Dancing"" Soundtrack",Eric Carmen,1997,251066,False,75
My Guy,Mary Wells,1964,174440,False,62
(You're My) Soul And Inspiration,The Righteous Brothers,1990,201253,False,44
Tennis Court,Lorde,2013,198907,True,0
Mi Gente,"J Balvin, Willy William",2018,185040,False,72
Human,The Killers,2008,245373,False,73
Here I Am (Come And Take Me),UB40,2000,242093,False,54
Envy,"Twiztid, Ice Nine Kills",2021,237862,False,26
You Get What You Give,New Radicals,1998,300773,False,0
Every 1's a Winner - Single Version,Hot Chocolate,1978,289266,False,56
Fishin' in the Dark,Nitty Gritty Dirt Band,1989,202786,False,41
Shut Up and Dance,WALK THE MOON,2014,199080,False,85
Homecoming,Hey Monday,2008,238733,False,43
Chiquitita,ABBA,1979,326320,False,71
"Someday, Someday - Single Version",Thirsty Merc,2005,221680,False,39
Scars To Your Beautiful,Alessia Cara,2016,230226,False,68
Love You So,Ron Holden,2012,207840,False,1
Wishing Well,Sananda Maitreya,1987,210466,False,54
Shiny Shiny,Haysi Fantayzee,1982,222546,False,28
Brand New Me,Alicia Keys,2012,233560,False,48
Touch It,Monifah,2015,285293,False,0
Steal My Sunshine,Len,1999,248466,False,45
4 In The Morning,Gwen Stefani,2006,291106,False,0
(You're The) Devil In Disguise,Elvis Presley,2017,140306,False,0
Love Me Two Times,The Doors,1967,195106,False,64
Walking On Air,Katy Perry,2013,222448,False,0
Shake It,Metro Station,2007,179946,False,65
Stand By Your Man,Tammy Wynette,1968,157893,False,49
...Baby One More Time,Britney Spears,1999,211066,False,82
Stairway to Heaven - Remastered,Neil Sedaka,2001,159773,False,14
With Or Without You - Remastered 2007,U2,1987,295520,False,50
Old Me,5 Seconds of Summer,2020,184666,False,0
Good as Hell (feat. Ariana Grande) - Remix,"Lizzo, Ariana Grande",2016,159011,False,58
That Girl,"Maxi Priest, Shaggy",2008,240946,False,34
Wind It Up,Gwen Stefani,2006,189586,False,0
Homesick,Stan Walker,2010,208573,False,15
Stereo Hearts (feat. Adam Levine),"Gym Class Heroes, Adam Levine",2011,210960,False,80
I Want You Back,The Jackson 5,1999,180893,False,0
LoveStoned / I Think She Knows - Radio Edit,Justin Timberlake,2007,325866,False,44
Magic Carpet Ride,Steppenwolf,1968,271573,False,66
Shop Around,The Miracles,1961,170760,False,0
Well...All Right,Buddy Holly,2006,132800,False,15
Are You With Me,Lost Frequencies,2014,138013,False,49
Fussy,End Of Fashion,2008,257226,False,19
By Your Side (feat. Tom Grennan),"Calvin Harris, Tom Grennan",2021,189671,False,62
Love Theme from St. Elmo's Fire - Instrumental,David Foster,1986,209400,False,42
Save Your Tears,The Weeknd,2020,215626,False,53
On a Mission,Gabriella Cilmi,2010,182186,False,18
Down Boy - Radio Edit,Holly Valance,2002,205933,False,25
"It Must Have Been Love - From the Film ""Pretty Woman""",Roxette,1990,258786,False,80
Getting Away With It (All Messed Up) - Vandalism Radio Edit,"Sean Quinn, Gus Cullen",2009,225213,False,0
I Feel for You,Chaka Khan,1984,343400,False,58
Acquainted,The Weeknd,2021,348882,False,17
Abracadabra,Steve Miller Band,1982,308373,False,67
Tears In Heaven,Eric Clapton,1992,276866,False,0
Cartoon Heroes - Radio Edit,Aqua,2005,218493,False,20
Slow Hands,Niall Horan,2017,188174,False,0
Please Don't Go,KC & The Sunshine Band,1979,230440,False,64
Youngblood,5 Seconds of Summer,2018,203417,False,62
Like It's Her Birthday,Good Charlotte,2010,210506,False,46
Unchained Melody,The Righteous Brothers,1990,215840,False,0
Bubbly,Colbie Caillat,2007,196226,False,70
Sex,"Cheat Codes, Kris Kross Amsterdam",2016,228361,False,0
Chain Reaction,John Farnham,1990,192173,False,36
Little Lion Man,Mumford & Sons,2009,247000,True,64
Cream - Without Rap Monologue,Prince,1991,253373,False,50
Touch The Sky - Radio Edit,"Kanye West, Lupe Fiasco",2006,236760,False,34
Do You Want to Dance - 2008 Remaster,Bette Midler,2008,164493,False,10
Hold On,KT Tunstall,2007,177613,False,35
Glad You Came,The Wanted,2011,197935,False,0
Talk Like That,The Presets,2009,221066,False,0
"Sucker for Pain (with Wiz Khalifa, Imagine Dragons, Logic & Ty Dolla $ign feat. X Ambassadors)","Lil Wayne, Wiz Khalifa, Imagine Dragons, X Ambassadors, Logic, Ty Dolla $ign",2016,243490,True,74
We're Going To Ibiza!,Vengaboys,1999,217539,False,61
The Hippy Hippy Shake,The Swinging Blue Jeans,1992,106066,False,0
Mama Didn't Lie,Jan Bradley,2014,121312,False,15
Dark Times,"The Weeknd, Ed Sheeran",2015,260640,True,0
Rocksteady,Slip-On Stereo,2015,204478,False,1
The Animal Song,Savage Garden,2015,280947,False,0
Think About Tomorrow Today,The Master's Apprentices,1995,202840,False,6
Whatta Man,"Salt-N-Pepa, En Vogue",1993,308360,False,0
Lambada - Original Radio Edit,Kaoma,1989,208840,False,54
Flowers,Miley Cyrus,2023,200600,False,12
How Do You Talk To An Angel?,The Heights,1992,227266,False,46
Child's Play,Sherbet,2008,198613,False,0
Uptight Downtown,La Roux,2014,262000,False,0
She,Ed Sheeran,2014,244653,False,40
Would You Lay With Me (In A Field Of Stone),Judy Stone,2016,216333,False,0
The Letter,The Box Tops,1967,112800,False,72
Floating Through Space,"Sia, David Guetta",2021,177800,False,54
The First Time Ever I Saw Your Face,Roberta Flack,1969,260666,False,58
Sarah,Eskimo Joe,2006,209413,False,37
Ride It - Jonas Blue Remix,"Regard, Jonas Blue",2019,182400,False,57
Ridin' Solo,Jason Derulo,2010,215746,False,63
Piece Of Your Heart,"MEDUZA, Goodboys",2019,152913,False,67
I'm The Leader Of The Gang (I Am),Gary Glitter,1973,208626,False,33
Another Chance,Roger Sanchez,2000,452906,False,46
Daylight (feat. Travis McCoy),"Kelly Rowland, Travis McCoy",2007,209760,False,18
20 Miles,Ray Brown And The Whispers,1988,137560,False,21
Despacito - Remix,"Luis Fonsi, Daddy Yankee, Justin Bieber",2017,228826,False,69
Looking Through the Eyes of a Beautiful Girl,Autumn,1971,198533,False,0
Happy,Pharrell Williams,2013,233305,False,2
Drive,Incubus,2009,232760,False,0
Wish You Were Here,Pink Floyd,1975,334743,False,73
Zorba's Dance - Radio Edit,LCD,2008,179666,False,28
Black Dog - 1990 Remaster,Led Zeppelin,1971,294000,False,0
Decode - Twilight Soundtrack Version,Paramore,2009,261959,False,60
Go Away Little Girl,Steve Lawrence,2014,136124,False,1
Three Times A Lady,Commodores,1978,398506,False,52
Country House,Blur,2000,237733,False,51
Ms. Jackson - Radio Mix,Outkast,2013,238826,False,33
Never Forget You,"Zara Larsson, MNEK",2017,213427,False,70
Highway to Hell,Back In Black,2012,207797,False,32
Wooden Heart,Elvis Presley,2002,121600,False,42
On the Rebound,Floyd Cramer,1995,127400,False,16
Coalman,Ronnie Burns,2019,172384,False,10
Survivor,Destiny's Child,2001,254026,False,68
Let Your Love Flow,The Bellamy Brothers,1976,196826,False,72
Giant (with Rag'n'Bone Man),"Calvin Harris, Rag'n'Bone Man",2019,229184,False,65
Slow Hands,Niall Horan,2017,188174,False,51
Candle In The Wind 1997,Elton John,1997,250106,False,54
I'm A Boy - Mono Version,The Who,2017,161440,False,8
Pretty Girls,"Britney Spears, Iggy Azalea",2015,163960,False,54
One More Try - Remastered,George Michael,1987,350666,False,58
Little Talks,Of Monsters and Men,2012,266600,False,78
Casanova,Ultimate Kaos,2016,261040,False,0
Play Hard (feat. Ne-Yo & Akon) - New Edit,"David Guetta, Akon, Ne-Yo",2013,208845,False,61
Wings of a Dove,"Ferlin Husky, Hank Locklin",2013,142906,False,27
Baby Don't Hurt Me,"David Guetta, Anne-Marie, Coi Leray",2023,140017,False,31
Ready 2 Go,"Martin Solveig, Kele",2011,264932,False,17
Passengers,Elton John,1984,203253,False,0
Fine Again,Seether,2002,243640,False,66
When I Was Your Man,Bruno Mars,2012,213826,False,88
My Generation - Mono Version,The Who,1966,198866,False,47
Dreams - 2004 Remaster,Van Halen,2007,292333,False,34
Burn For You,INXS,2011,297733,False,0
Weightless,All Time Low,2009,198000,False,0
The Hardest Thing,98º,1998,274600,False,51
Dreams,"Jolyon Petch, Reigan",2021,198629,False,49
N Dey Say - Album Version / Explicit,Nelly,2004,217080,True,0
Lean On Me,"Cheat Codes, Tinashe",2021,149856,False,50
Hook Me Up,The Veronicas,2007,175906,False,40
From This Moment On - Pop On-Tour Version,Shania Twain,2004,235106,False,2
Lights,Journey,2001,190666,False,38
Leave Me Alone (Ruby Red Dress),Helen Reddy,1987,207533,False,28
All I Hear,Kate Alexa,2006,207720,False,0
Somethin' Stupid,"Robbie Williams, Nicole Kidman",2001,170493,False,65
The World I Used to Know,Jimmie Rodgers,2017,150080,False,3
Bridge Over Troubled Water,Simon & Garfunkel,1970,293120,False,67
Swing The Mood,Jive Bunny and the Mastermixers,2009,259573,False,49
Rise,"Jonas Blue, Jack & Jack",2018,194407,False,59
Think Twice,Céline Dion,1993,288000,False,60
Why Does It Always Rain on Me?,Travis,2004,264826,False,0
Sex On The Radio,Good Charlotte,2010,196586,False,41
When the War Is Over,Cosima De Vito,2012,228560,False,6
The Wild Boys,Duran Duran,1998,257600,False,55
Hide Away,Daya,2015,192381,False,0
Been Waiting,Jessica Mauboy,2008,228786,False,42
Hooked On A Feeling,"Blue Swede, Björn Skifs",1973,172866,False,73
Me And My Broken Heart,Rixton,2014,193826,False,0
The Beautiful People,Marilyn Manson,2004,222773,True,0
Capital Letters,"Hailee Steinfeld, BloodPop®",2018,219386,False,0
Let's Get Married (feat. Run) - ReMarqable Remix,"Jagged Edge, RUN, Lamarquis Jefferson",2006,249040,False,55
Runaways,The Killers,2012,243786,False,58
LoveGame,Lady Gaga,2008,216333,False,71
When I'm Sixty Four - Remastered 2009,The Beatles,1967,157666,False,61
YOU'RE GONNA LOVE THIS,3OH!3,2013,211700,False,24
You Were Meant For Me,Jewel,1995,254480,False,0
Money For Nothing,Dire Straits,2005,504200,False,0
I Still Haven't Found What I'm Looking For - Remastered 2007,U2,1987,277480,False,0
Love Me Harder,"Ariana Grande, The Weeknd",2014,236133,False,0
NYC Beat,Armand Van Helden,2007,197373,False,32
Killer Queen - Remastered 2011,Queen,1974,179600,False,0
Down With The Trumpets,Rizzle Kicks,2011,186851,False,0
Boyfriend,Mabel,2020,225266,False,43
White Horse,Taylor Swift,2008,234426,False,47
Sunday Morning,Maroon 5,2012,244880,False,0
Demons,Imagine Dragons,2012,175200,False,73
If I Were a Carpenter,Swanee,1983,213906,False,0
Percolator (Twist),Billy Joe & The Checkmates,2015,133041,False,1
If You Don't Know Me by Now - 2008 Remaster,Simply Red,1989,204000,False,70
Cleanin' Out My Closet,Eminem,2002,297933,True,0
September Song,JP Cooper,2017,220290,False,0
Not Fair,Lily Allen,2008,202546,True,58
Can You Feel,Taxiride,1999,197626,False,19
Ride Wit Me,"Nelly, City Spud",2000,291781,True,0
Georgy Girl,The Seekers,1989,140440,False,51
The Pushbike Song,The Mixtures,1970,150933,False,0
"Closer - Original Song from the TV Series ""The Secret Daughter""",Jessica Mauboy,2016,215667,False,0
Valerie (feat. Amy Winehouse) - Version Revisited,"Mark Ronson, Amy Winehouse",2007,219413,False,45
True Tears Of Joy,Hunters & Collectors,1992,273480,False,0
Love and Kisses,Dannii,1998,224506,False,0
Blue Eyes,Cary Brothers,2007,259306,False,0
"Love Me Like You Do - From ""Fifty Shades Of Grey""",Ellie Goulding,2015,252538,False,0
Like I'm Gonna Lose You (feat. John Legend),"Meghan Trainor, John Legend",2015,225053,False,79
It's Not Easy - 2015 Remaster,Normie Rowe,2015,189120,False,9
Halo,Beyoncé,2008,261640,False,71
Wake Me Up Before You Go-Go,Wham!,1984,231333,False,80
Goodbye My Lover,James Blunt,2005,258653,False,54
Harleys In Hawaii,Katy Perry,2019,185815,False,67
Spice Up Your Life,Spice Girls,1997,173666,False,64
Roam,The B-52's,1989,295133,False,56
Thnks fr th Mmrs,Fall Out Boy,2007,203506,False,78
Iris,The Goo Goo Dolls,2007,289906,False,71
Stand By Me,Ben E. King,1962,180055,False,75
I Love Me,Demi Lovato,2020,203672,False,35
Everlasting Love,Love Affair,1968,182666,False,55
Moth To A Flame (with The Weeknd),"Swedish House Mafia, The Weeknd",2021,234000,False,14
French Kissin In The U.S.A.,Debbie Harry,1988,314133,False,0
Lifestyle (feat. Adam Levine),"Jason Derulo, Adam Levine",2021,153865,True,54
Midnight Run,Example,2012,240627,False,15
Obsession,Animotion,2008,234506,False,0
I'm Gonna Knock on Your Door,Eddie Hodges,2010,126266,False,0
Shine,Vanessa Amorosi,2004,234733,False,31
Hey Jealousy,Gin Blossoms,1992,236626,False,62
Genie in a Bottle,Christina Aguilera,1999,217133,False,0
We Can Get Together,Flowers,1982,226973,False,44
I Wanna Know (feat. Bea Miller),"NOTD, Bea Miller",2018,197938,False,61
Remedy,Adele,2015,245426,False,0
Good Times Roll,The Cars,1978,225853,False,62
Jet - 2010 Remaster,"Paul McCartney, Wings",1973,248360,False,57
BIG LOVE,Black Eyed Peas,2018,277173,False,0
You'll Never Find Another Love Like Mine,Lou Rawls,1976,266200,False,61
Tongue Tied,GROUPLOVE,2011,218013,False,76
Got My Mind Set On You - Extended Version,George Harrison,1987,317289,False,0
Elusive Butterfly,Bob Lind,1993,168533,False,38
The Kids Aren't Alright,The Offspring,1998,179600,False,0
UNHEALTHY (feat. Shania Twain),"Anne-Marie, Shania Twain",2023,149653,False,62
Set It Off,Timomatic,2012,198733,False,39
Stuck on You,Elvis Presley,2000,139666,False,0
Perfect,One Direction,2015,230333,False,79
All We Ever Do Is Say Goodbye,John Mayer,2009,275266,False,47
Hello Walls,Faron Young,2000,146840,False,52
Crazy In Love (feat. Jay-Z),"Beyoncé, JAY-Z",2003,236133,False,77
Bony Moronie,Hush,1974,191293,False,26
It's Too Late,Carole King,1971,233173,False,70
Dynamite,BTS,2020,199053,False,2
Happy,Leona Lewis,2009,242093,False,43
What About Me,Shannon Noll,2004,201773,False,48
Cheap Wine,Cold Chisel,2011,205480,False,0
Living Doll - 2000 Remastered Version,Cliff Richard & The Drifters,2011,161093,False,0
Written in the Scars,The Script,2017,227173,False,40
Queen Of Hearts,Juice Newton,1988,206866,False,45
Power,Ellie Goulding,2020,191333,False,38
Keep The Faith,Bon Jovi,2010,343493,False,0
Kiss Me Thru The Phone,"Soulja Boy, Sammie",2008,193386,True,0
Blue Bayou,Linda Ronstadt,1977,239399,False,61
Cherish,Kool & The Gang,1999,238933,False,0
Megamix - Radio Version,Technotronic,2011,255493,False,0
"December, 1963 (Oh What a Night!)",Frankie Valli & The Four Seasons,1975,197146,False,74
I Started A Joke,Bee Gees,1968,188306,False,65
Take Me To Church,Hozier,2014,241688,False,0
Lightning's Girl,Nancy Sinatra,1966,176053,False,26
Jump (For My Love),The Pointer Sisters,1989,263440,False,46
Little Green Bag - Single Edit,George Baker Selection,2016,201640,False,55
One In A Million,Bosson,2001,214720,False,50
Forever Young - Fast Version,Bob Dylan,1974,168733,False,36
Home Among the Gumtrees,John Williamson,1990,170213,False,47
Where Have You Been,Rihanna,2012,242680,False,0
Dance to the Music,Sly & The Family Stone,1968,179426,False,54
On Top Of The World,Imagine Dragons,2012,189840,False,0
Blame It on the Bossa Nova,Eydie Gormé,2006,148023,False,1
Should I Stay or Should I Go - Remastered,The Clash,1982,188986,False,80
Legacy - Radio Edit,"Nicky Romero, Krewella",2013,195706,False,40
Candy Shop,"50 Cent, Olivia",2005,208973,False,39
Love Hurts,Jim Capaldi,2007,206413,False,0
I Can See Clearly Now,Jimmy Cliff,2002,196000,False,60
Gett Off,Prince,1991,272640,True,41
The Mountain's High,Dick & Dee Dee,2010,135706,False,27
Popsicles And Icicles,The Murmaids,2011,155400,False,2
Single,Ne-Yo,2008,257933,False,0
Night,Jackie Wilson,1960,174720,False,6
Be the One,Dua Lipa,2015,202914,False,65
Respectable,Mel & Kim,1987,202640,False,49
(They Long To Be) Close To You,Carpenters,1970,273933,False,67
Right Now (Na Na Na),Akon,2008,240746,False,0
Suspicious Minds,Fine Young Cannibals,1985,237466,False,56
Love And Other Bruises,Air Supply,2012,223866,False,2
Hot N Cold,Katy Perry,2008,220226,False,61
Like It Loud,Cassie Davis,2009,186320,False,0
Perfect Strangers,"Jonas Blue, JP Cooper",2016,196613,False,0
Love Me Like You,Little Mix,2015,197800,False,0
If I Had a Hammer,Trini Lopez,2005,179400,False,0
I Should've Never Let You Go,Bardot,2000,267066,False,0
You're The One That I Want - From “Grease”,"John Travolta, Olivia Newton-John",2005,167613,False,0
Baby Blue - Remastered 2010,Badfinger,1971,217346,False,59
Art of Love (feat. Jordin Sparks),"Guy Sebastian, Jordin Sparks",2009,238786,False,43
Tubthumping,Chumbawamba,1997,278778,False,68
All I Want,Sarah Blasko,2009,233960,False,42
Whatever Will Be,"Tammin Sursok, Ray Hedges",2005,227413,False,15
Reelin' In The Years,Steely Dan,1972,275466,False,2
Rock & Roll,Eric Hutchinson,2008,240320,False,49
I Got It From My Mama,will.i.am,2007,241520,False,47
Your Time Will Come - Remastered Version,"Eurythmics, Annie Lennox, Dave Stewart",1981,271813,False,9
Stop Crying Your Heart Out,Oasis,2002,303133,False,49
1 Day 2 Nights,HRVY,2021,138200,False,0
Visiting Hours,Ed Sheeran,2021,215506,False,1
S Club Party,S Club,1999,210400,False,0
Butterfly,Matt Flinders,1974,175813,False,0
Hella Good,No Doubt,2001,242586,False,0
You're Not Sorry (Originally Performed By Taylor Swift) [Full Vocal Version],Chart Collective,2014,262112,False,1
High Hopes,Kodaline,2013,230266,False,0
Elenore,The Turtles,1968,151306,False,57
Hula Hoop,OMI,2015,205474,False,56
Welcome To The Jungle,Guns N' Roses,1987,273600,False,1
How Deep Is Your Love,Dru Hill,1998,243360,True,0
Untitled (How Could This Happen to Me?),Simple Plan,2004,239813,False,57
Surfer Girl - Remastered 2001,The Beach Boys,1963,148533,False,51
Spin,Cassette Kids,2010,217013,False,0
SO DONE,The Kid LAROI,2020,126521,False,0
Padam Padam,Kylie Minogue,2023,166266,False,45
Crimson and Clover,Joan Jett & the Blackhearts,2013,197426,False,0
Grease,Frankie Valli,2003,201866,False,53
Can't Get Used to Losing You,Andy Williams,2013,141786,False,29
Hey Baby,"No Doubt, Bounty Killer",2003,206760,False,0
Don't Dream It's Over,Crowded House,1986,236933,False,0
Walk Like a Man,Frankie Valli & The Four Seasons,1963,137933,False,56
Underneath Your Clothes,Shakira,2001,224066,False,59
Freak Me,Silk,1992,274533,False,57
Judy's Turn To Cry,Lesley Gore,1963,131000,False,0
The Old Man Down The Road,John Fogerty,1985,213750,False,0
Hey Brother,Avicii,2013,255093,False,2
Little Sister,Elvis Presley,2009,151586,False,0
Blank Space,Taylor Swift,2014,231826,False,69
Moves Like Jagger,"Maroon 5, Christina Aguilera",2015,202640,False,67
Futon Couch,Missy Higgins,2018,205160,False,28
Bang-Shang-a-Lang,The Archies,1968,152502,False,30
Lighters,"Bad Meets Evil, Bruno Mars",2011,303813,True,0
Go Crazy,"Chris Brown, Young Thug",2020,176960,False,45
If I Know You,The Presets,2009,268426,False,0
Break Your Heart,Taio Cruz,2010,201546,False,67
Blended Family (What You Do For Love) (feat. A$AP Rocky),"Alicia Keys, A$AP Rocky",2016,211546,False,35
Rock And Roll All Nite,KISS,1975,168733,False,0
I Got You,Split Enz,1980,209440,False,51
Jungle Love,Steve Miller Band,1978,189293,False,42
By Your Side,"Jonas Blue, RAYE",2016,201254,False,0
Romeo And Juliet,Dire Straits,2005,360000,False,0
Groovejet (If This Ain't Love) [feat. Sophie Ellis-Bextor],"Spiller, Sophie Ellis-Bextor",2000,227619,False,58
Physical,Olivia Newton-John,2018,220942,False,43
Love Action (I Believe In Love),The Human League,1981,301826,False,49
Yesterday - Remastered 2009,The Beatles,1973,125533,False,39
Cruel - Remastered,Human Nature,2001,317426,False,8
Losing You,Brenda Lee,2000,152706,False,0
Still Got The Blues,Gary Moore,1990,370866,False,63
Call Me,Go West,1993,252973,False,0
Neutron Dance,The Pointer Sisters,1984,254026,False,22
Start Me Up - Remastered 2009,The Rolling Stones,1981,213066,False,77
Finesse - Remix; feat. Cardi B,"Bruno Mars, Cardi B",2017,217288,False,73
Beautiful Lies,Birdy,2016,170720,False,25
Tie a Yellow Ribbon Round the Ole Oak Tree (feat. Tony Orlando),"Dawn, Tony Orlando",2010,207600,False,34
I Feel It Coming,"The Weeknd, Daft Punk",2016,269186,False,1
Asshole,Denis Leary,1993,266173,False,0
Better Than,John Butler Trio,2007,209333,False,50
And We Danced,The Hooters,1985,228106,False,27
The Fixer,Pearl Jam,2009,177960,False,0
Sound of Silence,Dami Im,2016,195479,False,43
Titanium (feat. Sia),"David Guetta, Sia",2011,245040,False,55
VALENTINO - Imanbek Remix,"24kGoldn, Imanbek",2020,177975,False,28
Don't Start Now,Dua Lipa,2019,183290,False,71
Duke of Earl,Gene Chandler,2015,147800,False,29
I Don't Want To Be With Nobody But You (feat. Wendy Matthews),"Absent Friends, Wendy Matthews",1990,286693,False,33
Predictable,Delta Goodrem,2003,218933,False,33
OMG,"USHER, will.i.am",2010,269493,False,0
Livin' Thing,Electric Light Orchestra,1976,212306,False,68
Dirty Creature,Split Enz,1982,242173,False,34
Karma,Taylor Swift,2022,204852,True,77
Grease - 2007 Remaster,Frankie Valli,1978,207306,False,65
Spectrum,Florence + The Machine,2011,311533,False,56
Versace on the Floor,Bruno Mars,2016,261240,False,79
If I Never See Your Face Again,"Maroon 5, Rihanna",2008,198240,False,48
Too Much Love Will Kill You - Remastered 2011,Queen,1995,259213,False,60
When I Was Young,Eric Burdon & the Animals,2005,183760,False,13
Dizzy,Tommy Roe,1977,170401,False,4
When You're Gone,"Bryan Adams, Melanie C",1998,204893,False,66
My Girl,The Temptations,1965,165000,False,0
"Eye Level (Original Theme from ""Van Der Valk"")","The Simon Park Orchestra, De Wolfe Music",1973,140948,False,0
Misty - 1975 #3Country; #14Pop Billboard chart hit,Ray Stevens,1975,175933,False,0
Sunshine on a Rainy Day,Christine Anu,2000,226626,False,40
Voodoo Child,Rogue Traders,2003,237720,False,48
Don't Let The Rain Come Down (Crooked Little Man),The Serendipity Singers,1998,166360,False,27
9 to 5,Dolly Parton,2009,165653,False,0
"See You Again, Love Me Like You Do, Sugar - Acoustic Mashup",Megan Davies,2015,231965,False,49
How Am I Supposed to Live without You,Laura Branigan,1995,263320,False,28
Twist And Shout - Remastered 2009,The Beatles,1963,155226,False,77
True Colors,"Anna Kendrick, Justin Timberlake",2016,243720,False,60
One Dance,"Drake, Wizkid, Kyla",2016,173986,False,2
Sister Christian,Night Ranger,1983,302933,False,59
I'll Be There for You (Friends Theme),Boyce Avenue,2012,138201,False,0
Trouble,"Iggy Azalea, Jennifer Hudson",2014,166317,True,47
Surrender,Cheap Trick,1978,253733,False,65
I Fall Apart,Post Malone,2016,223346,True,0
Lush Life,Zara Larsson,2015,201122,False,0
Happy Up Here,Röyksopp,2009,163666,False,39
Unwell - 2007 Remaster,Matchbox Twenty,2007,237266,False,55
Buses and Trains - Radio Edit,Bachelor Girl,2011,219160,False,42
Twisted,Brian McFadden,2008,235080,False,6
Witch Queen,Chantoozies,1988,258973,False,20
Cool World - Digitally Remastered,Mondo Rock,2017,213680,False,0
Bulletproof,La Roux,2009,205733,False,2
Breathe,"Jax Jones, Ina Wroldsen",2017,207629,False,0
Say My Name,"Dimitri Vegas & Like Mike, Regard, Dimitri Vegas",2020,159535,False,61
I Cry,Flo Rida,2012,223800,False,55
When Doves Cry,Prince,1984,352906,False,28
Love & Devotion - Club Mix,Real McCoy,1995,274880,False,35
I Could Be The One (Avicii Vs. Nicky Romero) - Nicktim / Radio Edit,"Avicii, Nicky Romero",2012,208316,False,0
Silver Moon,"Michael Nesmith, The First National Band",2010,190333,False,23
Fame,Irene Cara,1980,316066,False,0
Walk On The Wild Side,Jimmy Smith,1994,356973,False,0
Jackson,"Nancy Sinatra, Lee Hazlewood",1968,169013,False,0
Sunshine After The Rain,Elkie Brooks,1981,203826,False,19
Hear My Name - Radio Edit,Armand Van Helden,2005,211800,False,0
She's Got That Vibe,"R. Kelly, Public Announcement",1992,274133,False,39
Ain't Got Far to Go,Jess Glynne,2015,203498,False,38
Good Thing,Fine Young Cannibals,1988,201866,False,0
Dream Baby,Roy Orbison,2011,151813,False,32
Come And Get It - Remastered 2010,Badfinger,1970,143213,False,45
Midnight Midnight,The Potbelleez,2011,161213,False,0
No Roots,Alice Merton,2017,235813,False,0
You Get What You Give,New Radicals,2000,300600,False,0
All The Stars (with SZA),"Kendrick Lamar, SZA",2018,232186,True,85
867-5309 / Jenny (Rerecorded),Tommy Tutone,2008,231080,False,37
I'll Be Gone,Spectrum,2008,268280,False,25
Cream,Prince,1991,253066,False,0
Buttons - Final Edit Version,"The Pussycat Dolls, Snoop Dogg",2006,232160,False,43
Johnny B. Goode,Chuck Berry,1959,161560,False,77
I Wanna Be Around...,Tony Bennett,1963,131226,False,38
Unforgettable - Mariah Carey Acoustic Remix,"French Montana, Mariah Carey, Swae Lee",2017,244135,True,27
Hang On Sloopy,The McCoys,1995,231800,False,54
Kings And Queens,Thirty Seconds To Mars,2009,347666,False,23
Hot Right Now (feat. RITA ORA) - Radio Edit,"DJ Fresh, Rita Ora",2012,182333,False,51
Losing My Religion,R.E.M.,2003,269000,False,0
Lose Control,"MEDUZA, Becky Hill, Goodboys",2019,168387,False,69
Hopelessly Devoted To You - From “Grease” Soundtrack,Olivia Newton-John,2005,185026,False,0
I'll Put You Together Again,Hot Chocolate,1978,232920,False,26
Calling All Angels,Train,2003,242200,False,53
Sunflower - Spider-Man: Into the Spider-Verse,"Post Malone, Swae Lee",2019,157560,False,82
Save Tonight,Eagle-Eye Cherry,1998,242733,False,72
Lights On (feat. Ms Dynamite) - Single Mix,"Katy B, Ms. Dynamite",2011,204026,False,49
Same Old Love,Selena Gomez,2015,229013,False,0
Que Sera,Justice Crew,2012,212800,False,46
Knockin' On Heaven's Door,Bob Dylan,1973,149880,False,81
Cindy's Birthday,Johnny Crawford,2006,128453,False,29
Say What You Want,Texas,1997,233866,False,64
Like This (feat. Eve),"Kelly Rowland, Eve",2006,215853,False,35
Miss Independent,Kelly Clarkson,2003,214773,False,40
For Your Entertainment,Adam Lambert,2009,215160,False,48
One Day / Reckoning Song (Wankelmut Remix) - Radio Edit,"Asaf Avidan, The Mojos, Wankelmut",2012,215186,False,67
What If I,Meghan Trainor,2015,198493,False,24
If I Go,Ella Eyre,2015,183266,False,42
Canned Heat,Jamiroquai,1999,331760,False,64
What You Need,INXS,2011,214386,False,0
Black Betty,Ram Jam,1990,237893,False,63
Bad Boys (Theme from COPS),Inner Circle,2010,229374,False,4
Nobody Knows,The Tony Rich Project,1996,306933,False,54
Cold Heart - PNAU Remix,"Elton John, Dua Lipa, PNAU",2021,202735,False,80
Enjoy the Silence - 2006 - Remaster,Depeche Mode,2006,254853,False,0
Fly Away,Lenny Kravitz,1998,221332,False,74
New in Town,Little Boots,2008,199133,False,30
California Blue,Roy Orbison,2016,236040,False,18
Welcome to My Life,Simple Plan,2004,206773,False,69
Return to Sender,Elvis Presley,2002,128306,False,51
Do You Want My Love,CoCo Lee,1999,275360,False,25
Shadow Boxer,The Angels,2014,161837,False,0
Simple Kind Of Life,No Doubt,2000,256933,False,49
Bring It On Home to Me,Sam Cooke,2000,162533,False,61
Rushing Back,"Flume, Vera Blue",2019,231663,False,3
Lift,Shannon Noll,2009,236120,False,23
Please Don't Leave Me,P!nk,2008,231560,False,0
Run This Town,"JAY-Z, Rihanna, Kanye West",2009,267506,False,48
One Word,Baby Animals,2008,235880,False,0
Way Back Home - Original,Bag Raiders,2011,256613,False,46
Pon de Replay,Rihanna,2005,246960,False,0
Same Love (feat. Mary Lambert),"Macklemore & Ryan Lewis, Mary Lambert",2012,320034,False,0
Good Days Bad Days,Kaiser Chiefs,2008,173813,False,0
The Buzz,"Hermitude, Mataya, Young Tapz",2015,222234,False,0
To Be A Lover,Billy Idol,1986,232386,False,45
Kick,INXS,2012,194280,False,0
Breathless,The Corrs,2000,207506,False,68
Scarborough Fair / Canticle,Simon & Garfunkel,1972,190093,False,45
Killing Me Softly With His Song,"Fugees, Ms. Lauryn Hill",1996,298666,True,76
Ocean Avenue,Yellowcard,2003,198266,False,72
Break My Stride,Matthew Wilder,1983,184480,False,70
Take Me To Your Heart - Remastered Version,"Eurythmics, Annie Lennox, Dave Stewart",1981,213373,False,14
It's Time,Imagine Dragons,2012,237986,False,0
34+35,Ariana Grande,2020,173710,False,45
Days Like This,Busby Marou,2021,186755,False,30
Block Rockin' Beats,The Chemical Brothers,2008,294026,False,36
Dressed For Success,Roxette,1988,249840,False,0
"Take a Letter, Maria",R.B. Greaves,1969,164520,False,45
Chateau,Angus & Julia Stone,2017,273533,False,55
Baby I'm-a Want You,Bread,1972,150706,False,67
Diggin' On You,TLC,1994,254560,False,53
Running on Empty,Jackson Browne,1977,298093,False,0
The Brick Track Versus Gitty Up - Rickidy Raw Hide Radio Mix,Salt-N-Pepa,1999,191066,False,38
Where Did Our Love Go,The Supremes,1964,153333,False,65
My Sweet Lord - Remastered 2014,George Harrison,1970,281226,False,5
The Last Time,The Script,2019,196106,False,51
comethru,Jeremy Zucker,2018,181613,False,73
Looking Through Patient Eyes,P.M. Dawn,2018,249666,False,0
I'm On Fire,5000 Volts,2010,154426,False,25
So Good - International Version,Bratz,2005,186453,False,38
Gives You Hell,The All-American Rejects,2008,213106,False,0
Pipeline,The Chantays,2014,142785,False,15
More Than A Woman,Bee Gees,1979,197213,False,75
Crazy What Love Can Do,"David Guetta, Becky Hill, Ella Henderson",2022,169756,False,76
Too Much To Ask,Niall Horan,2017,223043,True,0
Intuition,Jewel,2003,228893,True,0
Cheers (Drink To That),Rihanna,2010,261746,False,50
No One Else Comes Close,Joe,1997,231066,False,56
Too Many Broken Hearts,Jason Donovan,2007,208333,False,10
Burning Down The House,"Tom Jones, The Cardigans",2008,218960,False,0
Candyman,Christina Aguilera,2008,193733,False,0
I'll Be There For You,Bon Jovi,2010,346386,False,0
Dangerous,Roxette,1988,228866,False,13
Faded,Alan Walker,2015,212626,False,69
Make Luv,"Room 5, Oliver Cheatham",2003,212413,False,57
Stressed Out,Twenty One Pilots,2015,202333,False,84
Long Train Runnin',The Doobie Brothers,1973,207266,False,72
You've Really Got A Hold On Me,The Miracles,1963,177706,False,0
Yellow Submarine - Remastered 2009,The Beatles,1966,158880,False,55
That Word (l.o.v.e.),Deni Hines,2002,246080,False,36
I Want You,Toni Pearen,1994,255933,False,13
You're Only Human (Second Wind),Billy Joel,1985,288440,False,0
"Knock Knock, Who's There?",Liv Maessen,1972,154333,False,0
Little Red Corvette - Single Version,Prince,2016,188613,False,40
Love Hurts,Roy Orbison,2008,146146,False,1
Cocoon,Love Ghost,2021,219428,False,8
Psycho Killer - 2005 Remaster,Talking Heads,1977,261413,False,76
Hard to Say I'm Sorry - 2007 Remaster,Chicago,2007,223280,False,56
Starstrukk,"3OH!3, Katy Perry",2010,203093,False,0
Show Me the Way,Brian Cadd,2018,241222,False,0
Roll On,The Living End,2000,188746,False,0
One Last Breath,Creed,2001,238240,False,79
So Macho,Sinitta,2009,205160,False,10
Perfect,Simple Plan,2002,277026,False,0
You've Got The Love,Florence + The Machine,2009,168666,False,75
Praise You - Radio Edit,Fatboy Slim,2006,227973,False,3
Hand in My Pocket - 2015 Remaster,Alanis Morissette,1995,222013,False,68
The Power of Love,Céline Dion,1993,342400,False,71
The Millennium Prayer,Cliff Richard,2003,281320,False,30
Lakini's Juice - New Album Version,Live,2004,287013,False,0
Hole in My Heart,Cyndi Lauper,2014,238293,False,29
In My Blood,The Veronicas,2016,200480,False,43
I Won't Kneel,Groove Armada,2010,275356,False,14
Something's Burning,Kenny Rogers & The First Edition,1996,240200,False,6
Sugar,Maroon 5,2014,235493,True,0
Heart And Soul,T'Pau,2005,256973,False,31
You're Sixteen (You’re Beautiful And You’re Mine),Ringo Starr,1973,169693,False,46
Last Night (feat. Snoop Dogg and Bobby Anthony) - Extended Mix,"Ian Carey, Snoop Dogg, Bobby Anthony",2011,294375,False,24
Tip Of My Tongue,Diesel,1992,254640,False,0
Accidentally In Love,Counting Crows,2003,188386,False,0
To The Moon And Back,Savage Garden,1997,341226,False,0
Kids Again - Radio Edit,Example,2014,192160,False,24
Don't Forget About Us,Mariah Carey,2005,233866,False,0
Ring Ring Ring,De La Soul,1999,247240,False,0
Arcade,Duncan Laurence,2019,183624,False,73
Male Stripper,Man 2 Man,2007,262160,False,36
When You're Looking Like That - Single Remix,Westlife,2000,232826,False,59
Generator,Foo Fighters,1999,227560,False,52
Into You,Ariana Grande,2016,244453,False,20
The Reason,Hoobastank,2004,232800,False,1
Money,"CID, Bahary, The Flying Lizards",2018,157920,False,27
Sunchyme,Dario G,2016,235850,False,58
As I Lay Me Down,Sophie B. Hawkins,1994,248893,False,53
"Baby, I’m Gettin’ Better",Gyroscope,2010,197933,False,0
Now And Then,The Beatles,2023,248333,False,64
Don't Lie,Black Eyed Peas,2005,219000,False,0
Pinball Wizard,The Who,1969,180943,False,0
Que Sera,Justice Crew,2014,210920,False,41
Supermassive Black Hole,Muse,2006,212439,False,77
Paradise,Coldplay,2011,278719,False,82
All Of Us,"PNAU, Ollie Gabriel",2019,182986,False,1
"Yes Sir, I Can Boogie",Baccara,1998,272000,False,42
So You Win Again,Hot Chocolate,1978,271426,False,47
Do You Wanna Touch Me? (Oh Yeah!),Gary Glitter,1973,198520,False,31
Don't Look Down (feat. Usher),"Martin Garrix, USHER",2015,223139,False,61
Poison,Bardot,2000,200200,False,0
Electric Feel,MGMT,2007,229640,False,79
Just Say So,"Brian McFadden, Kevin Rudolf",2010,196866,False,28
I'm Shakin',Jack White,2012,180173,False,49
Star Trekkin' - Original Radio Version,The Firm,1986,215806,False,0
Like The Way I Do,Melissa Etheridge,2005,324760,False,0
Cocoon,Milky Chance,2017,255160,False,0
Instant Replay,Dan Hartman,1994,320333,False,39
Hammerhead,James Reyne,1988,286840,False,37
I Don't Want to Be,Gavin DeGraw,2003,219080,False,56
The Greatest Show,Panic! At The Disco,2017,174306,False,36
Golden,Harry Styles,2019,208906,False,72
2step (feat. Budjerah),"Ed Sheeran, Budjerah",2022,153426,False,34
Imagine - Remastered 2010,John Lennon,1971,187866,False,76
Unpretty - Radio Version,TLC,2007,240133,False,0
Victims of Love,Good Charlotte,2008,225200,False,31
Speed of Sound,Coldplay,2005,287906,False,73
Take My Heart,Birdy,2016,251960,False,25
Single Girl,Sandy Posey,2009,147426,False,23
Good Morning Starshine,Oliver,2001,221133,False,38
Fancy,"Iggy Azalea, Charli xcx",2014,199938,True,40
Scandalous - U.S. Radio Edit,Mis-Teeq,2004,238840,False,58
If I Can't Have You,Shawn Mendes,2019,190800,False,64
Use Somebody,Kings of Leon,2008,230760,False,0
Midnight In Moscow,Kenny Ball,2000,180013,False,0
Magic Man,Heart,1975,328360,False,58
Paint The Town Red,Doja Cat,2023,231750,False,53
Brass in Pocket - 2006 Remaster,Pretenders,1980,185960,False,1
A million little colors,Vader the Villin,2020,151536,False,0
Island In The Sun,Weezer,2001,200306,False,0
Papa Don't Preach,Madonna,2009,269573,False,45
(Can't Live Without Your) Love And Affection - Remastered 2017,Nelson,1990,236435,False,48
Time to Pretend,MGMT,2008,262853,False,21
Pleasure And Pain,Divinyls,1991,232000,False,38
Separate Ways (Worlds Apart),Journey,1983,323706,False,9
Galveston - Remastered 2001,Glen Campbell,1969,161066,False,48
Wrecking Ball,Miley Cyrus,2013,221360,False,78
Lost & Not Found,"Chase & Status, Louis Mattrs",2013,253920,False,44
Midnight (The Hanging Tree),"HOSH, 1979, Jalja",2020,178823,False,51
(Dancin’) On A Saturday Night,Barry Blue,2013,192466,False,36
Let It Go - DJ Boat Remix,"Josefine, DJ Boat",2021,224440,False,23
Creepin' Up Slowly,Taxiride,2002,235653,False,43
C'est La Vie,Robbie Nevil,1986,270306,False,44
"Hold On, I'm Comin'",Sam & Dave,1966,155706,False,69
Livin' It Up,"Ja Rule, Case",2001,257066,False,1
Who The Hell Are You,Madison Avenue,2000,215093,False,0
A Girl Like You,Edwyn Collins,1994,236583,False,1
Can We Pretend (feat. Cash Cash),"P!nk, Cash Cash",2019,224360,False,45
Uptown,The Crystals,2011,141226,False,21
Want to Want Me,Jason Derulo,2015,207719,False,74
Words,Bee Gees,1968,198453,False,60
One Fine Day,The Chiffons,1996,130440,False,25
Boombastic,Shaggy,2002,247173,False,50
Too Much Ain't Enough Love,Jimmy Barnes,1987,284280,False,25
Burn,Tina Arena,2004,264146,False,47
I Do (Cherish You),98º,1998,228066,False,0
I Still Haven't Found What I'm Looking For - Remastered 2007,U2,1987,277480,False,45
When I Die,No Mercy,2007,269826,False,30
Do It Again,"Pia Mia, Chris Brown, Tyga",2015,207746,True,0
Say You Won't Let Go,James Arthur,2016,211240,False,63
Love Me Like You,Little Mix,2015,197786,False,0
Back Home Again,John Denver,1974,285373,False,0
Songbird,Bernard Fanning,2005,156280,False,54
I Love It,Sneaky Sound System,2006,226986,False,38
Lean On Me (feat. Robinson),"Illy, Robinson",2019,227022,False,29
Attention,Charlie Puth,2017,211475,False,0
Blue (Da Ba Dee),Eiffel 65,2009,281746,False,0
Love Somebody,Maroon 5,2012,229813,False,56
Only Human,Jonas Brothers,2019,183000,False,69
Adam's Song,blink-182,1999,249753,False,0
Polygraph Eyes,YUNGBLUD,2018,223043,False,0
Get Up (Rattle) - Radio Edit,"Bingo Players, Far East Movement",2013,166932,False,0
Blowin' in the Wind,Bob Dylan,1963,165426,False,65
"I Don't Want to Miss a Thing - From the Touchstone film, ""Armageddon""",Aerosmith,1998,299760,False,0
Skate,"Bruno Mars, Anderson .Paak, Silk Sonic",2021,203122,False,0
Red Lights,Tiësto,2014,262200,False,63
Good Times,The Easybeats,1968,201466,False,0
Don't Let The Rain Come Down (Crooked Little Man),The Serendipity Singers,2011,164733,False,0
Don't Let Me Down,"The Chainsmokers, Daya",2016,208053,False,42
Lionheart (Fearless),"Joel Corry, Tom Grennan",2022,186689,False,65
Wake Up,The Vamps,2015,193511,False,45
What's My Age Again?,blink-182,1999,148573,False,1
Slipstream,Sherbet,2008,180960,False,0
Life Is A Rollercoaster,Ronan Keating,2000,236826,False,0
Superman (It's Not Easy),Five For Fighting,2000,221693,False,66
Sir Duke,Stevie Wonder,1976,234093,False,0
Copacabana (At the Copa),Barry Manilow,2006,236760,False,65
Wake Me Up,Avicii,2013,247426,False,7
Highway to Hell,AC/DC,1979,208400,False,84
"Over My Head (Cable Car) - Live at Sirius Radio, NYC, NY - May 2006",The Fray,2005,230133,False,43
The Bad Touch,Bloodhound Gang,1999,260506,True,0
Mine,Taylor Swift,2010,230546,False,0
Rio,Michael Nesmith,2017,370493,False,27
Don't Kill the Magic,MAGIC!,2014,217226,False,37
Like It Like That,Guy Sebastian,2009,241973,False,43
Emoji of a Wave,John Mayer,2017,239666,False,51
Eight Days A Week - Remastered 2009,The Beatles,1964,163600,False,61
Haven't Met You Yet,Michael Bublé,2009,244586,False,69
I Still...,Backstreet Boys,2005,228720,False,51
Monster Mash,"Bobby ""Boris"" Pickett, The Crypt-Kickers",2018,191800,False,23
She Drives Me Crazy,Fine Young Cannibals,1988,215773,False,73
Son of a Gun - Remastered for Fitness Beats,JX,2015,193481,False,0
Erotica,Madonna,2009,270173,False,31
Baby,PNAU,2009,165026,False,0
Everybody Loves Somebody,Dean Martin,1964,164546,False,67
Four to the Floor - Thin White Duke Mix; Short Version,Starsailor,2004,280488,False,55
7 rings,Ariana Grande,2019,178626,True,82
Put Your Hand Up - Radio Mix,Random,2005,208920,False,10
2012 (It Ain't The End),"Jay Sean, Nicki Minaj",2010,222200,False,0
Good News,Mac Miller,2020,342040,False,48
Timber,"Pitbull, Kesha",2013,204053,False,53
When You Tell Me That You Love Me (with Diana Ross),"Westlife, Diana Ross",2005,236240,False,55
Don't Waste Your Time,Kelly Clarkson,2007,215293,False,24
Stay With Me,Sam Smith,2014,172723,False,0
Oh L'Amour - 2011 Remaster,Erasure,1986,183920,False,1
Believer,Imagine Dragons,2017,204346,False,2
Black Betty,Ram Jam,1977,238973,False,71
"I Don't Want to Miss a Thing - From ""Armageddon"" Soundtrack",Aerosmith,1998,298760,False,71
Hand on Your Heart,Kylie Minogue,2006,234066,False,14
7 Seconds (feat. Neneh Cherry),"Youssou N'Dour, Neneh Cherry",2004,305773,False,57
Stay,"Eternal, P Jervier, Steve Jervier, Wales",2001,237533,False,15
I Like That,Bazzi,2018,158024,False,0
Calendar Girl - Remastered,Neil Sedaka,2001,156533,False,36
Way Out West,"James Blundell, James Reyne",2001,242666,False,49
Never Be the Same,Jessica Mauboy,2013,232880,False,43
The Reflex - Single Version; 2010 Remaster,Duran Duran,1983,267426,False,57
Baby It's You,JoJo,2004,191693,False,59
Greenfields,The Brothers Four,2014,183293,False,0
Standing On The Outside,Cold Chisel,2011,175574,False,0
She Drives Me Crazy,Fine Young Cannibals,1988,215773,False,0
Wild Love,James Bay,2018,197413,False,0
Good Times,"Jimmy Barnes, INXS",2002,265853,False,0
Space Invaders,Player 1,1980,344221,False,21
Rockin' for Myself,Motiv8,2016,231640,False,0
Take Me,RÜFÜS DU SOL,2013,242000,False,17
Old Man Emu,John Williamson,1990,191000,False,43
Always On Time,"Ja Rule, Ashanti",2001,245133,True,3
Babooshka,Kate Bush,1980,209933,False,59
Wrap Me Up - Original Mix,Alex Party,1995,334577,False,33
Everyday People,Sly & The Family Stone,1999,139506,False,50
Tomorrow,Silverchair,1995,266280,False,62
Cheerleader (Felix Jaehn Remix) - Radio Edit,"OMI, Felix Jaehn",2015,180565,False,80
Hey Boy Hey Girl,The Chemical Brothers,1999,290493,False,62
Easy Love,Sigala,2018,229813,False,64
Greenlight (feat. Flo Rida & LunchMoney Lewis),"Pitbull, Flo Rida, LunchMoney Lewis",2016,244173,False,59
Waterloo,ABBA,1974,168960,False,73
Sunshine,GABRIELLE,2013,251467,False,32
He Don't Love You - Remastered,Human Nature,2001,191760,False,10
Standing In the Way of Control,Gossip,2005,256399,False,0
Chains,Nick Jonas,2014,203106,False,0
Changes,"2Pac, Talent",1998,268773,False,44
I See You Baby (feat. Gramma Funk),"Groove Armada, Gramma Funk",2000,281066,False,32
Nothing Really Matters,Mr. Probz,2014,222041,False,0
Longview,Green Day,1994,233240,True,65
Let It Be Me,The Everly Brothers,2017,154000,False,1
Satisfied,Richard Marx,1989,254466,False,41
Rude,MAGIC!,2013,224773,False,61
Big Plans,Why Don't We,2019,179929,False,0
If I Only Had Time,John Rowles,2006,167426,False,0
Jet Black Heart,5 Seconds of Summer,2015,221715,False,0
Get Used to It,Roger Voudouris,1979,182120,False,40
The Door,Silverchair,2000,215533,False,12
Hey There Delilah - Bonus Track,Plain White T's,2006,233280,False,53
Good Days,SZA,2020,279204,False,53
The One That You Love,Air Supply,1981,259000,False,61
In My Blood,Shawn Mendes,2018,211360,False,0
Endless Love (with Mariah Carey),"Luther Vandross, Mariah Carey",2015,260120,False,26
Express Yourself,Madonna,2009,239093,False,53
Love To Love You Baby,Donna Summer,1975,1008533,False,48
Daylight,Maroon 5,2012,225306,False,0
Gonna Make It,Vydamo,2013,231653,False,11
Red Lights,Tiësto,2014,262200,False,0
Ahead of Myself,Jamie Lawson,2015,223177,False,15
Am I Ever Gonna See Your Face Again,The Angels,1988,249733,False,0
Better Than Love,Hurts,2011,213120,False,36
I Really Don't Want to Know,Elvis Presley,1971,178240,False,28
Ignorance,Paramore,2009,218626,False,60
Work On It,Alicia Keys,2016,214386,False,29
Do I Wanna Know?,Arctic Monkeys,2013,272394,False,0
Mendocino,Sir Douglas Quintet,1990,158266,False,17
Sunday Morning,No Doubt,1995,272173,False,0
Feel Good Inc.,Gorillaz,2005,222640,False,82
Itchycoo Park (2012 Mono Remaster),Small Faces,1967,166680,False,22
Love Takes Time,Mariah Carey,1990,229226,False,57
Sweet Caroline,Neil Diamond,1969,203573,False,0
All Shook Up,Elvis Presley,1958,117080,False,53
Bang My Head (feat. Sia & Fetty Wap),"David Guetta, Fetty Wap, Sia",2015,193333,False,57
You've Not Changed,Sandie Shaw,2019,139733,False,7
Caught Up In You,38 Special,1982,279333,False,62
7 Years,Lukas Graham,2016,237300,False,80
Supalonely,"BENEE, Gus Dapperton",2019,223480,False,40
One Step Closer,Linkin Park,2000,157333,False,84
If I Die Young,The Band Perry,2010,223333,False,0
Running Scared,Roy Orbison,1962,132040,False,44
Baby Baby,Corona,1994,228013,False,57
Black And White,Niall Horan,2020,193089,False,64
Lovin' You,Minnie Riperton,1974,223143,False,59
Saved,Khalid,2017,206533,False,61
Don't Wanna Know,"Maroon 5, Kendrick Lamar",2016,214480,False,0
I Can Dream About You,Dan Hartman,1984,247800,False,0
Spaceman,Babylon Zoo,2008,242493,False,0
New York,Ed Sheeran,2015,235960,False,37
Luck Be A Lady,Frank Sinatra,1965,314133,False,52
Take on Me,a-ha,1985,225280,False,86
It's Gonna Be Me,*NSYNC,2000,191040,False,58
My Little Girl,Ted Mulry Gang,2016,217226,False,24
Goodbye Yellow Brick Road - Remastered 2014,Elton John,1973,192826,False,75
There'll Be Sad Songs (To Make You Cry),Billy Ocean,1986,292680,False,48
Angel,"Shaggy, Rayvon",2000,235133,False,20
Centerfold,The J. Geils Band,2011,218026,False,41
Band of Gold,Freda Payne,2017,174008,False,0
All The Things She Said,t.A.T.u.,2002,214440,True,0
Count On Me,Judah Kelly,2017,178003,False,0
The Final Countdown,Europe,1986,310333,False,75
Don't Expect Me to Be Your Friend,Lobo,1993,217906,False,31
Learn to Fly,Foo Fighters,2009,234800,False,52
All Day and All of the Night,The Kinks,1964,142226,False,0
What To Do,Rotimi,2021,144004,False,25
Espresso,Sabrina Carpenter,2024,175459,True,94
I'm a Man,The Yardbirds,1965,159866,False,31
Budapest,George Ezra,2014,200720,False,1
Heaven,Live,2003,229786,False,44
California Gurls,"Katy Perry, Snoop Dogg",2012,234653,False,73
Breezeblocks,alt-J,2012,227080,False,0
This Town,Niall Horan,2016,232600,False,0
Together We Are Beautiful,Fern Kinney,1979,257213,False,36
"I Don’t Wanna Live Forever (Fifty Shades Darker) - From ""Fifty Shades Darker (Original Motion Picture Soundtrack)""","ZAYN, Taylor Swift",2016,245200,False,0
Womanizer,Britney Spears,2008,224400,False,77
Tipsy - Radio Mix,J-Kwon,2004,243026,False,53
Fantasy,Black Box,1990,312986,False,47
Misery Business,Paramore,2007,211520,False,74
Thank You for the Broken Heart,J Rice,2014,231995,False,45
Do You Wanna Get Funky?,C & C Music Factory,1994,245933,False,28
No One Is To Blame,Howard Jones,1986,258399,False,33
Cold as Ice - 2008 Remaster,Foreigner,2008,200026,False,51
Roses,Outkast,2003,369320,True,0
If You Wanna Be Happy,Jimmy Soul,2014,143229,False,21
"Show Me Heaven - From ""Days Of Thunder""",Maria McKee,2019,224226,False,12
Get Her Back,Robin Thicke,2014,212263,False,0
Stitches,Shawn Mendes,2015,206880,False,33
Only Wanna Be With You,Amy Shark,2022,190651,True,42
Holding Back the Years - 2008 Remaster,Simply Red,1985,269840,False,68
Didn't I,OneRepublic,2020,207616,False,50
Irreplaceable,Beyoncé,2007,227853,False,69
Help,John Farnham,2009,264480,False,39
Women in Uniform - 1994 Remaster,Skyhooks,1978,262560,False,33
Elastic Heart,Sia,2014,257200,False,0
Forget Me,Lewis Capaldi,2022,203472,False,24
I'd Come for You,Nickelback,2008,262626,False,58
Till the World Ends,Britney Spears,2011,237946,False,63
The Love Club,Lorde,2013,201433,False,0
Hangover,"Taio Cruz, Flo Rida",2020,244506,False,8
Embrace - Radio Edit,PNAU,2009,214626,False,19
Happy Together,The Turtles,1967,176293,False,74
Jesus Is a Soul Man,Lawrence Reynolds,1970,172440,False,5
Easy On Me,Adele,2021,224694,False,78
When I Fall in Love,Rick Astley,1987,183026,False,0
Am I That Easy To Forget,Engelbert Humperdinck,2007,185440,False,24
Gonna Miss You,Paul Mac,2001,239866,False,13
Growing Up (feat. Ed Sheeran),"Macklemore & Ryan Lewis, Macklemore, Ryan Lewis, Ed Sheeran",2016,305240,False,53
Baby Love - Juke Box Single Version,The Supremes,1964,156333,False,0
I'm So Excited,The Pointer Sisters,1989,229466,False,61
Magic Number,"The Potbelleez, B.o.B",2013,237303,False,9
There's Nothing I Won't Do,JX,2012,269720,False,0
"I'll Be Missing You (feat. Faith Evans, 112)","Diddy, Faith Evans, 112",2004,301520,False,72
Love Is on the Way,Saigon Kick,1992,264173,False,50
You Need To Calm Down,Taylor Swift,2019,171360,False,77
Always Look On The Bright Side Of Life,Monty Python,1989,215333,True,53
We R Who We R,Kesha,2010,204760,False,0
50 Years,Uncanny X-Men,1985,246160,False,34
Like I Love You,Justin Timberlake,2002,283626,False,61
I Just Called To Say I Love You,Stevie Wonder,1999,262240,False,0
Signs,Five Man Electrical Band,1995,185400,False,28
Around the World,East 17,2006,273733,False,0
Green Light,Lorde,2017,234652,False,0
Wild Side Of Life,Status Quo,1976,198493,False,37
Sugar Baby Love,The Rubettes,1998,208693,False,46
Lucky Me,Bachelor Girl,1998,270226,False,24
Kiss Me,Olly Murs,2015,199706,False,0
Honest,The Chainsmokers,2017,208000,False,51
Magic - Single Version,Kylie Minogue,2020,214013,False,20
I Never Liked You,Rogue Traders,2007,209120,False,16
Always on My Mind,Tiki Taane,2007,176386,False,0
Kings & Queens,Ava Max,2020,162398,False,0
Kiss You,One Direction,2012,182960,False,1
My Band,D12,2004,298773,True,0
Hot In The City,Billy Idol,1982,219133,False,54
You Spin Me Round (Like a Record),Dead Or Alive,1985,196800,False,0
I Miss You,blink-182,2003,227250,False,0
I Finally Found Someone (feat. Bryan Adams),"Barbra Streisand, Bryan Adams",1996,221973,False,60
Close Your Eyes,Michael Bublé,2013,213106,False,52
Rhymes,Rockmelons,2015,283200,False,13
Sly,The Cat Empire,2005,227226,False,1
Treat Her Right,Roy Head And The Traits,2019,125893,False,10
Bittersweet Goodbyes,"Ethan Sak, Liz Becker",2021,287555,False,2
Candy,Iggy Pop,1990,253493,False,56
Your Mama Don't Dance,"Brian Cadd, The Bootleg Family Band",2018,179816,False,0
City Lights,David Essex,1996,340040,False,12
Daffodils (feat. Kevin Parker),"Mark Ronson, Kevin Parker",2015,298133,False,50
You Don't Have To Say You Love Me,Dusty Springfield,2006,168466,False,43
Where Is My Mind?,Pixies,1997,229226,False,72
Beautiful Goodbye,Maroon 5,2012,255386,False,32
Replay,Zendaya,2013,209186,False,0
Don't Bet Money Honey,Linda Scott,1963,150746,False,1
Southern Sky,Shannon Noll,2018,246040,False,24
For The Night (feat. Lil Baby & DaBaby),"Pop Smoke, Lil Baby, DaBaby",2020,190476,True,73
Funhouse,P!nk,2008,204626,True,50
Where The Boys Are,Connie Francis,1987,156906,False,0
Carol,Tommy Roe,2001,157680,False,9
Ebony And Ivory,Paul McCartney,1987,221400,False,0
Billy Don’t Be A Hero,Paper Lace,2008,210120,False,40
Rain,Dragon,1984,218853,False,56
Window Shopper,50 Cent,2017,190293,True,0
Best Day Of My Life - Single Version,American Authors,2014,194240,False,57
Pick up Your Tricks,Amy Meredith,2013,195827,False,7
Precious,Depeche Mode,2005,250160,False,65
Could've Been,"Tiffany, George Tobin, Bill Smith",1987,212693,False,48
When You Believe - from The Prince of Egypt,"Whitney Houston, Mariah Carey",2007,272453,False,25
In Your Eyes (with Doja Cat) - Remix,"The Weeknd, Doja Cat",2020,237911,False,59
One Call Away,Charlie Puth,2015,192075,False,49
MK Ultra,Muse,2009,246093,False,49
Flowers In The Rain,The Move,1968,155200,False,0
Tellin' Everybody,Human Nature,1996,241760,False,21
Save Rock And Roll,"Fall Out Boy, Elton John",2013,281080,True,48
"Sugar, We're Goin Down",Fall Out Boy,2005,229093,False,75
Antmusic - Remastered,Adam & The Ants,2016,216960,False,0
Just My Type,The Vamps,2018,211360,False,40
Runaway Train,Soul Asylum,1993,266666,False,0
I Got You,Disciples,2020,210731,False,40
I'm With You - Single Edit,Vance Joy,2018,221137,False,0
Drums Of Fate,YellaCatt,2021,258786,False,0
Hanging By A Moment,Lifehouse,2001,216066,False,0
Hit That,The Offspring,2003,169413,False,65
Moonlighting,Leo Sayer,1975,253573,False,28
Cum on Feel the Noize,Quiet Riot,1996,287400,False,58
Holy Grail,Hunters & Collectors,1992,227719,False,58
Fernando,ABBA,1976,252960,False,68
Snail,BENEE,2020,180356,False,0
La Bamba,Los Lobos,1987,174186,False,66
Sexual Healing,Max-A-Million,1995,245906,False,32
Love Yourself,Justin Bieber,2015,233746,False,0
Holy Grail,Hunters & Collectors,1992,230066,False,0
Million Dollar Riff - 1994 Remaster,Skyhooks,1976,230466,False,14
F.U.R.B. (F U Right Back),Frankee,2004,201866,True,48
Mama,"Jonas Blue, William Singe",2017,184133,False,0
Waiting Game,Parson James,2016,232400,False,42
Thursday,Jess Glynne,2018,216239,False,55
Can We Dance,The Vamps,2014,192710,False,60
Gold,Spandau Ballet,2014,231480,False,0
Hey Jealousy,Gin Blossoms,1992,236440,False,39
Flashback,Calvin Harris,2009,227880,False,52
Why Does My Heart Feel so Bad?,Moby,1999,263560,False,3
Shoot to Thrill,AC/DC,1980,317426,False,72
Basket Case,Green Day,1994,181533,False,81
Tripping,Robbie Williams,2005,276603,False,56
Turn Up Your Radio,The Master's Apprentices,1988,213000,False,32
New Boy,Samantha Jade,2020,195979,False,21
Sweet Home Alabama,Lynyrd Skynyrd,1974,283800,False,79
You Give Love A Bad Name,Bon Jovi,2010,223146,False,0
PILLOWTALK,ZAYN,2016,202746,True,78
1234,Feist,2007,183666,False,55
Counting Down the Days,Natalie Imbruglia,2005,249253,False,30
Dessert,Dawin,2015,210983,False,0
Town Without Pity,Gene Pitney,2019,174773,False,0
Beautiful (feat. Camila Cabello),"Bazzi, Camila Cabello",2018,180000,False,70
Jellylegs,Children Collide,2010,218250,False,0
The Hardest Thing,98º,1998,274626,False,0
Truly,Lionel Richie,1982,200506,False,0
Funny Face,Donna Fargo,2010,153693,False,0
Bless My Soul,Powderfinger,2004,246320,False,0
True Faith,New Order,1987,355066,False,57
Kiss Somebody,Morgan Evans,2017,212445,False,42
Chain Reaction,Diana Ross,1985,230533,False,54
Pictures,Sneaky Sound System,2006,196946,False,45
Shotgun,George Ezra,2018,201287,False,77
If Everyone Cared,Nickelback,2005,218013,False,52
Going Under,Evanescence,2003,214946,False,0
Moonlight Shadow - Original Mix,Groove Coverage,2006,174773,False,49
Axel F,Crazy Frog,2005,168879,False,0
More Than a Feeling,Boston,1976,285133,False,78
Nights With You,MØ,2017,197494,False,49
Thunderstruck,AC/DC,2010,292413,False,59
Tweedle Dee Tweedle Dum,Middle Of The Road,2002,191133,False,18
Everybody,Justice Crew,2012,232306,False,43
Love Me Again,John Newman,2013,240288,False,0
Because I Love You,Montaigne,2016,217618,False,43
Disease,Matchbox Twenty,2013,219360,False,43
You Shook Me All Night Long,Back In Black,2012,210335,False,28
"Money, Money, Money",ABBA,2008,186786,False,64
I Choose You,Mario,2009,263013,False,56
The Prayer,Anthony Callea,2005,255360,False,29
Only When You Leave,Spandau Ballet,2008,301400,False,0
Don't Call Me Baby,Madison Avenue,1999,228140,False,53
We Are Never Ever Getting Back Together,Taylor Swift,2012,193146,False,0
You Give Me Something,James Morrison,2006,213173,False,58
If I Lose Myself - Alesso vs OneRepublic,"OneRepublic, Alesso",2014,215186,False,68
She's A Rainbow - Full Version / With Intro,The Rolling Stones,1969,251640,False,43
Boom! Shake the Room,DJ Jazzy Jeff & The Fresh Prince,1993,226200,False,49
Girls Can Get It,Dr. Hook,2015,197554,False,16
Beautiful Day,U2,2006,245706,False,0
Live With Friends,Russell Morris,2013,221773,False,8
I Wanna Know,Joe,2008,296800,False,49
One Call Away,Charlie Puth,2016,194453,False,56
Genius,"Sia, Diplo, Labrinth, LSD",2018,213040,False,0
Life,Sherbet,2008,209106,False,0
Maneater,Daryl Hall & John Oates,1982,271893,False,0
People Everyday,Arrested Development,2015,298946,False,0
Sugar,Maroon 5,2014,235493,True,78
Miss Murder,AFI,2006,206586,False,0
Amazed,Lonestar,1999,240866,False,66
The Waiting,Tom Petty and the Heartbreakers,1981,238493,False,56
Little Town Flirt,Del Shannon with Orchestra,2017,167026,False,0
You Won't Find Another Fool Like Me,The New Seekers,1974,192760,False,34
Hold My Girl,George Ezra,2018,211763,False,68
Baby Boy,Big Brovaz,2003,240546,False,33
Absolutely Everybody,Vanessa Amorosi,2004,224600,False,52
Penny Lane - Remastered 2009,The Beatles,1967,180893,False,60
I Was Made For Lovin' You,KISS,2008,270013,False,0
Deal With It (feat. Kelis),"Ashnikko, Kelis",2021,191149,True,42
Mamy Blue,Joel Daydé,1970,220946,False,14
Unorthodox - Radio Edit,"Wretch 32, Example",2011,185341,False,0
Ride Wit Me,"Nelly, City Spud",2009,291933,True,48
Stronger,Kanye West,2007,312026,False,0
Don't It Make My Brown Eyes Blue,Crystal Gayle,2007,157933,False,37
Help,John Farnham,2003,265506,False,22
Blue (Da Ba Dee) - Gabry Ponte Ice Pop Radio,"Eiffel 65, Gabry Ponte",1998,283747,False,56
We're All In This Together,Ben Lee,2005,279186,False,39
Crying Out For Me - Main,Mario,2007,288386,False,0
Gold Digger,"Kanye West, Jamie Foxx",2005,207626,False,51
Hello,"Martin Solveig, Dragonette",2011,281429,False,45
Hypnotized,"Purple Disco Machine, Sophie and the Giants",2020,195657,False,61
Wake Up,Hilary Duff,2008,218640,False,18
Sledgehammer,Peter Gabriel,1986,313533,False,61
Maneater,Nelly Furtado,2006,258893,False,81
I Still Call Australia Home - Single Version,Peter Allen,2006,237453,False,35
Money Honey,Bay City Rollers,2004,195800,False,17
Good Old Days (feat. Kesha),"Macklemore, Kesha",2017,240506,False,68
Let's Twist Again,Chubby Checker,1961,136666,False,0
The Greatest View,Silverchair,2002,242973,False,37
Get Set,Taxiride,1999,193893,False,42
Afraid To Feel,LF SYSTEM,2022,177524,False,78
Breakfast At Tiffany's,Deep Blue Something,1995,257186,False,0
The Big Hurt,Toni Fisher,2006,129105,False,0
Angel in Blue Jeans,Train,2014,204466,False,0
Unchained Melody,The Righteous Brothers,1965,218013,False,76
Something's Gotten Hold of My Heart,"Marc Almond, Gene Pitney",1989,280488,False,48
Another Night On The Road,Sherbet,1978,249973,False,0
Get Down On It,Kool & The Gang,2000,213426,False,0
BREAK MY SOUL,Beyoncé,2022,278281,False,61
Tip Of My Tongue,Diesel,2014,240506,False,0
Heartbeat,"Enrique Iglesias, Nicole Scherzinger",2010,256226,False,0
Sleeping Satellite,Tasmin Archer,1992,281853,False,60
THATS WHAT I WANT,Lil Nas X,2021,143901,True,75
Long Cool Woman (In a Black Dress) - 1999 Remaster,The Hollies,1971,199200,False,28
Don't You Want Me,The Human League,1981,236920,False,77
Even Better Than The Real Thing,U2,1991,221373,False,0
All Seats Taken,Bec Cartwright,2003,212080,False,20
From New York to L.A. - Radio Edit,Patsy Gallant,1976,222306,False,28
Never Miss Your Water,Diesel,1993,236666,False,35
The Bomb! (These Sounds Fall Into My Mind),The Bucketheads,1994,891720,False,0
Forever,Tina Cousins,2000,242080,False,36
Bad Vibes,Matt B,2021,229771,True,0
To Die For,Sam Smith,2020,193795,False,59
Don't Stand So Close To Me,The Police,2002,237261,False,0
Can I Shower At Yours,Amy Shark,2023,114004,True,45
Carry on Wayward Son,Kansas,1976,323000,False,75
Walking the Dog - Mono,Rufus Thomas,1963,158089,False,34
Save The Best For Last,Vanessa Williams,2003,219146,False,0
Toosie Slide,Drake,2020,247058,True,68
Ramblin' Man,Allman Brothers Band,1973,288160,False,0
Tell Him I'm Not Home - 2015 Remaster,Normie Rowe & The Playboys,2015,134440,False,3
Arizona,Mark Lindsay,1970,188133,False,36
Pompeii,Bastille,2013,214147,False,75
This Fire,Franz Ferdinand,2004,254693,False,56
Hair,Little Mix,2015,209280,False,0
48 Crash,Suzi Quatro,1973,233413,False,0
In the Name of Love,"Martin Garrix, Bebe Rexha",2016,195706,False,78
Little Me,Little Mix,2013,235360,False,0
Love The Fall,Michael Paynter,2010,183386,False,0
Keep It Comin' Love,KC & The Sunshine Band,2004,271493,False,48
Jenny from the Block (feat. Jadakiss & Styles P.) - Track Masters Remix,"Jennifer Lopez, Jadakiss, Styles P",2002,187840,False,58
No Rain - Remastered 2002,Blind Melon,2005,217800,False,45
Ironic - 2015 Remaster,Alanis Morissette,1995,230000,False,71
To Whom It Concerns,Chris Andrews,2014,159053,False,18
(Your Love Has Lifted Me) Higher And Higher,Rita Coolidge,1977,241720,False,43
Ain’t No Pleasing You,Chas & Dave,2001,253706,False,29
Giving Up The Gun,Vampire Weekend,2010,286160,False,0
The World I Know,Collective Soul,1995,255466,False,0
White Wedding - Pt. 1,Billy Idol,1982,252200,False,0
He Wasn't Man Enough,Toni Braxton,2000,261933,False,64
Praying,Kesha,2017,230266,False,65
The Middle,"Zedd, Maren Morris, Grey",2018,184732,False,77
4ever,The Veronicas,2005,208973,False,53
It Feels So Good,Sonique,2010,237653,False,0
(The Lament Of The Cherokee) Indian Reservation,Don Fardon,2001,201200,False,18
Get Low (with Liam Payne),"Zedd, Liam Payne",2017,204583,False,0
Heather Honey,Tommy Roe,1999,173733,False,3
Good People,Jack Johnson,2005,208506,False,63
Don't Stand So Close To Me - Remastered 2003,The Police,1980,242666,False,0
Geronimo,The Shadows,2003,139506,False,2
Go Your Own Way - 2004 Remaster,Fleetwood Mac,1977,223613,False,64
Private Idaho,The B-52's,1980,216360,False,53
Stole,Kelly Rowland,2002,249293,False,45
Lullaby,"Sigala, Paloma Faith",2018,204022,False,52
Are You With Me - Radio Edit,Lost Frequencies,2016,138013,False,0
"Bad, Bad Leroy Brown",Jim Croce,1973,182240,False,3
Hot Hot Hot,Arrow,2013,404426,False,0
Around the World,Red Hot Chili Peppers,1999,239213,True,48
Can I Be Him,James Arthur,2016,246880,False,76
Two Friends,Amy Shark,2024,184539,False,17
Turn Up The Love,"Far East Movement, Cover Drive",2012,195960,False,0
Ride,Twenty One Pilots,2015,214506,False,81
Everyday People,Sly & The Family Stone,1969,141506,False,62
Castles in the Air,Don McLean,1981,222786,False,49
Wild Wild West (feat. Dru Hill & Kool Mo Dee) - Album Version With Intro,"Will Smith, Dru Hill, Kool Moe Dee",1999,268453,False,51
Lovin' Each Day,Ronan Keating,2010,211813,False,0
Just Can't Get Enough,Depeche Mode,1981,220893,False,75
Amigos Para Siempre - Friends for Life,"Andrew Lloyd Webber, José Carreras, Sarah Brightman",1992,276133,False,16
Two Tribes,Frankie Goes To Hollywood,1984,208333,False,0
If Not for You,Olivia Newton-John,2018,170472,False,17
Marry Me,Jason Derulo,2013,225026,False,58
Alarm,Anne-Marie,2016,205593,True,51
The Creeps (Radio Edit),"Camille Jones, Fedde Le Grand",2011,150253,False,40
Never Gonna Leave This Bed,Maroon 5,2010,196706,False,47
Guilty Conscience - Radio Version,"Eminem, Dr. Dre",1999,199773,False,36
Help Is On Its Way,Little River Band,2002,236133,False,0
Trust Me,I'm Talking,2018,231008,False,0
Sway Sway Baby!,Short Stack,2008,169093,False,0
I Feel the Earth Move,Martika,1997,254400,False,0
Mama Told Me (Not To Come),Three Dog Night,1993,200533,False,25
Cheap Thrills (feat. Sean Paul),"Sia, Sean Paul",2016,224813,False,64
Stay With Me,Sam Smith,2014,172723,False,82
Evacuate The Dancefloor,Cascada,2009,207200,False,28
Love Is All Around,Ricki-Lee,2007,206066,False,13
The Man Says,Ruby Velle & The Soulphonics,2012,248160,False,0
I Write Sins Not Tragedies,Panic! At The Disco,2005,186634,False,71
No Judgement,Niall Horan,2020,176283,False,46
Back Home,Andy Grammer,2014,199106,False,0
Cecilia,Simon & Garfunkel,1970,174826,False,72
Patches,Dickie Lee,2011,180133,False,0
Roses,"The Chainsmokers, ROZES",2015,226738,False,72
Rag Doll,Frankie Valli & The Four Seasons,1964,180066,False,31
Want U Back,Cher Lloyd,2012,214573,False,60
Be My Baby,The Ronettes,2011,160906,False,69
People Everyday - Metamorphosis Mix,Arrested Development,2003,298773,False,56
Levels - Radio Edit,Avicii,2011,199903,False,3
Shower,Becky G,2014,206166,False,75
Ginger Man,Brian Cadd,2002,252026,False,0
Worst Day of My Life,Amy Shark,2021,181213,False,38
"Beauty and the Beast - from the Soundtrack ""Beauty and the Beast""","Céline Dion, Peabo Bryson",1992,249240,False,64
(I Don't Know Why) But I Do,"Clarence ""Frogman"" Henry",2007,138106,False,0
Laughter In The Rain,Neil Sedaka,2007,170066,False,60
The Reason,Hoobastank,2004,232800,False,25
Venus,Shocking Blue,1969,187533,False,63
Dying For You,End Of Fashion,2008,212426,False,2
"1, 2, 3, 4 (Sumpin' New)",Coolio,1995,214186,False,0
Classic,Adrian Gurvitz,1982,294053,False,33
You Make Me Feel Like Dancing,Leo Sayer,1976,220400,False,50
Figured You Out,Nickelback,2003,228480,False,62
Die Young,Kesha,2012,211920,False,4
Cups (Pitch Perfect’s “When I’m Gone”) - Pop Version,Anna Kendrick,2013,126880,False,62
Flip,Daddy Cool,1971,145880,False,7
I Wanna Dance With Somebody - CHR Mix,These Kids Wear Crowns,2011,176680,False,17
Beat It,Michael Jackson,2008,258040,False,74
A Man Without Love,Engelbert Humperdinck,1968,205640,False,50
Walking On A Dream,Empire Of The Sun,2009,198440,False,53
I Love a Rainy Night,Eddie Rabbitt,1991,191066,False,61
Come Home,Daniel Powter,2010,230200,False,23
"Touch Me (All Night Long) - 7"" Mix",Cathy Dennis,2000,208866,False,27
Learn To Fly,Shannon Noll,2004,252160,False,26
The Air That I Breathe - 2008 Remaster,The Hollies,1974,257106,False,26
Love on Me,"Galantis, Hook N Sling",2016,205920,False,50
Love of the Common People,Paul Young,1991,220733,False,54
We Think It's Love,Leah Haywood,2000,197266,False,2
Hear You Me,Jimmy Eat World,2001,284373,False,0
Never Seen the Rain,Tones And I,2019,200755,False,51
Little Bitty Girl,Bobby Rydell,2015,146946,False,0
My Humps,Black Eyed Peas,2005,326960,False,0
"How Does That Grab You, Darlin'?",Nancy Sinatra,1966,153716,False,36
Pumped Up,Klingande,2017,177073,False,0
Miss You Much,Janet Jackson,1989,252426,False,43
The Tears Of A Clown,Smokey Robinson & The Miracles,1967,181800,False,55
Closer,Ne-Yo,2008,234360,False,69
Mirror Man,The Human League,1983,230373,False,45
Every Time I Close My Eyes (with Kenny G),"Babyface, Kenny G",1996,296266,False,60
Sweet Melody,Little Mix,2020,213693,False,48
Padam Padam,Kylie Minogue,2023,166266,False,5
Brown Eyed Girl,Van Morrison,1967,183306,False,83
Howzat,Sherbet,1976,225560,False,0
(Kissed You) Good Night,Gloriana,2011,232903,False,31
Always Together - Remastered,Al Martino,2018,158046,False,0
FOH,Toni Braxton,2018,167426,True,25
Opposite of Adults,Chiddy Bang,2010,191600,False,23
Confessions Part II,USHER,2004,211200,False,69
One Of The Boys,Katy Perry,2008,247653,False,25
Lie,NF,2017,209213,False,73
Alone with You - 2014 Remaster,Sunnyboys,1988,238960,False,50
And When I Die,"Blood\, Sweat & Tears",1968,244973,False,43
XO,John Mayer,2014,213626,False,66
Take It from Me,Girlfriend,1992,209133,False,19
No Money,Galantis,2016,189126,False,64
Don't Know Why,Norah Jones,2002,186146,False,2
American Pie,Don McLean,1988,515866,False,62
Magazine Madonna,Sherbet,2008,248773,False,0
We Are The People,Empire Of The Sun,2009,267354,False,57
Levitating,Dua Lipa,2020,203807,False,75
All The Things She Said,t.A.T.u.,2013,215773,False,22
Wake Me Up,Jessica Mauboy,2017,222240,False,26
Breathe in Now,George,2002,230106,False,29
Waiting On the World to Change,John Mayer,2006,201173,False,74
Hurts So Good,John Mellencamp,1982,218960,False,0
Better When I'm Dancin',Meghan Trainor,2015,176266,False,72
50 Ways to Leave Your Lover,Paul Simon,1975,217346,False,70
Stay,Lisa Loeb & Nine Stories,1995,183716,False,0
I Love the Way You Love,Marv Johnson,2013,158946,False,0
Don't Fall In Love,The Ferrets,1977,195160,False,34
Words Of Love,The Mamas & The Papas,1966,135893,False,0
"Lose Yourself - From ""8 Mile"" Soundtrack",Eminem,2005,321213,False,56
The Honeymoon Is Over,The Cruel Sea,1993,186600,False,49
It's A Hard Rain Gonna Fall,Leon Russell,1997,311000,False,26
How Bizarre,OMC,1996,224053,False,0
In These Arms,Bon Jovi,1992,319226,False,60
The Reaper,"The Chainsmokers, Amy Shark",2019,182933,False,49
#thatPOWER,"will.i.am, Justin Bieber",2013,279506,False,0
Back for Good - Radio Mix,Take That,2005,241293,False,0
Can You Feel The Love Tonight,Elton John,2002,240800,False,48
Not Enough Indians,Dean Martin,2013,206880,False,11
Hotel,Kita Alexander,2017,227557,False,39
Same Love (feat. Mary Lambert),"Macklemore & Ryan Lewis, Macklemore, Ryan Lewis, Mary Lambert",2012,318525,False,58
Lady In Blue,Joe Dolan,1993,180773,False,0
I'd Lie For You (And That's The Truth),Meat Loaf,1995,401008,False,47
Boy Oh Boy,Racey,2003,173560,False,19
Thorn in My Side - Remastered,"Eurythmics, Annie Lennox, Dave Stewart",1986,253400,False,54
Little Boy Sad,M.P.D. Limited,2018,146240,False,0
Turning Japanese - Non Stop Edit,The Vapors,1980,224106,False,49
Alone (Feat. Big Sean & Stefflon Don),"Halsey, Big Sean, Stefflon Don",2018,207457,False,47
I Want to Wake Up With You,"Boris Gardiner, Rudy Thomas, Steven Stanley, Willie Lindo",1986,241760,False,0
America,Rogue Traders,2003,274600,False,3
Filthy,Justin Timberlake,2018,293946,False,48
Love Me Tonight,Tom Jones,1987,195266,False,0
Closer,"The Chainsmokers, Halsey",2016,244960,False,83
Magic,Pilot,1974,186333,False,60
Soul Limbo,Booker T. & the M.G.'s,1968,142106,False,39
Supreme,Robbie Williams,2000,258399,False,58
July,Noah Cyrus,2020,156106,False,82
To Her Door,Paul Kelly,2010,197066,False,0
Love Child,Diana Ross & The Supremes,1997,181573,False,45
"Night Fever - From ""Saturday Night Fever"" Soundtrack",Bee Gees,1990,209506,False,52
Standing,Kayls,2021,327877,True,0
Just Another Day,Jon Secada,1992,327426,False,65
Anna Sun,WALK THE MOON,2012,321293,False,36
1999,Prince,1982,379266,False,56
Rain On Me (with Ariana Grande),"Lady Gaga, Ariana Grande",2020,182200,False,71
Bad Medicine,Bon Jovi,1988,316706,False,0
Let It Be Me,Johnny Young & Kompany,1966,160358,False,0
And The Boys,Angus & Julia Stone,2010,249893,False,38
Say It Isn't So,Bon Jovi,2000,213333,False,0
I Hear You Knocking,Dave Edmunds,2005,167786,False,31
Manic Monday,The Bangles,1986,186333,False,52
Sharp Dressed Man - 2008 Remaster,ZZ Top,1983,258026,False,20
New Thang,Redfoo,2015,226800,False,57
Shine,Olly Alexander (Years & Years),2015,255506,False,0
Stop Your Fussin',Toni Childs,1988,280706,False,41
Here Without You,"3 Doors Down, Jack Joseph Puig",2012,235640,False,51
Help I'm Alive,Metric,2009,285920,False,0
Love Is Like Oxygen,Sweet,2014,256920,False,0
Bright Lights Bigger City,CeeLo Green,2010,218280,False,48
Natural,Imagine Dragons,2018,189466,False,80
Please Don't Go,Joel Adams,2015,210580,False,65
My Happiness,Powderfinger,2000,276706,False,0
Breakin' In A Brand New Broken Heart,Connie Francis,1987,156893,False,0
That's All You Gotta Do,Brenda Lee,2015,145480,False,14
Nothing's Gonna Stop Us Now,Starship,1987,270333,False,78
And We Danced,The Hooters,1985,227760,False,54
How To Make Gravy,Paul Kelly,2010,267306,False,0
Anaconda,Nicki Minaj,2014,260239,True,65
Nothing Else Matters,Metallica,1991,388733,False,1
WAP (feat. Megan Thee Stallion),"Cardi B, Megan Thee Stallion",2020,187541,False,44
Tell Her About It,Billy Joel,2001,229133,False,32
I've Been Everywhere,Hank Snow,1997,165693,False,25
No Sense - 2011 Remastered,Cold Chisel,2013,177285,False,0
And She Was - 2005 Remaster,Talking Heads,2011,219413,False,22
Fly Away,Tones And I,2020,178156,False,46
When I Need You,Leo Sayer,1976,253533,False,46
Symphony (feat. Zara Larsson),"Clean Bandit, Zara Larsson",2017,212459,False,76
Black Hole,Griff,2021,200523,False,50
Death,White Lies,2009,301213,False,0
Portsmouth,Mike Oldfield,1975,121226,False,36
S.O.B.,Nathaniel Rateliff & The Night Sweats,2015,247613,True,64
One Way Road,John Butler Trio,2010,185933,False,32
Always Where I Need To Be,The Kooks,2008,161720,False,24
Barbados,Models,2010,255506,False,18
Kids,MGMT,2007,302840,False,77
Dance Wiv Me,Dizzee Rascal,2009,204093,True,0
Santa Monica,Everclear,1995,191506,False,67
"Wand'rin' Star (From the ""Amazon Prime - Dog With A Bad Leg"" TV Advert) - Remastered",Lee Marvin,2015,264866,False,0
Love Don't Cost a Thing,Jennifer Lopez,2001,221466,False,0
Love Today,MIKA,2007,235173,False,0
"Signed, Sealed, Delivered (I'm Yours)",Stevie Wonder,1970,161160,False,0
Rumour Has It,Adele,2011,221426,False,0
Summer Nights - From “Grease” Soundtrack,"John Travolta, Olivia Newton-John",1998,216906,False,0
You Ain't Seen Nothing Yet,Bachman-Turner Overdrive,2005,234053,False,0
Money For Nothing,Dire Straits,1985,510933,False,2
Lemon Tree,Fools Garden,1995,191026,False,0
High Hopes,Panic! At The Disco,2018,192133,False,42
Running Up That Hill (A Deal With God),Kate Bush,1985,298933,False,8
Congratulations,"Post Malone, Quavo",2016,220293,True,79
Sally Go Round The Roses,The Jaynetts,2011,195400,False,28
Born in the U.S.A.,Bruce Springsteen,1984,278680,False,74
Oh My,Gin Wigmore,2009,255973,False,17
Green Green Grass,George Ezra,2022,167613,False,1
Dangerous,Roxette,1988,228866,False,0
In Your Eyes,The Weeknd,2020,237520,True,75
Let the Franklin Flow,Shane Howard,2012,202493,False,13
With A Little Help From My Friends,Joe Cocker,1999,312200,False,0
2 Times - Original,Ann Lee,1999,230933,False,0
Better Off Alone,Alice Deejay,2000,214883,False,4
Vasoline,Stone Temple Pilots,1994,174760,False,0
A Horse with No Name,"America, George Martin",1972,252239,False,78
Sign Your Name,Sananda Maitreya,2006,276426,False,0
Union of the Snake,Duran Duran,1998,264133,False,34
Waterloo Sunset,The Kinks,1967,194216,False,2
Objection (Tango),Shakira,2001,222533,False,51
Let Them Know,Mabel,2021,148733,False,27
Because I Love You,The Master's Apprentices,1974,273213,False,37
Peaches (feat. Daniel Caesar & Giveon),"Justin Bieber, Daniel Caesar, Giveon",2021,198081,False,50
I Don't Wanna Play House,Barbara Ray,2000,156493,False,0
Someday,Tony Barber,2014,132066,False,3
Hold On,Wilson Phillips,1990,266866,False,66
Message In A Bottle - Remastered 2003,The Police,1979,290280,False,3
I'm In You,Peter Frampton,1977,250000,False,44
Shout Out to My Ex,Little Mix,2016,246240,False,0
"i hate u, i love u (feat. olivia o'brien)","gnash, Olivia O'Brien",2016,251033,True,74
Homecoming,"Kanye West, Chris Martin",2007,204026,False,0
As Long as You Love Me,Backstreet Boys,1997,221106,False,0
Every Breath You Take,The Police,2002,251346,False,0
Chemicals,Peking Duk,2021,192160,False,41
Dreams,The Cranberries,1993,271560,False,79
Shape Of My Heart,Sting,1993,279226,False,0
What You Know,Two Door Cinema Club,2010,189693,False,20
The Greatest,Sia,2016,210920,False,0
Berzerk,Eminem,2013,238746,True,0
U Can't Touch This,MC Hammer,1990,257359,False,71
All 4 Love,Color Me Badd,1991,211493,False,53
Today,The Smashing Pumpkins,2001,202133,False,65
House Of Cards,James Reyne,1989,257733,False,23
International Love (feat. Chris Brown),"Pitbull, Chris Brown",2011,227280,False,76
Bonkers - Radio Edit,"Dizzee Rascal, Armand Van Helden",2013,177520,False,42
Into My Arms,Nick Cave & The Bad Seeds,1997,256120,False,0
Yesterdays Hero,John Paul Young,2009,225880,False,0
Sky Pilot,Eric Burdon & the Animals,1968,443826,False,36
(Sittin' On) the Dock of the Bay,Otis Redding,1968,163755,False,79
Innocent - Remastered,Small Mercies,2008,261453,False,6
Cheap Wine - 2011 Remastered,Cold Chisel,1980,205131,False,55
Stay,"Rihanna, Mikky Ekko",2012,240706,False,74
White Flag,Dido,2003,240040,False,54
It Takes Two,"Marvin Gaye, Kim Weston",1966,177666,False,0
Jolene,Olivia Newton-John,1976,183560,False,0
This Ain't Love,Jessica Mauboy,2015,206981,False,28
Daisy a Day,Jud Strunk,2019,169333,False,0
Separate Ways,Elvis Presley,1973,156440,False,41
New Beginning,Shannon Noll,2004,240666,False,20
Lose Somebody,"Kygo, OneRepublic",2020,199549,False,59
Looks Like Sex,Mike Posner,2011,204786,False,35
Macarena - Radio Mix,"Los Del Mar, Wil Veloz",1995,230173,False,23
If Ya Gettin' Down,Five,2003,179933,False,27
Die Another Day,Madonna,2009,276986,False,38
Rock Your Body,Justin Timberlake,2002,267266,False,79
Baby I'm A Queen,Sofi Tukker,2018,208520,False,28
Escapism.,"RAYE, 070 Shake",2022,272373,True,71
Everybody On The Floor (Pump It) - Radio Edit,Tokyo Ghetto Pussy,1997,217333,False,0
If You Love Me (Let Me Know),Olivia Newton-John,2018,191302,False,26
You'll Never Walk Alone - Stereo; 1997 Remaster,Gerry & The Pacemakers,1963,164173,False,49
Together Again,Janet Jackson,1997,248666,False,48
Strip That Down,"Liam Payne, Quavo",2017,204502,False,0
Only Happy When It Rains,Garbage,1995,236533,False,0
"The Goonies 'R' Good Enough - From ""The Goonies"" Soundtrack",Cyndi Lauper,1985,218440,False,51
Ain't Nobody (Loves Me Better) (feat. Jasmine Thompson),"Felix Jaehn, Jasmine Thompson",2018,186146,False,73
Easy,Faith No More,2003,189000,False,38
Chasing Cars,Snow Patrol,2009,265666,False,0
Dub Be Good To Me,Beats International,1990,217426,False,47
South Street,The Orlons,2006,134227,False,0
Easy,Faith No More,1992,186960,False,51
Staring At The Sun,The Offspring,1998,133586,False,62
Goodnight Tonight,Wings,2001,260800,False,0
She's No You,Jesse McCartney,2004,213960,False,0
What's Your Name,Don & Juan,2009,135426,False,33
Wild Weekend,The Rebels,2014,133564,False,1
Children,Robert Miles,1996,243266,False,69
Harlem,New Politics,2013,163626,False,53
Kiss from a Rose,Seal,1994,288426,False,71
Price Of Fame,"360, Gossling",2014,216662,False,45
Panama,Van Halen,1984,212640,False,0
I'm the Urban Spaceman - 2007 Remaster,The Bonzo Dog Band,1969,146133,False,33
Slow Grenade,"Ellie Goulding, Lauv",2020,217493,False,49
Tearin' up My Heart - Radio Edit,*NSYNC,1997,209400,False,67
Dive,Ed Sheeran,2017,238440,False,71
I Saw Her Standing There - Remastered 2009,The Beatles,1963,173946,False,66
Sexy Bitch (feat. Akon),"David Guetta, Akon",2010,195853,True,0
Mrs. Robinson,The Lemonheads,1992,224480,False,0
Mashed Potato Time,Dee Dee Sharp,1962,151093,False,0
Lucy In The Sky With Diamonds,Elton John,1975,378773,False,0
Ain't My Fault,Zara Larsson,2016,224030,False,0
Don't Say Goodbye,Human Nature,1996,262400,False,17
Water And A Flame (feat. Adele),"Daniel Merriweather, Adele",2009,219186,False,53
Get Together,The Youngbloods,1967,279280,False,53
Is This Love?,Alison Moyet,1987,240800,False,11
In the Summertime - Single Version,Thirsty Merc,2005,228560,False,49
Baby Don't Hurt Me,"David Guetta, Anne-Marie, Coi Leray",2023,140017,False,83
How Sweet It Is,Michael Paynter,2014,207746,False,3
Rockin' the Suburbs,Ben Folds,2001,298533,True,44
Welcome to the Black Parade,My Chemical Romance,2006,311106,False,76
I Don't Know Anybody Else,Black Box,1990,273058,False,41
The Crunch,The Rah Band,1978,222680,False,26
Mother,Meghan Trainor,2023,147481,False,44
I'm Your Angel (with Céline Dion),"R. Kelly, Céline Dion",2014,289373,False,30
True Colors,Phil Collins,1998,273933,False,0
King,Olly Alexander (Years & Years),2015,213423,False,0
Summer Rain,Belinda Carlisle,1987,328813,False,45
Thunder in My Heart,Leo Sayer,1977,217720,False,28
Don't Stop,ATB,1999,221160,False,54
One Day In Your Life - U.S. Album Version,Anastacia,2001,229026,False,30
Funky Town,Pseudo Echo,2008,294786,False,39
Die Young,Sheppard,2019,235500,False,20
For What It's Worth,Buffalo Springfield,1966,153693,False,78
Let's Get It Started - Spike Mix,Black Eyed Peas,2004,217733,False,43
Delilah,Tom Jones,1968,204160,False,61
Fancy,"Iggy Azalea, Charli xcx",2014,199938,True,67
If You Had My Love,Jennifer Lopez,1999,266000,False,62
"Forgiven, Not Forgotten",The Corrs,1995,255573,False,41
What You Get Is What You See,Tina Turner,1986,271533,False,50
Wish You Were Here,Delta Goodrem,2012,276853,False,29
I Wanna Be A Hippy,Technohead,2010,196231,False,10
Thank You,MKTO,2014,229880,False,0
Try Again,Aaliyah,2007,284360,False,0
Don't Leave Me This Way (with Sarah Jane Morris),"The Communards, Sarah Jane Morris",1997,260946,False,0
Whatever We Want,Havana Brown,2014,207180,False,0
I Can Hear Music,The Beach Boys,1969,157293,False,50
What's Left Of Me,Nick Lachey,2006,244666,False,45
Kiss My Fat Ass,Sheppard,2019,175950,False,18
50 Ways to Say Goodbye,Train,2012,247946,False,67
Hurt,Christina Aguilera,2008,243626,False,0
With Or Without You,U2,1987,296160,False,0
Rave On,"Buddy Holly, The Crickets",1958,109960,False,52
Love Is A War,Rogue Traders,2003,213160,False,5
You Get What You Give,New Radicals,1998,300773,False,74
Not Over You,Gavin DeGraw,2011,218520,False,61
Fall For You,Secondhand Serenade,2008,183600,False,0
Flame Trees - 2011 Remastered,Cold Chisel,2011,264373,False,30
Let's Dance - 2019 Remaster,Chris Rea,1987,247333,False,21
Kiss You All Over,No Mercy,1996,274400,False,32
You Make Me Feel (Mighty Real),Sylvester,1978,395573,False,0
Faded,Kate DeAraugo,2005,210746,False,23
Suga Suga,"Baby Bash, Frankie J",2003,239026,False,0
When Something Is Wrong With My Baby,Jimmy Barnes,1991,295933,False,0
Can't Believe It (feat. Pitbull),"Flo Rida, Pitbull",2013,223203,False,53
Jump (feat. Nelly Furtado),"Flo Rida, Nelly Furtado",2009,208920,False,29
Bad To The Bone,George Thorogood & The Destroyers,1982,292173,False,67
Dynamite,BTS,2020,199053,False,0
Teardrops,Womack & Womack,2001,228573,False,56
"Blaze Of Glory - From ""Young Guns II"" Soundtrack",Jon Bon Jovi,1990,335240,False,61
Twisting By The Pool,Dire Straits,1998,211733,False,0
Down,Marian Hill,2016,197773,False,0
Learning To Fly - 2011 Remastered Version,Pink Floyd,1987,290120,False,0
La La La,"Naughty Boy, Sam Smith",2013,222200,False,0
I Won't Give Up,Jason Mraz,2012,240165,False,67
ME! (feat. Brendon Urie of Panic! At The Disco),"Taylor Swift, Brendon Urie",2019,193040,False,0
Better Be Home Soon,Crowded House,1988,187666,False,56
We Can Work It Out - Remastered 2009,The Beatles,1973,136120,False,57
Please Don't Leave Me,P!nk,2008,231560,False,56
Can You Forgive Her? - 2001 Remastered Version,Pet Shop Boys,1993,234266,False,0
OMG,"USHER, will.i.am",2010,269493,False,2
Up Where We Belong,"Joe Cocker, Jennifer Warnes",1995,232160,False,0
The Safety Dance,Men Without Hats,2010,164866,False,56
Chained To You,Savage Garden,2000,248986,False,0
The Others (Radio Edit),"TV Rock, Dukes of Windsor",2011,202580,False,0
Beautiful Sunday,Daniel Boone,2013,182133,False,51
Fall At Your Feet,Crowded House,2003,198800,False,0
Dancing in the Moonlight,King Harvest,1973,181133,False,72
One Summer,Daryl Braithwaite,1988,222866,False,49
I Love This Life,Kim Cesarion,2014,229920,False,31
Dedication To My Ex (Miss That),"Lloyd, André 3000, Lil Wayne",2011,236146,True,0
The Tide Is High,Blondie,1999,232733,False,59
Open Your Mind,U.S.U.R.A.,1993,316989,False,0
Shake You Down,Gregory Abbott,1987,244373,False,0
Next To You (feat. Justin Bieber),"Chris Brown, Justin Bieber",2011,265813,False,0
Some People,Cliff Richard,1987,231560,False,42
Skin,Rag'n'Bone Man,2017,239626,False,66
Clap Your Hands,Sia,2010,238436,False,0
We Can Get Together,Flowers,2011,226053,False,0
Live Louder,Nathaniel,2014,189133,False,26
Break Free,"Ariana Grande, Zedd",2014,214840,False,1
Wolverton Mountain,Claude King,2013,178677,False,2
Train Wreck,James Arthur,2016,208826,False,48
Got 'Til It's Gone,"Janet Jackson, Q-Tip, Joni Mitchell",1997,241760,True,0
I Get a Little Sentimental over You,The New Seekers,1974,178106,False,27
B.O.T.A. (Baddest Of Them All) - Edit,"Eliza Rose, Interplanetary Criminal",2022,226626,False,73
Show Me the Night,Jump Jump Dance Dance,2010,214634,False,0
Mask Off,Future,2017,204600,True,81
SNAP,Rosa Linn,2022,179551,False,0
Hey Brother,Avicii,2013,255093,False,5
I Know You Want Me (Calle Ocho),Pitbull,2009,237120,False,57
Opposite of Adults,Chiddy Bang,2010,191600,False,51
If You Love Someone,The Veronicas,2014,180066,False,43
Jungle Boogie,Kool & The Gang,1973,186533,False,60
Don't Go,Pseudo Echo,1985,237686,False,27
Listen To Your Heart,Roxette,1988,328093,False,0
Mr. Tambourine Man,The Byrds,1965,149466,False,60
Who's That Chick? (feat. Rihanna),"David Guetta, Rihanna",2010,201040,False,58
Cold Hard Bitch,Jet,2003,243200,False,0
Changed the Way You Kiss Me - Radio Edit,Example,2019,192720,False,36
You,Wesley Dean,2009,198520,False,21
Being With You - Single Version,Smokey Robinson,2008,241946,False,0
Life Goes On (feat. Luke Combs),"Ed Sheeran, Luke Combs",2023,210208,False,66
Stolen Dance,Milky Chance,2014,313684,False,0
Dumb Things,Paul Kelly,2010,150333,False,0
Here I Go Again - Radio Mix,Whitesnake,2017,232133,False,0
She Is Love,Parachute,2009,146066,False,50
Ho Hey,The Lumineers,2012,163133,False,0
Could It Be Forever - remastered,David Cassidy,1974,138440,False,19
Rude Boy,Rihanna,2009,222920,True,77
The Mack,"Nevada, Mark Morrison, Fetty Wap",2016,167038,False,0
If I Had No Loot,Tony! Toni! Toné!,2014,241067,False,8
Ashes,Stellar,2020,166355,True,70
The Winner Takes It All,ABBA,1980,294720,False,73
Walk This Way,Aerosmith,1975,220400,False,22
Forever Young - Radio Version,Interactive,1994,224666,False,41
Wham Rap! (Enjoy What You Do?),Wham!,1982,214106,False,32
Is There Something I Should Know?,Duran Duran,1998,249666,False,43
Steal My Kisses,Ben Harper And The Innocent Criminals,1999,245360,False,52
Twin Flames,Klaxons,2010,251619,False,0
Fire,The Pointer Sisters,1978,210640,False,52
Circles,Post Malone,2019,215280,False,84
Rebel Yell - Remastered 1999,Billy Idol,2001,286840,False,57
I Guess That's Why They Call It The Blues,Elton John,1983,285333,False,0
Cemetery,Silverchair,1997,241160,False,39
Day After Day - Remastered 2010,Badfinger,1971,191053,False,52
Hooked,Why Don't We,2018,203911,False,0
Take Me on the Floor,The Veronicas,2007,210480,False,42
Drive,The Cars,1984,234493,False,64
"Let It Go - From ""Frozen""/Soundtrack Version",Idina Menzel,2013,223840,False,74
When A Man Loves A Woman - Live,Jimmy Barnes,1988,279253,False,0
Fantasy,Mariah Carey,1995,243493,False,74
Fire,Peking Duk,2018,226350,False,50
deja vu,Olivia Rodrigo,2021,215507,True,11
Ex's & Oh's,Elle King,2015,202173,False,69
The Best Disco In Town,The Ritchie Family,1976,401026,False,37
Act Your Age,Bliss n Eso,2013,159426,True,47
Shut Down (Mono),The Beach Boys,1963,112000,False,18
Gimme Some Lovin' - Single Mix,The Spencer Davis Group,1966,178840,False,55
Kiss on My List,Daryl Hall & John Oates,1980,264986,False,61
dramatic,Cat & Calmell,2021,150200,False,45
Bad Moon Rising,Creedence Clearwater Revival,1969,141600,False,0
One Night In Bangkok - Radio Edit / From “Chess” / Remastered 2016,Murray Head,2016,193440,False,59
Don't Stop - 2004 Remaster,Fleetwood Mac,1977,193346,False,73
Te Amo,Rihanna,2009,208426,False,30
This Craziness Inside of Me,Steady Rollin,2021,263754,False,1
Day & Night,Billie Piper,2005,197813,False,29
Little L,Jamiroquai,2001,295400,False,0
Replay,Iyaz,2009,182306,False,71
Smack That,"Akon, Eminem",2006,212360,True,2
Dreamin',Johnny Burnette,1999,140160,False,12
Light Years Away,"Tiësto, DBX",2014,223147,False,0
She Is Love,Parachute,2009,146066,False,0
We Are The Champions - Remastered 2011,Queen,1977,179200,False,62
You'll Always Find Me In The Kitchen At Parties,Jona Lewie,1978,186626,False,0
The Fly,Chubby Checker,1961,148893,False,0
SHC,Foster The People,2017,248106,False,45
Fade Into Darkness - Vocal Radio Mix,Avicii,2011,198133,False,56
It's All Right,The Impressions,1963,173360,False,0
The Middle,"Zedd, Maren Morris, Grey",2018,184732,False,0
Happy Go Lucky Me,Paul Evans,2006,114139,False,0
hot girl bummer,blackbear,2020,188343,True,1
This City,Sam Fischer,2019,194853,False,66
Frozen,"PON CHO, Paige IV",2016,209462,False,0
Crazy,Seal,2009,356520,False,49
Anywhere,Rita Ora,2017,215064,False,58
Choose You,Stan Walker,2010,217306,False,34
Changa,PNAU,2017,205022,False,0
Holiday (feat. Phiness),"Naughty By Nature, Phiness",1999,246706,True,44
Celestial,Ed Sheeran,2022,209026,False,67
Hometown,Sheppard,2018,187200,False,33
pov,Ariana Grande,2020,201882,False,71
Are You Gonna Go My Way,Lenny Kravitz,1993,211933,False,72
Clumsy,Fergie,2006,240426,False,0
The Right Kind of Love,Jeremy Jordan,1993,273933,False,32
Inhale,"Duke Dumont, Ebenezer",2018,190730,False,0
Minnie the Moocher,The Cherokees,2018,146933,False,0
All For You,Janet Jackson,2001,330026,False,45
"Flashlight - From ""Pitch Perfect 2"" Soundtrack",Jessie J,2015,208666,False,0
Higher Love,"Kygo, Whitney Houston",2019,228267,False,70
Love Rears Its Ugly Head,Living Colour,1990,259466,False,45
I've Got To Go Now,Toni Childs,1996,386906,False,0
Uncle Albert / Admiral Halsey - Medley / 2012 Remaster,"Paul McCartney, Linda McCartney",1971,295146,False,58
Perfect Duet (Ed Sheeran & Beyoncé),"Ed Sheeran, Beyoncé",2017,259550,False,67
Home,Phillip Phillips,2013,210173,False,1
Lover (Remix) [feat. Shawn Mendes],"Taylor Swift, Shawn Mendes",2019,221306,False,65
Walk On the Wild Side,Lou Reed,1972,254173,False,75
19 You + Me,Dan + Shay,2013,217406,False,33
My Love,Petula Clark,1996,164981,False,0
God is a woman,Ariana Grande,2018,197546,True,74
Rockin' Robin,Bobby Day,1958,160080,False,55
Now I Can Dance - Single Edit,Tina Arena,2004,246720,False,28
"Baby, I’m Gettin’ Better",Gyroscope,2010,197933,False,43
God-Shaped Hole,Plumb,2001,231333,False,24
Brain Stew,Green Day,1995,193000,True,76
Matter Of Time,Sherbet,2008,179213,False,0
Please Don't Let Me Go,Olly Murs,2010,204320,False,44
Spirit in the Sky,Norman Greenbaum,1996,239600,False,1
Push It,Salt-N-Pepa,1986,272133,False,0
Own It (feat. Ed Sheeran & Burna Boy),"Stormzy, Burna Boy, Ed Sheeran",2019,216706,False,0
Blah Blah Blah (feat. 3OH!3),"Kesha, 3OH!3",2010,172053,False,0
Follow The Sun,Evermore,2012,253536,False,0
All Around The World,"Justin Bieber, Ludacris",2012,244546,False,0
"You're The One That I Want - From ""Grease"" Original Motion Picture Soundtrack","John Travolta, Olivia Newton-John",2003,168466,False,0
School Is Out,Gary U.S. Bonds,2015,149400,False,0
Freaks - Radio Edit,"Timmy Trumpet, Savage",2014,168750,False,0
Holler,Spice Girls,2000,238400,False,26
Sun,Two Door Cinema Club,2012,187720,False,0
She's Like The Wind - Remastered 2003,Patrick Swayze Featuring Wendy Fraser,2003,231853,False,0
Baby Did A Bad Bad Thing,Chris Isaak,2012,176000,False,0
Wonder,Shawn Mendes,2020,172692,False,64
Easier,5 Seconds of Summer,2019,157492,False,0
3AM,Matchbox Twenty,1996,225946,False,72
Fire And Rain,Marcia Hines,2007,284253,False,2
Sign of the Times,Harry Styles,2017,340706,False,80
1-800-273-8255,"Logic, Alessia Cara, Khalid",2017,250173,False,41
Take My Hand (The Wedding Song) [feat. Will Anderson],"Emily Hackett, Will Anderson",2014,238421,False,45
One Way or Another (Teenage Kicks),One Direction,2013,157293,False,61
(Can't Get My) Head Around You,The Offspring,2003,134760,False,60
The Horses,Daryl Braithwaite,1990,256105,False,57
All About That Bass,Meghan Trainor,2015,187920,True,72
I'm All Yours,"Jay Sean, Pitbull",2012,218573,False,42
L.I.F.E.G.O.E.S.O.N.,Noah And The Whale,2011,226946,False,44
You Talk Too Much,Joe Jones,2010,152706,False,9
Goldfinger - Main Title,Shirley Bassey,1964,168093,False,0
Girls Like You (feat. Cardi B),"Maroon 5, Cardi B",2018,235545,False,34
Day 'N' Nite - Crookers Remix,"Kid Cudi, Crookers",2009,281746,True,63
Distant Sun,Crowded House,2010,230993,False,29
I Like It Like That,Chris Kenner,1987,117600,False,27
Aerial Love,Daniel Johns,2015,214947,False,19
Most Girls,P!nk,2000,298960,False,49
Fergalicious,"Fergie, will.i.am",2006,292373,True,57
Mambo Italiano - Radio Edit,Shaft,2000,171226,False,25
Nine in the Afternoon - Single Mix,Panic! At The Disco,2008,191560,False,59
Saltwater,Julian Lennon,1991,247093,False,39
I Write Sins Not Tragedies,Panic! At The Disco,2005,185586,False,68
Always Something There To Remind Me,Naked Eyes,2010,223266,False,0
Leave Me Alone (Ruby Red Dress),Helen Reddy,1973,207826,False,25
Bang a Gong (Get It On) - 2003 Remaster,T. Rex,1971,267000,False,62
You Were Meant For Me - Album Edit,Jewel,2020,228533,False,37
Dog Days Are Over,Florence + The Machine,2010,252818,False,0
Whatever It Takes,Imagine Dragons,2017,201240,False,0
Love Me Warm And Tender,Paul Anka,2000,139333,False,30
To Sir With Love,Lulu,1967,165800,False,48
Imma Be,Black Eyed Peas,2009,257560,False,0
The Warrior (feat. Patty Smyth),"Scandal, Patty Smyth",1984,240826,False,52
I'll Meet You Halfway,The Partridge Family,2005,232160,False,17
You're My Best Friend - Remastered 2011,Queen,1975,170800,False,63
No More Tears (Enough Is Enough),"Donna Summer, Barbra Streisand",2018,288426,False,38
"Hopelessly Devoted To You - From ""Grease"" Original Motion Picture Soundtrack",Olivia Newton-John,1998,185360,False,0
Diamonds,Rihanna,2012,225146,False,74
Come and Get Your Love - Radio Edit,Real McCoy,1995,193880,False,22
"Oh, Pretty Woman",Roy Orbison,2006,176933,False,64
Like A Child,Backstreet Boys,1997,305493,False,33
Hallucinate,Dua Lipa,2020,208505,False,64
Barracuda,Heart,1977,261933,False,74
Ocean (feat. Khalid),"Martin Garrix, Khalid",2018,216419,False,64
"break up with your girlfriend, i'm bored",Ariana Grande,2018,190440,False,39
Don't Go Yet,Camila Cabello,2021,164842,False,65
It's Oh So Quiet,Björk,1995,218773,False,0
Horny - Horny '98 Radio Edit,Mousse T. Vs Hot 'n' Juicy,2006,187706,False,0
Sadeness - Pt. 1 / Radio Edit,Enigma,2009,260400,False,40
The Hitman - 7'' Mix,A.B. Logic,2010,244333,False,40
Black Box,Stan Walker,2009,209253,False,40
Hot In Herre,Nelly,2002,228240,True,74
Shut Up and Let Me Go,The Ting Tings,2007,171226,False,54
Naked and Sacred,Chynna Phillips,1995,253026,False,29
Free Me,Uriah Heep,1977,213040,False,0
Body Like A Back Road,Sam Hunt,2017,165386,False,0
Got Me Started,Troye Sivan,2023,198448,True,73
This Is Me,"Keala Settle, The Greatest Showman Ensemble",2017,234706,False,71
Da Doo Ron Ron (When He Walked Me Home),The Crystals,2011,140120,False,52
Carolina in My Mind,James Taylor,1976,238573,False,62
There's Nothing Holdin' Me Back,Shawn Mendes,2017,199440,False,0
Bad (feat. Vassy) - Radio Edit,"David Guetta, Showtek, VASSY",2014,170625,False,67
Your Loss I'm Found,Jessie J,2014,217306,False,0
All Out Of Love,Air Supply,1980,243600,False,50
Your Woman,White Town,1997,259893,False,4
The Things I Love In You - 2011 Remastered,Cold Chisel,2011,198416,False,30
Barbra Streisand - Radio Edit,Duck Sauce,2010,194531,False,0
My Boo - Hitman's Club Mix,Ghost Town DJs,1996,346840,False,61
Forever Yours - Avicii Tribute,"Kygo, Avicii, Sandro Cavazza",2020,193846,False,59
Leader Of The Pack,The Shangri-Las,1996,171333,False,53
Boys Like You,"Who Is Fancy, Meghan Trainor, Ariana Grande",2015,194533,False,48
I'm Gonna Make You Love Me,"Diana Ross & The Supremes, The Temptations",1968,187333,False,48
Lying,Amy Meredith,2010,180266,False,0
Won't Sleep,Tones And I,2021,197380,False,25
Better,The Screaming Jets,1991,277200,False,49
Dreams Are Ten A Penny - Radio Mix,"Et Cetera, Kincade",2009,163946,False,27
Sledgehammer,Fifth Harmony,2015,230906,False,57
Catch,Kosheen,2001,201546,False,0
Jet Black Heart,5 Seconds of Summer,2015,221715,False,0
Automatic Lover (Call For Love),Real McCoy,1995,226413,False,48
Please Mister Postman - Remastered 2009,The Beatles,1963,154160,False,53
God Only Knows,Michael Bublé,2016,255400,False,33
Temperature,Sean Paul,2005,218573,False,79
Harden My Heart,Quarterflash,2010,232533,False,40
We Belong Together,Mariah Carey,2005,201400,False,0
I Drove All Night,Roy Orbison,2006,226893,False,54
Let Me Be Me,Jessica Mauboy,2008,229693,False,27
Say Say Say - Remastered 2015,"Paul McCartney, Michael Jackson",1983,235693,False,0
The Thread,The Keymakers,2021,299000,False,0
The A Team,Ed Sheeran,2011,258373,False,73
Wild One,Bobby Rydell,2013,141008,False,0
This Is My Song,Petula Clark,1996,193765,False,0
Mr. Blue Sky,Electric Light Orchestra,1977,303373,False,77
Body Say,Demi Lovato,2016,193893,False,0
Black Hole Sun,Soundgarden,1994,318586,False,0
"thank u, next",Ariana Grande,2018,207320,False,48
He's So Fine,The Chiffons,1996,115493,False,33
I Believe in a Thing Called Love,The Darkness,2003,216453,False,70
You Think You're A Man,Divine,2011,422746,False,37
Hit Me With Your Best Shot - 1999 Digital Remaster,Pat Benatar,1999,171293,False,0
Wish You Well,Bernard Fanning,2005,151133,False,58
Like a Stone,Audioslave,2002,293960,False,78
Lovers on the Sun (feat. Sam Martin),"David Guetta, Sam Martin",2014,203520,False,68
Woman You're Breaking Me,The Groop,1967,135200,False,14
Move,Baker Boy,2020,166700,False,0
It's Tricky,Run–D.M.C.,1986,183760,False,65
Miss You - Remastered,The Rolling Stones,1978,288666,False,69
Different Drum,"Stone Poneys, Linda Ronstadt",1967,159973,False,54
Ghostbusters,Ray Parker Jr.,1993,239133,False,65
Baby Come Back,Player,1977,255845,False,71
This Time,Troy Shondell,2006,155040,False,6
Why'd You Only Call Me When You're High?,Arctic Monkeys,2013,161123,False,0
Closing Time,Semisonic,2003,274160,False,67
The Power Of Love,Frankie Goes To Hollywood,1985,328864,False,0
Stars Are Blind,Paris Hilton,2006,236600,False,58
Star Hotel - 2011 Remastered,Cold Chisel,2018,247651,False,5
Funky Junky - Rap,Peter Andre,1993,231106,False,5
Born To Be Yours,"Kygo, Imagine Dragons",2018,193320,False,68
Need Me,"Mashd N Kutcher, Sammi Constantine",2018,208679,False,0
Fire,Kasabian,2009,252279,False,65
Wicked Game,Chris Isaak,1989,287506,False,9
Right Now (Na Na Na),Akon,2008,240746,False,2
Summer in the City - Remastered,The Lovin' Spoonful,1966,160306,False,62
"Up, Up and Away",The 5th Dimension,1967,163346,False,46
Sunshine (My Girl),Wuki,2023,131250,False,72
Differently,Cassie Davis,2009,205653,False,0
This Is Your Night,Amber,1996,238160,False,0
Hurt Somebody (With Julia Michaels),"Noah Kahan, Julia Michaels",2018,168640,False,51
The Fighter,"Keith Urban, Carrie Underwood",2016,184040,False,0
Someone You Loved - Future Humans Remix,"Lewis Capaldi, Future Humans",2019,189052,False,56
WITHOUT YOU,The Kid LAROI,2020,161384,True,4
Nothin' on You (feat. Bruno Mars),"B.o.B, Bruno Mars",2010,268320,False,77
Hold Me,Savage Garden,2000,291986,False,0
I Love How You Love Me,The Paris Sisters,2014,123834,False,0
Apologize,OneRepublic,2007,208106,False,0
Leaving Home,Jebediah,1997,181333,False,45
Get Stupid,Aston Merrygold ,2015,199728,False,37
Black,Pearl Jam,1991,342653,False,73
Rock Your Baby,George McCrae,2003,200053,False,47
We're Good,Dua Lipa,2021,165506,False,68
Return To Innocence,Enigma,1993,255466,False,65
My My My,Armand Van Helden,2005,183379,False,0
Build Me Up Buttercup,The Foundations,1968,177533,False,3
Gimme Little Sign,Brenton Wood,1967,141329,False,57
All I Need Is You,Guy Sebastian,2003,245200,False,23
Can't Get Enough Of You Baby,Smash Mouth,2005,151106,False,0
Stupid Girls,P!nk,2006,196173,True,0
This Guy's In Love (With You),The Reels,1982,270666,False,0
Case Of The Ex (Whatcha Gonna Do),Mýa,2000,236906,False,53
Loving You Is Killing Me,Aloe Blacc,2010,204466,False,0
i'm so tired...,"Lauv, Troye Sivan",2019,162582,False,0
Love Is A Bridge,Little River Band,1988,246560,False,0
Versace on the Floor (Bruno Mars vs. David Guetta),"Bruno Mars, David Guetta",2017,228300,False,60
Flames,"David Guetta, Sia",2018,195000,False,62
One In A Million,Ne-Yo,2010,243226,False,0
Onion Skin,Boom Crash Opera,2017,207447,False,21
Who Says,John Mayer,2009,175480,False,60
It's My Life,No Doubt,2003,226053,False,57
The One I Love - Remastered 2012,R.E.M.,1987,197800,False,64
Do It Again,Cassie Davis,2009,172346,False,0
"Walk, Don't Run",The Ventures,2008,126480,False,24
MacArthur Park - Single Version,Donna Summer,1979,235200,False,0
Dancing Queen,ABBA,1976,230400,False,83
Don't You Remember,Adele,2011,243200,False,0
What Do You Mean?,Justin Bieber,2015,205680,False,0
When the Lights Go Out - Radio Edit,"Five, Cutfather & Joe",2003,249933,False,33
You're The Reason I'm Living,Bobby Darin,2001,148533,False,2
Monkey Wrench,Foo Fighters,1997,231480,False,67
To Be with You - 2010 Remastered Version,Mr. Big,1991,210480,False,0
Little Jeannie,Elton John,1980,313186,False,53
I Say A Little Prayer,Diana King,2013,211533,False,23
The Power,SNAP!,1990,228993,False,2
All of You (feat. Diana Ross),"Julio Iglesias, Diana Ross",1998,237493,False,37
Gimme Shelter,The Rolling Stones,1969,270773,False,74
"Que Sera, Sera (Whatever Will Be, Will Be)",Normie Rowe,2007,157266,False,21
So Sick,Ne-Yo,2006,207186,False,0
7 Things,Miley Cyrus,2008,213453,False,47
Hey Bitty - Main,Nitty,2005,169533,False,0
The Love Game,John Paul Young,2009,210306,False,0
Just Another Night,Mick Jagger,1985,315613,False,41
I Shot The Sheriff,Warren G,1997,246733,True,32
From Little Things Big Things Grow,The Waifs,2020,313666,False,11
Boys & Girls,"Martin Solveig, Dragonette",2011,225489,False,7
Tell Me Baby,Red Hot Chili Peppers,2006,247666,False,65
The Boys Of Summer - Radio Version,DJ Sammy,2002,243066,False,36
Can't Fight The Moonlight,LeAnn Rimes,2001,215506,False,70
Tenerife Sea,Ed Sheeran,2014,241346,False,66
she's all i wanna be,Tate McRae,2022,206772,False,19
Toy Soldiers,Martika,1988,287533,False,0
Song for Anna,"Herb Ohta\, Sr.",2014,217853,False,4
Gravy (For My Mashed Potatoes),Dee Dee Sharp,1962,124600,False,0
Because We Want To,Billie Piper,2005,230573,False,18
Antidote (feat. Sam Fischer),"Guy Sebastian, Sam Fischer",2024,280463,False,47
Tokyo (Vampires & Wolves),The Wombats,2011,225526,False,48
Can't Help Falling in Love,Elvis Presley,1961,182360,False,79
Release Me,Agnes,2010,210426,False,0
I Don't Need A Man,The Pussycat Dolls,2005,219093,False,51
It Wasn't Me,"Shaggy, Rik Rok",2000,227600,False,0
Old Town Road - Remix,"Lil Nas X, Billy Ray Cyrus",2019,157066,False,72
I Take It Back,Sandy Posey,2009,157386,False,19
I'll Make Love To You,Boyz II Men,1994,236760,False,65
Sad Songs (Say So Much),Elton John,1990,249226,False,0
Jubel - Radio Edit,Klingande,2014,201626,False,53
You're a Friend of Mine,"Clarence Clemons, Jackson Browne",1999,290160,False,36
Live While We're Young,One Direction,2012,200186,False,0
All Alone,Jackson Jackson,2008,217800,False,12
Sunshine,Ricki-Lee,2008,182987,False,5
Outnumbered,Dermot Kennedy,2019,245699,False,56
My Heart Knows,Johnny Preston,2013,149360,False,3
"1, 2 Step","Marty Guilfoyle, John Gibbons",2020,160571,False,30
Shape of My Heart,Backstreet Boys,2000,230093,False,71
Go All Night,"Gorgon City, Jennifer Hudson",2014,200360,False,38
Do You Remember,Jarryd James,2015,234866,False,46
19th Nervous Breakdown - Remastered 2002,The Rolling Stones,1966,236533,False,0
Incomplete,Backstreet Boys,2005,239586,False,63
Fanfare for the Common Man - Single Edit,"Emerson\, Lake & Palmer",1994,179360,False,0
Sweet Dreams (Are Made of This) - 2005 Remaster,"Eurythmics, Annie Lennox, Dave Stewart",1983,216933,False,83
Airplanes (feat. Hayley Williams of Paramore),"B.o.B, Hayley Williams",2016,179800,False,30
Cover Me In Sunshine,"P!nk, Willow Sage Hart",2021,141050,False,68
My Eyes Adored You,Frankie Valli,2003,212626,False,42
Rise,Katy Perry,2016,203474,False,0
Superman,Alison MacCallum,2018,147681,False,1
Rock Me,ABBA,1975,184733,False,40
Pepper,Butthole Surfers,1996,297266,False,61
Darktown Strutters Ball - Live-2017 Remaster,Ted Mulry Gang,2017,263320,False,20
Naughty Girl,Holly Valance,2002,203333,False,32
Burn,Jessica Mauboy,2009,172293,False,34
Louise (We Get It Right),Jona Lewie,1978,226880,False,0
Long Tall Glasses (I Can Dance) - 2010 Remastered Version,Leo Sayer,1974,193386,False,30
April Sun in Cuba,Dragon,1977,207960,False,55
Karma Police,Radiohead,1997,264066,False,0
Bad Blood,Neil Sedaka,2007,189066,False,38
Just A Lil Bit,50 Cent,2005,237706,True,0
Come Around,Mental As Anything,2015,183453,False,15
Everybody Wants To Rule The World,Tears For Fears,1985,251480,False,0
Closer To The Edge,Thirty Seconds To Mars,2009,273466,False,60
Mind Your Manners (feat. Icona Pop),"Chiddy Bang, Icona Pop",2010,196653,True,39
Open Up Your Eyes,Tonic,1996,220493,False,0
At Seventeen - Remastered,Janis Ian,2017,283080,False,0
Sunset,Marques Houston,2009,238786,False,22
Forever,The Little Dippers,2015,136373,False,1
"thank u, next",Ariana Grande,2019,207320,True,78
Finger Poppin' Time,Hank Ballard & The Midnighters,2005,111826,False,0
Water Under The Bridge,Adele,2015,240439,False,0
Trick Me,Kelis,2004,208333,False,0
Break It To Me Gently,Brenda Lee,2000,158240,False,0
I'll Be There for You (Theme from Friends) - Single Version,The Rembrandts,2006,189573,False,48
Only Want You,"Love\, Marco",2020,161601,False,16
Great Wall,Boom Crash Opera,1987,231040,False,30
In My Pocket,Mandy Moore,2004,219093,False,24
Ugly Heart,G.R.L.,2014,199580,False,63
Just A Dream - Main,Nelly,2010,237800,False,0
Lady What's Your Name,Swanee,1983,225946,False,0
Goodbye Town,Lady A,2013,288800,False,0
Say Something,Kylie Minogue,2020,212546,False,20
You Can't Hurry Love - 2016 Remaster,Phil Collins,1982,175746,False,75
You're No Good,Linda Ronstadt,1974,224026,False,58
Come On Come On,Little Birdy,2006,232866,False,34
You Win Again,Bee Gees,1987,241400,False,62
Bodyrock,Moby,1999,216453,False,0
Burnin' for You,Blue Öyster Cult,1981,271000,False,65
"Woman, Woman",Gary Puckett & The Union Gap,1968,196000,False,43
Dance with Me,Debelah Morgan,2000,220106,False,42
Funkytown,Lipps Inc.,2004,239826,False,68
I'm Not Your Toy,La Roux,2009,198093,False,0
X-Files Theme (Skitz Radio Mix),"Triple X, Nick Skitz",1995,210333,False,15
Nothing Breaks Like a Heart (feat. Miley Cyrus),"Mark Ronson, Miley Cyrus",2018,217466,False,69
On a Night like This,Kylie Minogue,2012,212973,False,28
Just Can’t Get Enough,Black Eyed Peas,2010,219426,False,0
Zoom,Last Dinosaurs,2012,237666,False,43
Cat's in the Cradle,Harry Chapin,1974,222951,False,64
Stay,Maurice Williams & The Zodiacs,2008,97506,False,23
Somebody That I Used To Know,"Gotye, Kimbra",2011,244973,False,74
I'm Not The Only One,Sam Smith,2014,239316,False,0
Dream Police,Cheap Trick,1979,233133,False,48
For the First Time,The Script,2011,252853,True,59
Love Bites,Def Leppard,1987,346960,False,56
Tragedy,Bee Gees,1979,303333,False,0
Downtown,Petula Clark,1996,184000,False,0
Cotton Eye Joe,Rednex,2003,190973,False,0
Tears,Ken Dodd,1991,171826,False,26
Action - Single Version,Sweet,1976,198106,False,18
Hey There Delilah - Bonus Track,Plain White T's,2006,233280,False,0
The Archer,Taylor Swift,2019,211240,False,74
Love Me Now,John Legend,2016,210293,False,59
Free Loop,Daniel Powter,2005,232893,False,53
Creepin' (with The Weeknd & 21 Savage),"Metro Boomin, The Weeknd, 21 Savage",2022,221520,True,82
At Last,Etta James,1960,179693,False,76
Break My Stride,Unique II,2002,196093,False,34
Self Esteem,The Offspring,2005,257760,False,0
Clarity,Vance Joy,2022,227240,False,51
Insatiable,Darren Hayes,2002,310240,False,0
Can't Get You out of My Head,Kylie Minogue,2001,230640,False,58
Piano Man,Billy Joel,2001,336093,False,61
When The Night Falls Quiet,Birds Of Tokyo,2013,241812,False,24
Keith,Kaylee Bell,2019,171537,False,0
Happiness,Alexis Jordan,2010,242786,False,46
Happy Jack,The Who,1971,132800,False,38
Kiss Me Now,Johnny Young & Kompany,1992,94333,False,1
(Girls Girls Girls Were) Made To Love,Eddie Hodges,2011,146893,False,0
Que Sera Mi Vida,Gibson Brothers,2011,352533,False,44
Love Changes (Everything),Climie Fisher,1988,268186,False,60
Frankie,Sister Sledge,1985,257000,False,43
Tell Laura I Love Her,Ray Peterson,2012,178093,False,18
Still Standing - Radio Edit,Hilltop Hoods,2009,209226,False,12
Graduation (Friends Forever),Vitamin C,1999,340613,False,51
Live in the Moment,Portugal. The Man,2017,246786,False,61
Feel It - Radio Version,"The Tamperer, Maya",2014,178880,False,0
The Real Slim Shady,Eminem,2005,284800,True,0
Don't Let Me Get Me - Radio Edit,P!nk,2010,211426,False,41
Feel It Still,Portugal. The Man,2017,163253,False,78
Back on the Chain Gang - 2007 Remaster,Pretenders,1984,231120,False,60
Italo House Mix,Rococo,2018,231333,False,1
Roxanne,The Police,2002,188840,False,42
Mr. Saxobeat - Radio Edit,Alexandra Stan,2016,195105,False,51
Two Out of Three Ain't Bad,Meat Loaf,1977,324440,False,58
Soul Twist,King Curtis,1996,163800,False,9
Everlong,Foo Fighters,1997,250546,False,82
Lonely Days,Bee Gees,1970,225666,False,47
It's Over,"Kurupt, Anita McCloud, Natina Reed",2012,204466,True,29
Because of You,Kelly Clarkson,2004,219493,False,65
Flava,Nathaniel,2016,185266,False,2
The Fighter (feat. Ryan Tedder),Gym Class Heroes,2011,228533,False,53
Rosanna,TOTO,1982,331200,False,71
Daniel,Elton John,1973,234666,False,69
L.O.V.E.,Ashlee Simpson,2005,153053,False,0
The Boys Are Back In Town,Thin Lizzy,1976,266720,False,70
Party Rock Anthem,"LMFAO, Lauren Bennett, GoonRock",2011,262146,False,72
Say Something (feat. Chris Stapleton),"Justin Timberlake, Chris Stapleton",2018,278893,False,67
(Is This The Way To) Amarillo,Tony Christie,2006,190866,False,41
Should I Stay or Should I Go - Remastered,The Clash,2013,188240,False,59
Fall At Your Feet,Crowded House,1991,198800,False,61
Dress,Taylor Swift,2017,230373,False,0
Oh Carolina,Shaggy,2008,194213,False,44
Love Is All,"Roger Glover, Ronnie James Dio",1974,197266,False,0
Steal My Girl,One Direction,2014,228133,False,78
19-2000,Gorillaz,2001,210880,False,65
Don't Talk to Him - 1998 Remaster,Cliff Richard & The Shadows,1998,174133,False,1
Tough,Lewis Capaldi,2018,229282,False,49
Solid Rock - Remastered Version,Goanna,2003,275226,False,0
Fall Together,The Temper Trap,2016,200223,False,0
Your Love Is My Drug,Kesha,2010,187133,False,0
Someday,Rob Thomas,2009,247800,False,48
The Day I Met Marie,Cliff Richard,1977,136466,False,22
Drag Me Down,One Direction,2015,192120,False,77
Savin' Me,Nickelback,2005,219320,False,64
Amoureuse,Kiki Dee,1973,248920,False,35
Saving All My Love for You,Whitney Houston,2012,237320,False,0
U Sure Do,Strike,1997,298986,False,34
Indian Giver - Remastered,1910 Fruitgum Company,2001,161893,False,7
Love Potion No. 9,The Clovers,2009,112200,False,0
Nights In White Satin - Single Version / Mono,The Moody Blues,1967,269106,False,62
All the Lovers,Kylie Minogue,2010,199426,False,37
The Way You Move (feat. Sleepy Brown),"Outkast, Sleepy Brown",2003,234000,True,0
Please Don't Say You Love Me,Gabrielle Aplin,2013,181400,False,49
Scar Tissue,Red Hot Chili Peppers,1999,215906,False,82
A Glass Of Champagne,Sailor,1993,154173,False,40
With Arms Wide Open,Creed,1999,274800,False,0
She Wants To Move,N.E.R.D,2004,213786,False,53
"Hold On, We're Going Home","Drake, Majid Jordan",2013,227880,False,72
10.000 Promises,Backstreet Boys,1997,243973,False,42
Sweet About Me,Gabriella Cilmi,2008,203280,False,46
Nothing,The Script,2010,271773,False,58
Only You (with Little Mix),"Cheat Codes, Little Mix",2018,189401,False,53
Not Giving In (feat. John Newman & Alex Clare),"Rudimental, John Newman, Alex Clare",2013,239733,False,54
You Sexy Thing,Hot Chocolate,1975,244920,False,72
She Moves,"Alle Farben, Graham Candy",2014,197346,False,54
If You Want My Love,Cheap Trick,1982,215720,False,43
Every Breath You Take - Remastered 2003,The Police,1983,253250,False,1
Thinking About You (feat. Ayah Marar),"Calvin Harris, Ayah Marar",2012,247933,False,64
Silence (Single Edit),"Delerium, Sarah McLachlan",2004,246546,False,0
Tonight Tonight,Hot Chelle Rae,2011,200466,False,67
Ain't My Fault,Zara Larsson,2017,224030,False,66
Tonight I Wanna Cry,Keith Urban,2007,259733,False,39
Lasso,Phoenix,2009,167853,False,0
The Old Lamplighter,The Browns,2013,141120,False,28
Big (feat. Gunna),"Rita Ora, David Guetta, Imanbek, Gunna",2021,156781,False,47
You Should Be Dancing,Bee Gees,1976,256493,False,67
Tsunami (Jump) - Radio Edit,"DVBBS, Borgeous, Tinie Tempah",2014,159492,False,0
Heartbeat It's A Love Beat,"The DeFranco Family, Tony DeFranco",2010,194893,False,30
Pride And Joy,Marvin Gaye,1963,155266,False,0
That's the Way (I Like It) - 2004 Remaster,KC & The Sunshine Band,1975,185106,False,60
What's My Scene - 2005 Remaster,Hoodoo Gurus,1987,229373,False,54
Snowbird,Liv Maessen,2018,126160,False,0
Hold Me Up,Conrad Sewell,2015,206560,False,34
Don't Dream It's Over,Crowded House,1986,236933,False,18
One - Remastered,Metallica,1988,446145,False,46
Double Barrel,Dave & Ansell Collins,1995,165093,False,0
(Say) You're My Girl,Roy Orbison,2011,165426,False,7
My Love,"Justin Timberlake, T.I.",2006,276160,False,0
Funky Cold Medina,Tone-Loc,1989,248160,False,57
"Baby, You Got What It Takes",Brook Benton,2015,195279,False,3
Israel's Son,Silverchair,2000,318666,False,17
Hit the Road Jack,Ray Charles,2016,120173,False,0
Pray,Take That,2002,223466,False,0
Father And Son,Yusuf / Cat Stevens,1970,221120,False,72
Fortunate Son,Creedence Clearwater Revival,1969,140773,False,84
Whistle,Flo Rida,2012,224653,False,77
Endless Love,"Lionel Richie, Diana Ross",2006,265613,False,0
Amnesia,5 Seconds of Summer,2014,237247,False,47
Onionskin,Boom Crash Opera,1989,207706,False,40
Mercy,Shawn Mendes,2016,208733,False,0
I Could Easily Fall (In Love with You),Cliff Richard & The Shadows,1997,175466,False,8
You Don't Own Me,Lesley Gore,1963,150000,False,70
Chances,Backstreet Boys,2018,172626,False,45
Wait,Gyan,2016,218240,False,0
Die In Your Arms,Justin Bieber,2012,237453,False,0
The Trouble With Love Is,Kelly Clarkson,2003,221093,False,33
Life Is Worth Living,Justin Bieber,2015,234786,False,0
Cruel to Be Kind,Nick Lowe,2011,210106,False,0
Live It Up,Mental As Anything,1985,254200,False,38
Break Me Shake Me,Savage Garden,1997,203066,False,0
Beneath Your Beautiful (feat. Emeli Sandé),"Labrinth, Emeli Sandé",2012,271813,False,64
Rollin' (Air Raid Vehicle),Limp Bizkit,2000,213760,True,0
I Will Always Love You,Whitney Houston,2000,263800,False,0
Freeway Of Love,Aretha Franklin,1985,351266,False,0
Addicted To You,Avicii,2013,148386,False,0
Go Your Own Way - 2004 Remaster,Fleetwood Mac,1977,223613,False,78
About Damn Time,Lizzo,2022,191822,False,0
Something About You,Hayden James,2015,223400,False,0
"Just Another Dream - Album-Edit / 7"" Mix",Cathy Dennis,2000,235613,False,24
Separate Lives (Love Theme From White Nights),"Phil Collins, Marilyn Martin",1998,246533,False,0
Our Song - Luca Schreiner Remix,"Anne-Marie, Niall Horan, Luca Schreiner",2021,164960,False,26
How Deep Is Your Love,"Calvin Harris, Disciples",2015,212640,False,76
Mama Said,The Shirelles,2005,128800,False,0
My First Kiss (feat. Ke$ha),"3OH!3, Kesha",2010,192440,False,46
1000 Miles Away,Jewel,2006,228920,False,0
Mundian To Bach Ke (Beware of the Boys) [Jay Z Remix],Panjabi MC,2002,236293,False,0
Church,Alison Wonderland,2018,183912,False,0
Survivor,Destiny's Child,2001,254040,False,62
Two Hearts,Phil Collins,1998,204093,False,0
Cocaine,Eric Clapton,1977,221640,False,63
Come Said The Boy - Digitally Remastered,Mondo Rock,2017,315986,False,0
Own This Club,Marvin Priest,2011,201510,False,20
I Am Pegasus,Ross Ryan,1974,240080,False,0
The Girl and the Robot,Röyksopp,2009,268893,False,43
Sing My Love,"Zank, STORME",2021,255506,False,4
(They Long to Be) Close to You,Dami Im,2016,223840,False,25
Petals and Leaves,"ponders, Mason Parks",2021,136720,False,7
Party Lights,Claudine Clark,2006,143133,False,23
Alejandro,Lady Gaga,2009,274213,False,0
Drop The Pressure,Mylo,2009,255600,False,35
Girls (All Around the World),Reece Mastin,2013,197626,False,22
New Divide,Linkin Park,2009,268613,False,71
Barbie Girl,Aqua,1997,197906,False,0
Damn I Wish I Was Your Lover,Sophie B. Hawkins,1992,323266,False,52
American Pie,Madonna,2000,273533,False,53
Teenagers,My Chemical Romance,2006,161920,False,79
I Remember,Yeasayer,2010,263266,False,0
In Dreams,Roy Orbison,1963,169160,False,49
Electricity,"Silk City, Dua Lipa, Mark Ronson, Diplo",2018,238173,False,66
Miss Right,Ne-Yo,2012,229520,False,45
These Kids (radio edit),Joel Turner,2004,240093,False,34
I Believe,"Blessid Union Of Souls, David Kershenbaum",1995,267447,False,45
Better Days (NEIKED x Mae Muller x Polo G),"NEIKED, Mae Muller, Polo G",2021,160656,False,69
Hero,Enrique Iglesias,2001,264240,False,0
One,U2,1991,276186,False,72
Summer Love,Justin Timberlake,2006,252973,False,66
Whatever You Like,T.I.,2008,249533,True,73
Chirpy Chirpy Cheep Cheep,Middle Of The Road,2002,177800,False,45
Patches,Clarence Carter,1970,193826,False,42
Slide Away,Miley Cyrus,2019,233654,False,2
The Monster,"Eminem, Rihanna",2013,250188,True,1
Kitty,The Presidents Of The United States Of America,1995,203133,False,0
"Writing's On The Wall - From ""Spectre"" Soundtrack",Sam Smith,2015,278987,False,61
Final Song,MØ,2016,235826,False,62
Stuck On You,Elvis Presley,2002,138826,False,48
I Want Your Sex - Pts. 1 & 2 Remastered,George Michael,1987,557293,False,48
Sex & Candy,Marcy Playground,1998,175533,False,27
Get Shaky - Radio Edit,Ian Carey Project,2009,204370,False,44
Sway My Way (with Amy Shark),"R3HAB, Amy Shark",2022,136842,False,45
On Hold,The xx,2017,224133,False,0
Search for the Hero,M People,1995,249506,False,45
Ritual,"Tiësto, Jonas Blue, Rita Ora",2019,198995,False,60
Do You Know the Way to San Jose,Dionne Warwick,1968,179440,False,48
The Son of Hickory Holler's Tramp,O.C. Smith,1968,233173,False,21
What About Us,P!nk,2017,269600,False,73
Seasons in the Sun,Terry Jacks,2010,205586,False,46
It's Alright,East 17,2016,278733,False,0
Cinnamon,Derek,2005,161946,False,0
Hawaii (Mono),The Beach Boys,1963,124800,False,16
Me & U,Cassie,2006,192213,False,77
(We're Gonna) Rock Around The Clock,Bill Haley & His Comets,1955,129893,False,63
Miss Sarajevo,George Michael,1999,310906,False,46
Who Knew,P!nk,2006,208493,False,0
Mambo No. 5 (A Little Bit of...),Lou Bega,1999,220133,False,0
Boom Boom Pow,Black Eyed Peas,2011,251426,False,45
Treat People With Kindness,Harry Styles,2019,197346,False,61
Don't You Worry Child - Acoustic,Conor Maynard,2013,185106,False,32
"Julie, Do Ya Love Me",Bobby Sherman,1970,172837,False,34
Hey Jude - Remastered 2015,The Beatles,2000,425653,False,69
It Don't Come Easy,Ringo Starr,1973,184333,False,51
Good For You,"Selena Gomez, A$AP Rocky",2015,220679,False,0
Sultans Of Swing,Dire Straits,1978,348400,False,80
Fireflies,Owl City,2009,228346,False,76
You're Beautiful,Nathaniel,2015,179826,False,12
Weapon Of Choice,Fatboy Slim,2006,219813,False,0
SICKO MODE,Travis Scott,2018,312820,True,81
Don't Turn Around,Ace of Base,1993,230186,False,57
Hey Baby,"No Doubt, Bounty Killer",2001,207040,False,0
Children,Robert Miles,2015,453880,False,28
Rather Be (feat. Jess Glynne),"Clean Bandit, Jess Glynne",2015,227833,False,47
Kids,OneRepublic,2016,238386,False,0
Spirit In The Sky,Norman Greenbaum,2001,242893,False,0
"5, 6, 7, 8",Steps,2000,201773,False,0
Go All The Way,Raspberries,1972,205346,False,59
Way Love's Supposed To Be,Selwyn,2002,264946,False,17
Night Fever,Bee Gees,1979,212253,False,0
I Can't Stop Loving You,Ray Charles,2009,256120,False,0
Heartache All Over The World,Elton John,1986,257106,False,27
Following the Sun,"SUPER-Hi, NEEKA",2021,205000,False,71
Gudbuy T'Jane,Slade,1973,212960,False,0
Suicide Blonde,INXS,2011,232626,False,44
Polyester Girl,Regurgitator,2016,210840,True,0
Circles,Birds Of Tokyo,2010,260626,False,31
I Can Show You,Tim & Jean,2011,189866,False,0
Here With Me,Michelle Branch,2001,205240,False,31
Numb / Encore,"JAY-Z, Linkin Park",2004,205280,True,64
Don't You Think It's Time,Bob Evans,2006,198973,False,36
Creep,Radiohead,2008,238640,True,0
Work It,Missy Elliott,2002,263226,True,68
HIGHEST IN THE ROOM,Travis Scott,2019,175720,True,85
Rumors - Main,Lindsay Lohan,2004,196306,False,0
Hit Me Up,Gia Farrell,2006,196373,False,32
XO,Beyoncé,2014,215946,False,64
Khe Sanh - 2011 Remastered,Cold Chisel,2018,251911,False,24
What A Man Gotta Do,Jonas Brothers,2020,180644,False,68
For the First Time,The Script,2010,252440,True,65
Smoke on the Water - 1997 Remaster,Deep Purple,1998,227853,False,16
Wasn't It Good,Tina Arena,1994,312733,False,31
Ooh Aah (Just A Little Bit) - Remastered,Gina G,2007,200399,False,39
You Don't Know What You've Got,Ral Donner,2017,134791,False,0
Heart Of Stone - Mono Version,The Rolling Stones,1971,169133,False,0
A Matter of Trust,Billy Joel,1986,248746,False,53
Bad Day,Daniel Powter,2005,233640,False,73
Starships,Nicki Minaj,2012,210626,True,56
Sky Diver,Daniel Boone,2009,157280,False,11
Lonely Night (Angel Face),Captain & Tennille,1976,198200,False,24
We Found Love,"Rihanna, Calvin Harris",2012,215226,False,1
Real Love x Sunchyme (feat. Jess Glynne) [VIP Mash-up],"Clean Bandit, Dario G, Jess Glynne",2020,219052,False,46
Love Me Harder,"Scott Bradlee's Postmodern Jukebox, Cristina Gatti",2014,203666,False,0
Rude Boy,Rihanna,2009,222920,True,0
Hitchin' a Ride,Green Day,1997,171466,False,60
Resistance,Muse,2009,346693,False,60
"These Days (feat. Jess Glynne, Macklemore & Dan Caplen)","Rudimental, Jess Glynne, Macklemore, Dan Caplen",2018,210772,False,67
Minefields,"Faouzia, John Legend",2020,190605,False,61
Reunited,Peaches & Herb,1978,345240,False,0
Undefeated,Jason Derulo,2012,216280,False,32
Rock This Party - Original,Bob Sinclar,2009,245463,False,0
Hotel Room Service,Pitbull,2009,237640,False,55
It's My Life,Bon Jovi,2010,224600,False,0
Part Time Love,Elton John,1978,196426,False,37
Just Be Good To Me,The S.O.S Band,1983,549000,False,48
Chained To The Wheel - 2007 Remastered,The Black Sorrows,2007,237066,False,26
Smells Like Teen Spirit,Nirvana,2002,300826,False,0
The Drugs Don't Work - Remastered 2004,The Verve,2004,305760,False,32
Roar,Katy Perry,2013,223546,False,0
Suffer,Charlie Puth,2015,210303,False,27
Feel So Close - Radio Edit,Calvin Harris,2012,206413,False,83
I'll Find My Way Home,Jon & Vangelis,1981,271466,False,0
Where Do You Go,No Mercy,1996,272093,False,65
It’s My Birthday,"will.i.am, Cody Wise",2014,252613,False,53
I Want You To Know,"Zedd, Selena Gomez",2015,239999,False,0
Use Somebody,Kings of Leon,2008,230760,False,78
The Loved One,The Loved Ones,1995,173866,False,26
Jump Around,House Of Pain,1992,214946,False,1
The Way I Am,Charlie Puth,2018,186080,False,59
P.T. 109,Jimmy Dean,1994,191333,False,18
Heard 'Em Say,"Kanye West, Adam Levine",2005,203733,False,35
All Loved Up,Amy Shark,2018,210000,False,42
Polaroid,"Jonas Blue, Liam Payne, Lennon Stella",2018,193377,False,59
Believe Again,Delta Goodrem,2007,346760,False,0
Joy,Apollo 100,1998,163826,False,0
Albatross,Fleetwood Mac,1989,188000,False,30
I Bet You Look Good On The Dancefloor,Arctic Monkeys,2006,173680,False,73
Mickey's Monkey - Album Version (Stereo),The Miracles,1963,165760,False,0
Hard Love,Ellie Drennan,2016,227653,False,0
Lonely Weekends,Charlie Rich,1998,130080,False,0
Empire State Of Mind,"JAY-Z, Alicia Keys",2010,277280,False,31
Sexy M.F.,Prince,1992,326093,True,41
Escape (The Pina Colada Song),Rupert Holmes,2007,276413,False,51
Safe Inside,James Arthur,2016,222173,False,62
"What The World Needs Now Is Love/Abraham, Martin And John",Tom Clay,2008,379293,False,18
Drunk in Love (feat. Jay-Z),"Beyoncé, JAY-Z",2014,323480,False,38
Amazing Grace,Judy Collins,2001,248693,False,42
Look What You've Done,Jet,2003,230893,False,60
Now Or Never,Halsey,2017,214801,False,17
Better Days,Pete Murray,2005,223040,False,0
Sara,Starship,1985,290373,False,0
Nothing From Nothing,Billy Preston,2000,157666,False,34
Wannabe,Spice Girls,1996,173026,False,80
Animals,Martin Garrix,2013,304228,False,66
Healing Hands,Elton John,2007,269013,False,0
Ain't Nobody (Loves Me Better),"Felix Jaehn, Jasmine Thompson",2015,186146,False,32
Last Night,The Vamps,2014,187644,False,35
Runaround Sue - Remastered 1991,Dion,2005,159813,False,40
Sound of Summer,Busby Marou,2018,186353,False,28
I Ain't Worried,OneRepublic,2022,148485,False,81
Needle In A Haystack,The Twilights,2016,128186,False,15
Slow Down - Remastered 2009,The Beatles,1988,176853,False,34
You've Lost That Lovin' Feelin',The Righteous Brothers,1990,225426,False,55
2-4-6-8 Motorway,Tom Robinson Band,2003,197933,False,32
Hot Blooded,Foreigner,1978,268693,False,62
Both of Us (feat. Taylor Swift),"B.o.B, Taylor Swift",2012,216120,True,54
Everytime We Touch,Cascada,2018,197124,True,54
We Do It,R & J Stone,2020,199337,False,26
Spanish Harlem,Ben E. King,1961,174293,False,53
Jump!,The Movement,1992,236066,False,22
The Wonder of You,Elvis Presley,2007,153200,False,58
At My Best (feat. Hailee Steinfeld),"mgk, Hailee Steinfeld",2017,199973,False,0
In My Feelings,Drake,2018,217925,True,71
Come Together - Remastered,The Beatles,1969,259946,False,0
Truthfully,DNCE,2016,182653,False,0
you broke me first - Luca Schreiner Remix,"Tate McRae, Luca Schreiner",2020,192338,False,46
Many Rivers To Cross,Toni Childs,1996,327026,False,31
"Truly, Madly, Deeply",Cascada,2006,254986,False,1
Honky Tonk Women - Mono Version,The Rolling Stones,1971,179386,False,53
We No Speak Americano - Radio Edit,"Yolanda Be Cool, DCup",2010,157986,False,0
Flip A Switch. (feat. Coi Leray) - Remix,"RAYE, Coi Leray",2023,201360,True,47
Nothing Compares 2 U,Sinéad O'Connor,2008,280040,False,0
Counting Stars,OneRepublic,2014,257840,False,71
Far Away,Nickelback,2005,238173,False,68
The Blower's Daughter,Damien Rice,2002,288466,False,39
What Makes You Beautiful,One Direction,2012,199986,False,82
Teach Your Children,"Crosby\, Stills\, Nash & Young",1970,173466,False,60
Start Again (feat. Logic),"OneRepublic, Logic",2018,165626,False,56
Turning Japanese,The Vapors,1996,225186,False,48
Beast Of Burden - Remastered 1994,The Rolling Stones,1978,265173,False,75
Friend In the Field,Art vs Science,2009,225453,False,0
Love Is a Drug,Eskimo Joe,2011,223920,False,29
Her Royal Majesty,James Darren,2013,134138,False,0
1979,Good Charlotte,2010,179946,False,38
Been Waiting,Jessica Mauboy,2009,227746,False,30
Runaway,P!nk,2023,162800,False,58
Stuck In The Middle With You,Stealers Wheel,1972,208946,False,76
Sometimes,Britney Spears,1999,245066,False,67
Stolen Dance,Milky Chance,2014,313684,False,4
Shalala Lala,Vengaboys,2009,214819,False,0
Rain,Dragon,1990,219200,False,41
Boom Boom,Justice Crew,2012,187026,False,47
Under Cover of Darkness,The Strokes,2011,235546,False,64
(Baby I've Got You) On My Mind,Powderfinger,2003,200440,False,0
Sorry Not Sorry,Demi Lovato,2017,203760,True,0
Song for Suzy,The Dudley Moore Trio,1971,143826,False,10
L.A. International Airport,Susan Raye,1999,171000,False,31
Ulysses,Franz Ferdinand,2009,189640,False,0
It's Now or Never,Elvis Presley,2017,195800,False,0
Man! I Feel Like A Woman!,Shania Twain,1997,233000,False,0
I Begin to Wonder,Dannii Minogue,2003,219999,False,0
So Much In Love,The Tymes,1963,140466,False,0
Soul to Squeeze,Red Hot Chili Peppers,2003,289533,False,68
Every Little Thing She Does Is Magic - Remastered 2003,The Police,1981,259500,False,0
Follow Me,"Hardwell, Jason Derulo",2015,200010,False,0
Bad Habits,Ed Sheeran,2021,231041,False,6
Rock 'N' Roll Is King,Electric Light Orchestra,1983,225506,False,0
Falling,Alesso,2017,202313,False,48
Sober,P!nk,2008,251533,False,0
Daydreamer (feat. Example) - Radio Edit,"Flux Pavilion, Example",2012,212973,False,32
Twist And Shout,"Chaka Demus & Pliers, Jack Radics, The Taxi Gang",1993,237506,False,0
(Sittin' On) The Dock of the Bay,Michael Bolton,1987,231240,False,37
100 Years,Five For Fighting,2003,244666,False,0
Leaving New York,R.E.M.,2004,289333,False,48
Young Hearts Run Free,Candi Staton,1976,248360,False,70
Lighthouse,The Waifs,2003,201706,False,43
positions,Ariana Grande,2020,172324,False,0
Top Of The World,Carpenters,1972,179173,False,0
The Winner Takes It All,ABBA,1980,294720,False,0
Hook Me Up,The Veronicas,2007,175906,False,22
Bits and Pieces - 2019 - Remaster,The Dave Clark Five,1964,118906,False,0
Better,"What So Not, LPX",2017,214253,False,28
Surrender,The Collective,2012,226986,False,26
Don't Wanna Go Home,Jason Derulo,2011,206080,False,59
Long Haired Lover From Liverpool,Jimmy Osmond,1996,132533,False,30
Don't Believe In Love,Sheppard,2020,203656,False,8
Something So Strong,Crowded House,2010,173964,False,43
Dancing On The Ceiling,Lionel Richie,1986,270720,False,0
Sweat (A La La La La Long),Inner Circle,2010,227067,False,6
Slide,The Goo Goo Dolls,1998,212066,False,71
Eleanor Rigby,Zoot,2010,282026,False,0
Seventeen,Winger,1988,245266,False,6
Following the Sun,"SUPER-Hi, NEEKA",2020,205000,False,60
Weekend Wars,MGMT,2007,250773,False,51
Castle on the Hill,Ed Sheeran,2017,261153,False,78
Starry Eyed,Ellie Goulding,2011,176613,False,0
We Own It (Fast & Furious),"2 Chainz, Wiz Khalifa",2013,227906,False,0
Just A Little Bit,Kids Of 88,2011,180493,False,16
Never Again,Nickelback,2001,260826,True,56
The Golden Age,The Asteroids Galaxy Tour,2009,230360,False,0
So Far Away (feat. Jamie Scott & Romy Dya),"Martin Garrix, David Guetta, Jamie Scott, Romy Dya",2017,183636,False,62
Live In Life,The Rubens,2019,216447,False,42
Who Do U Love,Deborah Cox,2004,261826,False,22
Let Go,Ne-Yo,2006,228693,False,0
Moody Blue,Elvis Presley,1977,169320,False,55
Proud,Heather Small,1999,268600,False,40
The Last Day on Earth,Kate Miller-Heidke,2008,287093,False,45
Image Of A Girl,The Safaris,2011,156720,False,0
Walking To New Orleans - Remastered,Fats Domino,2007,121213,False,27
I Will Always Love You,Whitney Houston,1992,271093,False,77
Rover (feat. DTG),"S1mba, DTG",2020,167916,True,66
Turn the Beat Around,Gloria Estefan,1994,233200,False,36
Break Up In A Small Town,Sam Hunt,2014,229880,False,64
What Other People Say,"Sam Fischer, Demi Lovato",2021,194890,False,30
Step By Step,The Crests,1958,149493,False,4
Forever,Chris Brown,2007,278573,False,0
End Of The Line,Traveling Wilburys,1988,209520,False,66
Hold My Hand,Lady Gaga,2022,225280,False,64
I Still Haven't Found What I'm Looking For,U2,1987,277476,False,76
Solo (feat. Demi Lovato),"Clean Bandit, Demi Lovato",2018,222653,False,67
Only One,"Kanye West, Paul McCartney",2015,280226,False,0
Like Soda,Violent Soho,2016,242133,False,0
Born to Run,Bruce Springsteen,1975,269920,False,71
From This Moment - Revival,Eurika,2017,229416,True,48
Be My Lover,La Bouche,2007,240866,False,55
Under the Bridge,"All Saints, Nelle Hooper",1997,301066,False,40
Sweet Pea,Tommy Roe,2001,132573,False,39
Best Thing I Never Had,Beyoncé,2011,253746,False,65
Ana's Song (Open Fire),Silverchair,1999,222266,False,41
Love Will Keep Us Together,Captain & Tennille,1975,205493,False,59
Electric - Pokemon 25 Version,Katy Perry,2021,193543,False,50
Stay High,"Diplo, HUGEL, Julia Church",2023,188320,False,64
Michael (Row The Boat Ashore),The Highwaymen,2007,165559,False,32
Good Morning Starshine,Oliver,2008,218466,False,0
See You Again (feat. Charlie Puth),"Wiz Khalifa, Charlie Puth",2015,229525,False,81
It Never Rains in Southern California,Albert Hammond,1972,233506,False,67
Key Largo,Bertie Higgins,2010,198946,False,31
One More Try,Mariah Carey,2014,377346,False,13
The Way We Were,Barbra Streisand,1974,211093,False,58
I've Been Thinking About You,Londonbeat,2005,233200,False,0
After the Afterparty (feat. Lil Yachty),"Charli xcx, Lil Yachty",2016,219480,False,46
Hurricane - Radio Edit,"Dzeko & Torres, Sarah McLeod",2013,221921,False,19
Kiwi,Harry Styles,2017,176386,False,68
Stay the Night,James Blunt,2010,216333,False,57
Rebel Rebel - 2016 Remaster,David Bowie,1974,274746,False,68
Black Box,Stan Walker,2009,209253,False,7
Take It All,Adele,2011,228213,False,0
You Used to Hold Me,Calvin Harris,2009,229173,False,46
Drive (feat. Wes Nelson),"Clean Bandit, Topic, Wes Nelson",2021,179374,False,58
Outside Of Me,Killing Heidi,2002,245653,False,23
Gladiator,Dami Im,2014,221146,False,16
The Lord's Prayer 1983,Sister Janet Mead,2006,186000,False,0
Hotline Bling,Drake,2016,267066,False,0
Lay Your Love on Me,Racey,2003,197906,False,33
Currency,Kayla Rae Haywood,2018,204992,False,0
So Beautiful - Single Version,Pete Murray,2003,279520,False,48
We're Not Gonna Take It,Twisted Sister,1984,219666,False,70
Father's Day,Weddings Parties Anything,1992,242306,False,37
I Could Be so Good for You,Dennis Waterman,2007,194213,False,33
This Is America,Childish Gambino,2018,225773,True,0
Lambada - Original Version 1989,Kaoma,1989,207466,False,68
Are You Bored Yet? (feat. Clairo),"Wallows, Clairo",2019,178000,False,79
Lucky Number,Lene Lovich,2005,171093,False,23
1955,"Hilltop Hoods, Montaigne, Tom Thum",2016,239280,False,61
I Say a Little Prayer,Aretha Franklin,2014,212106,False,40
Champagne Supernova - Remastered,Oasis,1995,451320,False,67
So Sad (To Watch Good Love Go Bad) - 2007 Remaster,The Everly Brothers,1960,154400,False,37
Supreme,Robbie Williams,2013,260399,False,41
Tennessee Flat Top Box - 1988 Version,Johnny Cash,2020,188733,False,12
"Hello, Goodbye - Remastered 2009",The Beatles,1967,208840,False,58
Thrift Shop (feat. Wanz),"Macklemore & Ryan Lewis, Macklemore, Ryan Lewis, Wanz",2012,235613,True,63
Devil Inside,INXS,2012,313706,False,0
In2,WSTRN,2015,242121,False,50
Polk Salad Annie,Tony Joe White,1993,223533,False,31
Tin Soldier (Stereo),Small Faces,1967,202680,False,0
Strings And Drums,Kisschasy,2007,192506,False,22
Never Be Your Woman - SHY FX Radio Edit,"Naughty Boy, Wiley, Emeli Sandé, SHY FX",2010,146905,False,38
Semi-Charmed Life - 2006 Remaster,Third Eye Blind,2016,268640,False,0
Your Song,Elton John,2006,242493,False,0
You Gotta Be,Des'ree,1998,240066,False,49
I'm Gonna Be (500 Miles),The Proclaimers,1988,219466,False,74
10:35,"Tiësto, Tate McRae",2023,172252,False,75
Turning Tables,Adele,2011,250000,False,0
Starving,"Hailee Steinfeld, Grey, Zedd",2016,181880,False,0
Genie In a Bottle,Christina Aguilera,1999,217573,False,78
Ain't No Love (Ain't No Use) [feat. Melanie Williams],"Sub Sub, Melanie Williams",1994,315466,False,38
Two Tickets to Paradise (2022 Remaster),Eddie Money,1977,240419,False,58
Toca's Miracle - Radio Edit,Fragma,2022,200483,False,57
OMG (feat. will.i.am),"USHER, will.i.am",2010,269493,False,68
Rock'n Me,Steve Miller Band,1978,187160,False,47
No Air (feat. Chris Brown),"Jordin Sparks, Chris Brown",2007,264373,False,0
Try,P!nk,2012,247906,False,79
Girls Talk,Dave Edmunds,2005,206453,False,0
Saved By The Bell,Robin Gibb,1970,186893,False,3
Wild World,Yusuf / Cat Stevens,1970,200560,False,76
Raining Again,Moby,2005,226000,False,0
Candy Girl,Frankie Valli & The Four Seasons,1963,157800,False,29
Walk Right Back,The Everly Brothers,1993,139666,False,11
Move Closer,Phyllis Nelson,1984,275733,False,0
Khe Sanh,Cold Chisel,2011,250669,False,0
Love Me Like I Love You,Bay City Rollers,1974,199266,False,0
I Swear,All-4-One,2005,259853,False,0
Young And Beautiful,Lana Del Rey,2013,236053,False,84
Touch,Pia Mia,2015,206200,False,0
Stuck,Stacie Orrico,2003,221586,False,52
These Boots Are Made For Walkin',Nancy Sinatra,1966,166008,False,0
Stuck with U (with Justin Bieber),"Ariana Grande, Justin Bieber",2020,228482,False,78
Better Best Forgotten,Steps,2022,223133,False,13
Invincible,Kelly Clarkson,2016,238360,False,30
Back To You - From 13 Reasons Why – Season 2 Soundtrack,Selena Gomez,2018,207904,False,70
Eternal Flame - Remastered,Human Nature,2001,198813,False,27
Ain't Nobody (Loves Me Better) (feat. Jasmine Thompson),"Felix Jaehn, Jasmine Thompson",2018,186146,False,0
Get It Right,"Diplo, MØ",2017,172500,False,0
Mouth,Merril Bainbridge,1995,205733,False,38
I Just Had Sex,"The Lonely Island, Akon",2011,166560,True,0
Head & Heart (feat. MNEK),"Joel Corry, MNEK",2020,166028,False,75
Black Is Black,Los Bravos,2000,176600,False,51
Silhouettes - Original Radio Edit,Avicii,2012,211880,False,0
Spend My Life With You,"Eric Benét, Kevin ""K.D."" Davis",1999,276013,False,58
Where Is The Love?,Black Eyed Peas,2003,272533,False,1
Ain't Gonna Bump No More (With No Big Fat Woman),Joe Tex,1969,403640,False,30
Kashmir - 1990 Remaster,Led Zeppelin,1975,508200,False,2
Feel Good Time,"P!nk, William Orbit",2003,236773,False,0
Look Alive (feat. Drake),"BlocBoy JB, Drake",2018,181263,True,3
Get Right,Jennifer Lopez,2005,225533,False,62
Time After Time,Cyndi Lauper,2014,243066,False,66
Soaked,Bene,2018,241935,False,0
We No Speak Americano,"Yolanda Be Cool, Andrew Stanley, DCup, Matt Handles",2010,130478,False,0
Thrift Shop (feat. Wanz),"Macklemore & Ryan Lewis, Wanz",2012,235613,True,1
You Belong With Me,Taylor Swift,2008,231146,False,56
I.O.I.O.,Bee Gees,1970,175160,False,33
Is It Love,Twenty 4 Seven,2010,237893,False,24
Every Woman In The World,Air Supply,1980,210066,False,37
Keep On Movin',"Five, Steve Mac",2001,197026,False,40
Tonight (I'm Lovin' You),"Enrique Iglesias, Ludacris, DJ Frank E",2010,231293,False,0
The Spartans,Sounds Incorporated,2012,130600,False,2
Wolfsbane,"Love Ghost, Rico Nasty",2021,179243,True,17
Come On Eileen,Dexys Midnight Runners,1982,287306,False,0
Lost on You,LP,2016,268105,False,0
Gotta Tell You,Samantha Mumba,2000,200160,False,56
Love in the First Degree,Bananarama,1987,211409,False,0
Wanted Dead Or Alive,Bon Jovi,1986,308666,False,72
Our Song,"Anne-Marie, Niall Horan",2021,163733,False,57
Scatman (ski-ba-bop-ba-dop-bop),Scatman John,1995,215973,False,68
Tears (feat. Louisa Johnson),"Clean Bandit, Louisa Johnson",2016,225914,False,53
My Head & My Heart,Ava Max,2020,174760,False,71
"Those Lazy, Hazy, Crazy Days Of Summer",Nat King Cole,1963,145013,False,39
Breakfast At Tiffany's,Deep Blue Something,1995,257373,False,69
Woman - Remastered 2010,John Lennon,1980,212933,False,58
Reality - Radio Edit,"Lost Frequencies, Janieck Devy",2015,158466,False,0
The Show Must Go On - Remastered 2011,Queen,1991,277826,False,66
I'm Not The Only One,Sam Smith,2014,239316,False,82
When Will I See You Again,The Three Degrees,1973,178746,False,59
"Sorry, Blame It On Me",Akon,2006,295746,False,0
Sea of Love - 2006 Remaster,The Honeydrippers,1984,183880,False,51
Walk Like an Egyptian,The Bangles,1986,204933,False,50
Low Blows,Meg Mac,2017,212786,False,38
Judy in Disguise (With Glasses),John Fred and His Playboy Band,2012,174744,False,18
R.O.C.K. In The U.S.A. (A Salute To 60's Rock),John Mellencamp,1985,174360,False,0
Hey Little Cobra,The Rip Chords,2011,121106,False,1
Epic - 2009 Remaster,Faith No More,2009,294080,False,19
Stand By You,Marlisa,2014,192040,False,36
Faith - Remastered,George Michael,1987,193200,False,77
"Fastlove, Pt. 1",George Michael,1996,324666,False,62
"When You Believe (from ""The Prince of Egypt"")","Mariah Carey, Whitney Houston",2014,274466,False,21
Kings of the World,Mississippi,1972,149635,False,19
Love Story (Taylor’s Version),Taylor Swift,2021,235766,False,77
Immigrant Song - 1990 Remaster,Led Zeppelin,1970,145066,False,0
Green,Alex Lloyd,2001,242160,False,29
Lay All Your Love On Me,Erasure,1992,285266,True,0
Animal Rights - Radio Edit,"deadmau5, Wolfgang Gartner",2010,157245,False,15
"Kernkraft 400 - DJ Gius Mix, Radio Edit",Zombie Nation,2006,207266,False,59
Twilight Zone,2 Unlimited,2014,248196,False,0
Spanish Guitar,Toni Braxton,2000,289000,False,56
It's Only Natural,Crowded House,2012,211973,False,0
Melting Pot,Blue Mink,2000,227640,False,0
Monsters (feat. Demi Lovato and blackbear),"All Time Low, Demi Lovato, blackbear",2020,174424,False,38
"Footloose - From ""Footloose"" Soundtrack",Kenny Loggins,2002,226293,False,61
Time of Our Lives - Radio Edit,"Pitbull, Ne-Yo",2018,214080,False,41
Dandy,Herman's Hermits,2004,121360,False,9
Fingers Crossed,Lauren Spencer Smith,2022,175344,False,60
Feel The Love,"Marvin Priest, Fatman Scoop",2011,214173,False,8
Outlines - Radio Edit,"Mike Mago, Dragonette",2015,176413,False,0
It's Good News Week,Hedgehoppers Anonymous,2013,125586,False,0
Cherish,Madonna,2009,229600,False,49
Make It with You,Bread,1973,192200,False,54
Horror Movie - remastered,Skyhooks,1999,227720,False,0
Youth (feat. Khalid),"Shawn Mendes, Khalid",2018,189973,False,0
Dr. Love,Tina Charles,2012,189320,False,11
Rain,The Script,2017,209346,True,56
Never Miss A Beat,Kaiser Chiefs,2008,186946,False,54
Undisclosed Desires,Muse,2009,235000,False,66
But It's Better If You Do,Panic! At The Disco,2005,205752,False,52
Love Tonight (Edit),Shouse,2017,241970,False,68
Take A Picture,Filter,1999,363800,False,61
Impossible,Christina Aguilera,2002,254493,False,43
One Four Five,The Cat Empire,2003,204773,False,1
Welcome To New York,Taylor Swift,2014,212600,False,0
Good Luck Charm,Elvis Presley,1963,145080,False,53
I Like It,"Cardi B, Bad Bunny, J Balvin",2019,253390,False,0
Praise You,Fatboy Slim,2006,227973,False,0
"Hey Mama (feat. Nicki Minaj, Bebe Rexha & Afrojack)","David Guetta, AFROJACK, Bebe Rexha, Nicki Minaj",2014,192560,False,72
"Never Seen Anything ""Quite Like You""",The Script,2014,202586,False,50
Never Let Me Go,Florence + The Machine,2011,271377,False,0
Dance Monkey,Tones And I,2019,209754,False,60
You Drive Me Crazy - (Single Version) [Remastered],Shakin' Stevens,2005,172666,False,0
What a Girl Wants,Christina Aguilera,1999,215866,False,0
Numb Little Bug,Em Beihold,2022,169237,False,68
Jesamine,The Casuals,1968,221306,False,4
Ships In The Night,Vicki Lawrence,1974,185413,False,0
Never Ever,All Saints,2001,387573,False,38
Run,Leona Lewis,2007,314720,False,57
Trampoline (with ZAYN),"SHAED, ZAYN",2019,184280,False,61
My Coo Ca Choo,Alvin Stardust,1974,167000,False,41
Two of Us,Louis Tomlinson,2019,217855,False,43
Changing,John Mayer,2017,213933,False,31
I Never Loved You Anyway,The Corrs,1998,233560,False,41
Already Gone,Kelly Clarkson,2009,281560,False,39
Sometimes When We Touch,Newton,1997,248080,False,0
WILD,Troye Sivan,2015,227871,False,0
St. Elmos Fire (Man in Motion),John Parr,1985,251800,False,63
Live It Up,"360, PEZ",2014,228029,False,43
Sunflower - Spider-Man: Into the Spider-Verse,"Post Malone, Swae Lee",2018,158040,False,80
Remind Me,Conrad Sewell,2015,186264,False,30
Hold It Against Me,Britney Spears,2011,228826,False,54
Don't Tell Me,Avril Lavigne,2004,202013,True,58
Get Busy,Sean Paul,2002,211666,False,3
You've Got The Love,Florence + The Machine,2010,168666,False,0
Say Something,"A Great Big World, Christina Aguilera",2014,229400,False,68
If I Had Words,"Scott Fitzgerald, Yvonne Keeley",2020,228960,False,38
Payphone,"Maroon 5, Wiz Khalifa",2012,231173,True,82
Boyfriend,Selena Gomez,2020,161188,False,48
Fake,"Lauv, Conan Gray",2020,146375,False,0
Epic,Faith No More,1989,293653,False,52
Ding Dong! the Witch Is Dead,The Fifth Estate,2016,122920,False,15
One Sweet Day,"Mariah Carey, Boyz II Men",2015,281253,False,24
Pride,Ray Brown And The Whispers,1988,134573,False,19
Pump Up The Jam - Edit,"Technotronic, Felly",2011,215040,False,0
I Say a Little Prayer,Aretha Franklin,1968,216773,False,75
Leave Before You Love Me (with Jonas Brothers),"Marshmello, Jonas Brothers",2021,154983,False,78
Never Say Never - Radio Edit,Vandalism,2005,176640,False,12
Waiting For Love,Avicii,2015,230613,False,1
Come & Get It,Selena Gomez,2013,231986,False,0
I'm Blue (The Gong-Gong-Song),The Ikettes,2013,129515,False,6
Wildest Dreams,Taylor Swift,2014,220440,False,0
Scared to Be Lonely,"Martin Garrix, Dua Lipa",2017,220883,False,78
Paloma Blanca,George Baker Selection,1975,233826,False,27
Pink Houses,John Mellencamp,1983,283666,False,60
Rock & Roll I Gave You The Best Years Of My Life,Kevin Johnson,1974,326608,False,0
Classical Gas,Mason Williams,2005,184066,False,0
Through the Wire (Radio Edit),"The Immigrant, Danny Ross",2010,258147,False,0
Losing My Religion,R.E.M.,1991,267733,False,0
Starships,Nicki Minaj,2012,210626,False,43
Creep,Radiohead,1993,235666,True,0
Bigger Than Us,White Lies,2011,282973,False,0
Love is a Beautiful Song,Dave Mills,1983,259800,False,0
Marry Me,Robbie Williams,2016,233826,False,20
Leave a Light On,Belinda Carlisle,1989,278360,False,51
Cars,Gary Numan,1979,238906,False,0
These Days,Powderfinger,2000,298533,False,53
Can't Rely on You,Paloma Faith,2014,195146,False,40
See the Sun,Dido,2003,305680,False,35
Knock Three Times,Tony Orlando & Dawn,1973,180360,False,47
Animals - Radio Edit,Martin Garrix,2013,176117,False,0
Fight for You,Jason Derulo,2011,242173,False,49
Summer Breeze,Seals and Crofts,1972,205480,False,65
The Monkey Time,Major Lance,2006,165722,False,1
Wild Heart,The Vamps,2014,191870,False,52
Lonely,"Diplo, Jonas Brothers",2019,139813,False,1
Nothing Matters,Jess & Matt,2015,182140,False,12
Overpass Graffiti,Ed Sheeran,2021,236906,False,66
I Don't Wanna Be In Love (Dance Floor Anthem),Good Charlotte,2008,244000,False,55
If You're Over Me,Olly Alexander (Years & Years),2018,189000,False,45
Gotta Get Thru This - Radio Edit,Daniel Bedingfield,2010,151200,False,0
Crush,Pendulum,2010,253706,False,52
Problem,"Ariana Grande, Iggy Azalea",2014,193920,False,75
No Diggity,"Blackstreet, Dr. Dre, Queen Pen",1996,304600,False,0
Black & Gold - Radio Edit,Sam Sparro,2009,210360,False,41
Chewy Chewy,Ohio Express,2001,158866,False,22
I Want You Back,The Jackson 5,1971,178493,False,57
I Just Wanna Live,Good Charlotte,2010,165946,False,45
Love On Display,Guy Sebastian,2020,183632,False,38
Encore Une Fois,Sash!,1997,390000,False,40
Spinning Wheel,"Blood\, Sweat & Tears",1968,244200,False,0
Fall Of Rome,James Reyne,1988,299360,False,35
Better the Devil You Know,Kylie Minogue,2012,233680,False,27
Drop the Game,"Flume, Chet Faker",2013,221894,False,0
I Am Blessed,"Eternal, Simon Climie",1995,264173,False,26
Pop a Bottle (Fill Me Up),Jessica Mauboy,2013,224693,False,38
The Lady In Red,Chris de Burgh,2001,254573,False,46
Two Wrongs (feat. Claudette Ortiz),"Wyclef Jean, Claudette Ortiz",2002,231133,False,43
Juke Box Hero,Foreigner,1981,259799,False,66
Fall Down,"will.i.am, Miley Cyrus",2013,307493,False,0
You Keep Me Hangin On,Kim Wilde,1986,255220,False,62
Beverly Hills,Weezer,2005,196093,False,69
Golden Brown,The Stranglers,1981,206760,False,68
Respect - 2003 Remaster,Aretha Franklin,2007,142186,False,56
Big Girls Don't Cry,Frankie Valli & The Four Seasons,2003,145973,False,45
good 4 u,Olivia Rodrigo,2021,178147,True,17
Don't Stand So Close To Me - Remastered 2003,The Police,1980,242666,False,0
Rose Garden,Lynn Anderson,1971,175866,False,61
Maniac,Michael Sembello,2006,257933,False,0
Pop!ular,Darren Hayes,2004,233013,False,21
HandClap,Fitz and The Tantrums,2016,193253,False,65
Untouched,The Veronicas,2007,255360,False,63
I Never Can Say Goodbye,Gloria Gaynor,2012,193413,False,33
BURN IT DOWN,Linkin Park,2012,230253,False,77
Ass Back Home (feat. Neon Hitch),"Gym Class Heroes, Neon Hitch",2011,222213,True,58
Lost In Japan,Shawn Mendes,2018,200133,False,0
Unbelievable,EMF,1991,209813,True,63
You,Nathaniel,2016,201093,False,4
Without You,Harry Nilsson,1967,202026,False,0
Bossa Nova Baby,Elvis Presley,1963,122760,False,45
Angel - 2002 Remaster,Cliff Richard,1965,142066,False,13
Yeah!,"USHER, Lil Jon, Ludacris",2004,250066,False,0
Lonely,Joel Corry,2020,190955,False,40
Cry Me a River,Justin Timberlake,2002,288333,False,75
Don't Play,"Anne-Marie, KSI, Digital Farm Animals",2021,188580,False,50
You And Me,Lifehouse,2005,195493,False,0
Black Magic,Little Mix,2015,211773,False,0
No Diggity,"Lucas & Steve, Blackstreet",2021,168727,False,48
River (feat. Ed Sheeran),"Eminem, Ed Sheeran",2017,221013,False,27
You Oughta Know - 2015 Remaster,Alanis Morissette,1995,249493,True,66
Lovin On Me,Jack Harlow,2023,138411,True,81
Ghost,Justin Bieber,2021,153190,False,84
EveryTime I Cry,Ava Max,2021,177855,False,57
My Happy Ending,Avril Lavigne,2004,242413,True,69
For the Good Times,Perry Como,2004,217733,False,19
She's A Fool,Lesley Gore,1963,127000,False,0
A Cowboy's Work Is Never Done,Sonny & Cher,1998,194733,False,22
Angie Baby,Helen Reddy,1974,210693,False,39
Opposites Attract,Paula Abdul,1988,265373,False,48
Passenger,Powderfinger,1998,260973,False,0
Real Wild Child (Wild One),Iggy Pop,2005,219693,False,30
My My My!,Troye Sivan,2018,204726,False,63
Everybody Have Fun Tonight,Wang Chung,1986,287360,False,53
Threnody (Bombs Away Remix),Naeleck,2016,247309,False,55
Candy Girl,New Edition,1983,235373,False,48
Errol - Remastered,Australian Crawl,1981,210720,False,53
I Can't Go for That (No Can Do),Daryl Hall & John Oates,1981,307306,False,64
Never Let Me Go,Florence + The Machine,2011,270973,False,66
I Only Want To Be With You,Dusty Springfield,1964,158200,False,62
I'm Outta Love,Anastacia,2010,245400,False,44
Hard To Get To Love,Chris Sebastian,2021,144868,False,19
I'm Your Little Boy,Heintje,1970,165920,False,21
This Is How We Do,Katy Perry,2013,204285,False,0
Open Season,Josef Salvat,2014,243113,False,0
Break Your Heart,"Taio Cruz, Ludacris",2011,185186,False,48
I Owe You Nothing,"Bros, Ric Wake, Bob Cadway",2013,220186,False,35
Oops!...I Did It Again,Britney Spears,2000,211160,False,80
Insomnia,"Faithless, Rollo Armstrong, Sister Bliss",1996,527240,False,49
I'm Into You,"Jennifer Lopez, Lil Wayne",2011,200133,False,59
Set Fire to the Rain,Adele,2011,242973,False,1
Life for Rent,Dido,2003,221053,False,59
The Loco-Motion,Kylie Minogue,1988,194133,False,42
Undressed,Kim Cesarion,2014,222000,True,48
Sk8er Boi,Avril Lavigne,2002,204000,False,77
Young Blood,The Naked And Famous,2010,246600,False,65
You Give Love A Bad Name,Bon Jovi,2010,223146,False,0
Stay (with Alessia Cara),"Zedd, Alessia Cara",2017,210090,False,0
Touch Me In The Morning - First Pressing Single Version,Diana Ross,1973,233106,False,34
"It Must Have Been Love - From the Film ""Pretty Woman""",Roxette,1995,258786,False,61
Black & Blue,Guy Sebastian,2015,219314,False,28
I Wanna Be Down,Brandy,1994,291666,False,62
Blue Suede Shoes,Elvis Presley,1956,119200,False,65
Heroes - 2017 Remaster,David Bowie,1977,371413,False,73
The Night Chicago Died,Paper Lace,2008,203333,False,47
Blue Sky Mine - Remastered,Midnight Oil,1997,260160,False,33
Crazy Mama,J.J. Cale,1972,142866,False,56
Your Love (9PM),"ATB, Topic, A7S",2021,150052,False,75
"How Far I'll Go - From ""Moana""",Alessia Cara,2016,175517,False,0
The One That Got Away,Katy Perry,2010,227333,False,64
death bed (coffee for your head),"Powfu, beabadoobee",2020,173333,False,78
Feel like Makin' Love - 2015 Remaster,Bad Company,2015,314600,False,28
Pompeii,Bastille,2013,214147,False,69
Comedown,Bush,1994,326600,False,0
Superstar,Jamelia,2009,215480,False,0
In This Life,Delta Goodrem,2007,227720,False,0
Mother's Little Helper,The Rolling Stones,1966,164893,False,51
Alone,Heart,1987,218733,False,72
We Are the Champions (Ding a Dang Dong) - Radio Edit,Crazy Frog,2009,179600,False,0
Runnin' Down A Dream,Tom Petty and the Heartbreakers,2000,264333,False,0
My Kind Of Scene,Powderfinger,2000,277333,False,0
Dangerously,Charlie Puth,2016,199133,False,64
Dusk Till Dawn (feat. Sia) - Radio Edit,"ZAYN, Sia",2017,239000,False,70
Simon Says,1910 Fruitgum Company,2001,135493,False,25
Knock On Wood,Amii Stewart,2012,250520,False,7
Get Ready for This,2 Unlimited,1992,225493,False,30
Bonaparte's Retreat,Glen Campbell,1974,169000,False,30
Yellow,Coldplay,2000,266773,False,89
Count on Me,Bruno Mars,2010,197469,False,74
The Loco-Motion,Grand Funk Railroad,2006,166813,False,39
Alone,Bee Gees,1997,290066,False,0
I Will Wait,Mumford & Sons,2012,276720,False,69
The Safety Dance,Men Without Hats,2013,164866,False,59
The Cure,Lady Gaga,2017,211363,False,0
Are You Gonna Be My Girl,Jet,2003,213800,False,76
If Only,Hanson,2005,270426,False,0
The Last Time - Mono Version,The Rolling Stones,1965,221493,False,44
Raise The Alarm,The Living End,2008,217480,False,29
California Dreamin' - Single Version,The Mamas & The Papas,1966,162373,False,79
Am I Wrong,Nico & Vinz,2014,247520,False,55
"Turn Around (5,4,3,2,1)",Flo Rida,2010,201386,False,60
Love Myself,Hailee Steinfeld,2015,218773,False,0
Whatta Man (feat. En Vogue) - EP Version,"Salt-N-Pepa, En Vogue",2001,296213,False,43
Rich Girl,"Gwen Stefani, Eve",2004,236213,False,67
Monterey,Eric Burdon & the Animals,1968,276626,False,29
Million Dollar Riff - 2015 Version,Skyhooks,2015,230480,False,22
Way To Go!,Rogue Traders,2005,196346,False,21
Just Feel Better (feat. Steven Tyler),"Santana, Steven Tyler",2007,252306,False,47
Rehab - Pharoahe Monch Remix,"Amy Winehouse, Pharoahe Monch",2015,216426,True,30
Call Me Maybe,Carly Rae Jepsen,2012,193400,False,72
Booty,"Jennifer Lopez, Iggy Azalea",2014,209699,False,0
"Can't Get Enough Of Your Love, Babe",Barry White,1974,274000,False,0
Heartbreak Warfare,John Mayer,2009,269720,False,61
Tears and Rain,James Blunt,2005,244226,False,51
Why Not,Hilary Duff,2003,179533,False,49
Stay (feat. Maty Noyes),"Kygo, Maty Noyes",2016,239465,False,59
Secrets,"Regard, RAYE",2020,176766,True,65
Gold on the Ceiling,The Black Keys,2011,224333,False,73
Stay Awhile,The Bells,2018,204333,False,0
Billionaire (feat. Bruno Mars),"Travie McCoy, Bruno Mars",2010,211160,True,74
Calypso,Spiderbait,2005,110813,False,0
Gimme Some Lovin',The Spencer Davis Group,1989,176066,False,42
Love Yourself,Justin Bieber,2015,233720,False,1
Amnesia,5 Seconds of Summer,2014,237247,False,0
Untouchable,Johnny Ruffo,2013,193373,False,12
"It's All Over Now, Baby Blue",Graham Bonnet,1977,251093,False,38
Heartless,The Weeknd,2020,198266,False,44
Met Him Last Night (feat. Ariana Grande),"Demi Lovato, Ariana Grande",2021,204631,True,50
Bohemian Rhapsody - Remastered 2011,Queen,1975,354320,False,3
Can't You Hear My Heartbeat,Herman's Hermits,2004,135240,False,28
Best Night,Justice Crew,2012,215786,False,39
Moderation,Florence + The Machine,2019,188615,False,49
Love Never Felt So Good,"Michael Jackson, Justin Timberlake",2014,246026,False,70
It Keeps Right On A-Hurtin',Johnny Tillotson,2011,173466,False,0
Uncover,Zara Larsson,2013,214133,False,0
Resurrection Shuffle - Remastered,"Ashton\, Gardner & Dyke",2014,193760,False,29
A Song for You,Dami Im,2016,217693,False,13
Dreamlover,Mariah Carey,1993,232960,False,1
Take This Heart,Richard Marx,1997,250666,False,30
Slow Dance (feat. Ava Max),"AJ Mitchell, Ava Max",2019,178799,False,54
Make A Move On Me,Olivia Newton-John,2005,196640,False,0
Lemon,U2,1993,418226,False,0
The Carnival Is Over - Mono; 2009 Remaster,The Seekers,2009,189586,False,11
Let Me,ZAYN,2018,185702,False,0
A.M.,One Direction,2015,209040,False,59
1000x,"Jarryd James, BROODS",2016,240933,False,0
Magic,Coldplay,2014,285014,False,72
Almost Love,Sabrina Carpenter,2018,212371,False,0
Someone Like You,Adele,2011,285240,False,2
I Like That,Richard Vission & Static Revenger Starring Luciana,2009,142933,False,40
Waiting for a Girl like You,Foreigner,1981,292066,False,72
Pjanoo - Radio Edit,Eric Prydz,2008,157432,False,63
Tired Of Talking,Rojdar,2019,178477,False,1
Quit Playing Games (With My Heart),Backstreet Boys,1996,232666,False,68
Angels,John Farnham,2003,337866,False,12
Suspicion,Terry Stafford,1994,154906,False,42
Hurricane,Bob Dylan,1976,512732,True,64
See You at the Show,Nickelback,2003,244066,False,39
Don't Give Up,"Shannon Noll, Natalie Bassingthwaighte",2009,280546,False,16
Blue Sky Mine - 2011 Remaster,Midnight Oil,1990,255600,False,54
Cavalry - 2017 Remastered,Daryl Braithwaite,2017,215866,False,5
Over Drinking Over You,Busby Marou,2019,180047,False,15
Instant Karma! (We All Shine On) - Remastered 2010,"John Lennon, The Plastic Ono Band, Yoko Ono",2010,205133,False,0
Friday To Sunday,Justice Crew,2010,192453,False,0
Pressure Down,John Farnham,1986,227360,False,47
Can't Stop Myself from Loving You,William Shakespeare,2014,193040,False,0
7 Days and One Week - Radio Edit,BBE,2009,271621,False,4
Get Out,Casey Abrams,2012,211920,False,32
The Riddle,Nik Kershaw,1984,232933,False,0
Le Freak - 2018 Remaster,CHIC,2018,331360,False,53
Saturday Night (feat. Ludacris),"Jessica Mauboy, Ludacris",2011,206920,False,30
Baby It's You,The Shirelles,2009,161440,False,0
Carry On (Her Letter To Him),Ne-Yo,2012,236960,False,28
Elevation,U2,2006,227106,False,0
Don't Stop Me Now - Remastered 2011,Queen,1978,209413,False,73
Rollercoaster,B*Witched,1998,203640,False,24
More Than I Can Say,Leo Sayer,1975,222666,False,42
Call Out My Name,The Weeknd,2018,228373,False,0
Boom Boom Boom,The Outhere Brothers,2017,255516,False,0
Therefore I Am,Billie Eilish,2020,174321,False,69
Total Eclipse of the Heart,Bonnie Tyler,2010,267266,False,44
Domino,Jessie J,2011,231840,False,75
Shy Guy,Diana King,1995,258560,False,58
Let Me Love You,Mario,2004,256733,False,72
All For You - Acoustic Version,Sister Hazel,1994,203440,False,0
1-800-273-8255,"Logic, Alessia Cara, Khalid",2017,250173,True,0
Rhythm Of The Night,DeBarge,1985,229106,False,0
Devil Woman,Cliff Richard,1977,214575,False,49
If Tomorrow Never Comes,Ronan Keating,2004,214320,False,40
Rock & Roll Music,Mental As Anything,1989,182466,False,30
Feels Like Woah,Wesley Dean,2009,192960,False,28
Safe And Sound,Capital Cities,2013,192789,False,0
Bohemian Rhapsody - Remastered 2011,Queen,1975,354320,False,78
Out Of The Blue,Delta Goodrem,2004,265200,False,27
I Believe,Marcella Detroit,2012,292106,False,0
Georgia,Vance Joy,2014,230506,False,0
Obsesion (No Es Amor) (feat. Baby Bash),"Frankie J, Baby Bash",2005,225826,False,26
Get Down,Gilbert O'Sullivan,1973,159680,False,0
Cherry Pie,Warrant,1990,201026,False,59
Love$ick (feat. A$AP Rocky),"Mura Masa, A$AP Rocky",2017,192160,True,0
Let's Go,Wang Chung,1986,270426,False,37
Lose Yourself,Eminem,2014,320626,True,69
everything i wanted,Billie Eilish,2019,245425,False,82
"Knowing Me, Knowing You",ABBA,1976,241920,False,0
LaserLight,"Jessie J, David Guetta",2011,211946,False,40
Love Runs Out,OneRepublic,2014,224853,False,61
The Time Warp,"Richard O'Brien, Patricia Quinn, Nell Campbell",2015,198049,False,43
Party In The U.S.A.,Miley Cyrus,2009,202066,False,75
Surfin' USA,Leif Garrett,1998,143066,False,27
In the Chapel in the Moonlight,Dean Martin,2014,152346,False,25
Day Drunk,Morgan Evans,2018,194898,False,53
Treat Me Good,Bachelor Girl,1998,321293,False,25
Birthday,Anne-Marie,2020,181466,False,53
River (feat. Ed Sheeran),"Eminem, Ed Sheeran",2017,221013,True,72
Deep End,Birdy,2016,208840,False,31
Despacito,"Luis Fonsi, Daddy Yankee",2019,229360,False,78
Sorry,Justin Bieber,2015,200786,False,0
Hip Hop Holiday (Radio Mix) [Bonus Track],3 The Hard Way,2012,219160,False,0
The Others - Radio Edit,"TV Rock, Dukes of Windsor",2007,203866,False,0
The Ghost Inside,Broken Bells,2010,198040,False,56
Everybody Wants To Rule The World,Tears For Fears,1985,251488,False,85
Kiss,Prince,1986,226240,False,74
"This Is My Song - From ""A Countess From Hong Kong""",Harry Secombe,1997,197133,False,7
Same Old Love,Selena Gomez,2015,229080,False,67
Rubber Bullets,10cc,1973,318853,False,0
Here I Am,Natalie Gauci,2007,226373,False,9
Break Ya Neck,Busta Rhymes,2001,231240,True,1
Angel Baby,Rosie & The Originals,1993,227624,False,0
Everytime You Need Me,Fragma,2001,210440,False,0
Melanie Makes Me Smile,The Strangers,2017,192160,False,0
Maniac,Michael Sembello,1983,244706,False,1
Funky Cold Medina,Tone-Loc,1989,248160,False,0
Sky High,Newton,1997,243240,False,0
Spare Me The Details,The Offspring,2003,204240,True,0
Resolution,Matt Corby,2013,256389,False,52
Hope,"Shaggy, Prince Mydas",2000,226706,False,46
Boogie Wonderland,"Earth\, Wind & Fire, The Emotions",1979,288293,False,76
Past Life (with Selena Gomez),"Trevor Daniel, Selena Gomez",2020,186480,False,0
Hands Out Of My Pocket,Cold Chisel,2011,138411,False,0
Can't Stop,Red Hot Chili Peppers,2002,269000,False,83
Healing Hands,Conrad Sewell,2018,250820,False,41
Baby Workout,Jackie Wilson,1963,182413,False,30
Houdini,Dua Lipa,2023,185917,False,76
Pony,Ginuwine,1999,251733,True,69
Young at Heart,Amy Meredith,2010,231053,False,0
Psycho (feat. Ty Dolla $ign),"Post Malone, Ty Dolla $ign",2018,221440,True,73
Walking On Sunshine,Katrina & The Waves,1985,238733,False,76
Let's Get Rocked,Def Leppard,1992,295957,False,53
"I'm the One (feat. Justin Bieber, Quavo, Chance the Rapper & Lil Wayne)","DJ Khaled, Justin Bieber, Quavo, Chance the Rapper, Lil Wayne",2017,288876,True,62
Emotions,Mariah Carey,1991,248093,False,60
Space Oddity - 2015 Remaster,David Bowie,2015,318026,False,31
Love Lies (with Normani),"Khalid, Normani",2018,201707,False,70
The Night Has A Thousand Eyes,Bobby Vee,1963,155666,False,0
Live It Up - Remastered,Mental As Anything,2019,228630,False,48
Party People,"Nelly, Fergie",2008,243480,False,0
Josh,Peach PRC,2021,160204,False,10
Don't Want to Leave You,Scouting For Girls,2008,178600,False,0
Hymn for the Weekend,Coldplay,2015,258266,False,83
Stay With Me,Sam Smith,2014,172723,False,0
Give Me Love (Give Me Peace On Earth),George Harrison,1973,215693,False,0
How Will I Know,Whitney Houston,1985,275533,False,69
Magic,The Cars,2002,239626,False,38
Hot Stuff,"Kygo, Donna Summer",2020,199007,False,60
Dilemma (feat. Kelly Rowland),"Nelly, Kelly Rowland",2002,289666,False,55
I Was Made For Lovin' You,KISS,1979,271240,False,81
The Less I Know The Better,Tame Impala,2015,216320,True,83
Lisztomania,Phoenix,2009,241546,False,0
Ten Days,Missy Higgins,2004,226186,False,43
Broken,Lifehouse,2007,286480,False,35
The Break Up Song,The Greg Kihn Band,2012,170986,False,0
FutureSex / LoveSound,Justin Timberlake,2006,242226,False,37
Memories (feat. Kid Cudi),"David Guetta, Kid Cudi",2010,210853,False,61
All Out Of Fight,P!nk,2023,212306,False,62
Think About You,Delta Goodrem,2018,188959,False,28
My Name Is Jack - Mono Version,Manfred Mann,1968,168626,False,20
Call You Mine (feat. Bebe Rexha),"The Chainsmokers, Bebe Rexha",2019,217653,False,0
Going Up The Country,Canned Heat,1987,171373,False,59
Wait,Maroon 5,2017,190642,False,0
Get Along,Guy Sebastian,2012,261839,False,0
Evil Woman,Electric Light Orchestra,1972,259826,False,63
Six Ribbons - Soundtrack Version,"Jon English, Mario Millo",1993,194706,False,0
Milkshake,Kelis,2003,182626,False,23
Bedroom Floor,Liam Payne,2017,188346,False,0
Then He Kissed Me,The Crystals,2011,158853,False,59
Godzilla (feat. Juice WRLD),"Eminem, Juice WRLD",2020,210800,True,81
Paper Planes,M.I.A.,2007,205200,False,23
Celebration,Kool & The Gang,1980,298866,False,69
The Price Of Love,Bryan Ferry,1976,207906,False,33
Dream A Little Dream Of Me - Album Version With Introduction,The Mamas & The Papas,1968,194426,False,0
Love Not War (The Tampa Beat),"Jason Derulo, Nuka",2020,192921,False,62
Buddy Holly,Weezer,1994,159226,False,75
US Forces - Remastered Version,Midnight Oil,2012,245706,False,27
Harder To Breathe,Maroon 5,2002,173693,False,1
Look At Her Now,Selena Gomez,2019,162595,False,4
Lithium,Nirvana,2002,257133,False,0
We'll Sing in the Sunshine,Gale Garnett,1964,179120,False,37
When I Get There,P!nk,2023,200173,False,0
Apple Eyes,SWOOP,1995,206466,False,32
Wasted Days and Wasted Nights,Freddy Fender,1991,166040,False,48
You Got It,Roy Orbison,1989,210266,False,69
Stomp! - Single Version,The Brothers Johnson,2003,247133,False,57
With A Little Luck - Remastered 1993,Wings,1978,344773,False,0
Love Song,Sara Bareilles,2007,258826,False,72
Jam up Jelly Tight (Rerecorded),Tommy Roe,2007,139226,False,3
Say You Won't Let Go,James Arthur,2016,211466,False,85
Firefly,Ed Sheeran,2011,254999,False,40
What the Hell,Avril Lavigne,2011,220706,False,73
Trip,Ella Mai,2018,213993,False,71
My People,The Presets,2008,270520,False,47
Don't Stop 'Til You Get Enough,Michael Jackson,1979,365466,False,74
Walks Like Rihanna,The Wanted,2013,202880,False,0
Against All Odds (Take A Look at Me Now) (feat. Westlife),"Mariah Carey, Westlife",2015,200480,False,33
Let's Stick Together,Bryan Ferry,1976,179160,False,54
I Touch Myself,Divinyls,1991,227640,False,61
Riding the Wave,Sheppard,2018,204750,False,8
(I Just) Died in Your Arms,Cutting Crew,2017,275920,False,0
I Will Survive - Single Version,Gloria Gaynor,2000,198066,False,64
Rain,Madonna,1992,324733,False,49
Here I Go Again - Radio Version,Whitesnake,2002,234200,False,13
Unpretty,TLC,1999,278066,False,59
Girls,The 1975,2013,254613,False,0
Scattered Diamonds,Hungry Kids of Hungary,2010,217746,False,0
Edge of Seventeen,Stevie Nicks,2007,329680,False,65
You Got Nothing I Want - 2011 Remastered,Cold Chisel,1982,197594,False,42
I'm A Believer,Smash Mouth,2001,185306,False,0
Ride on Time,Black Box,1990,272147,False,62
Galvanize - Edit,The Chemical Brothers,2008,268800,False,0
The Mighty Quinn - Mono Version,Manfred Mann,1997,170680,False,33
I'm Sorry,Brenda Lee,2014,155426,False,19
Stay The Night - Featuring Hayley Williams Of Paramore,"Zedd, Hayley Williams",2014,217346,False,61
Be Mine,Ofenbach,2016,161322,False,73
Rare,Selena Gomez,2020,220589,False,57
Bad Moon Rising,The Reels,2007,224840,False,0
Am I Ever Gonna See Your Face Again (live),The Angels,2011,258386,True,0
Say It Right,Nelly Furtado,2006,223080,False,78
To Lose My Life,White Lies,2009,191040,False,0
bad guy (with Justin Bieber),"Billie Eilish, Justin Bieber",2019,194839,False,61
Do Right,Glades,2017,194988,False,0
Angels,Robbie Williams,1997,265000,False,73
Watercolour - Full Version; Single,Pendulum,2010,304106,False,55
Warrior,Havana Brown,2013,226295,False,34
The Best Thing (2008) - Radio Edit,Hook N Sling,2009,242904,False,25
Beautiful Life,Ace of Base,1995,221186,False,66
Otherside,Red Hot Chili Peppers,1999,255373,False,79
Hearts a Mess,Gotye,2006,366093,False,0
Light Switch,Charlie Puth,2022,185680,False,25
Big Energy (feat. DJ Khaled) - Remix,"Latto, Mariah Carey, DJ Khaled",2022,181665,False,54
Lithium,Evanescence,2006,224106,False,63
Rock That Body,Black Eyed Peas,2009,268840,False,56
Beautiful Day,U2,2000,248400,False,0
Circles,Post Malone,2019,214906,False,1
Fat Bottomed Girls - Remastered 2011,Queen,2011,202440,False,0
Fresh Eyes,Andy Grammer,2016,198001,False,0
Case Of You,Marques Houston,2009,251986,False,9
Lady - Hear Me Tonight,Modjo,2001,307153,False,78
This Girl (Kungs Vs. Cookin' On 3 Burners),"Kungs, Cookin' On 3 Burners",2016,195546,False,77
Dream On,Aerosmith,1973,266960,False,8
Daddy Cool,Boney M.,1976,208600,False,69
Domino Dancing,Pet Shop Boys,1998,258333,False,63
Heartbreak Hotel,Elvis Presley,1958,127560,False,57
The Look Of Love - Pt. 1,ABC,1982,209160,False,0
Wiggle It - Radio Version,2 In A Room,1990,245853,False,31
Babe,"Sugarland, Taylor Swift",2018,215106,False,51
Dancing On My Own - Tiësto Remix,"Calum Scott, Tiësto",2016,224391,False,0
Lose Control,Teddy Swims,2023,210688,False,89
broken,lovelytheband,2018,204878,False,65
Talk To Me,Sunny & The Sunglows,2015,164600,False,32
"Baby, I Love Your Way",Big Mountain,1999,249520,False,67
Thank You - Single Edit,Jamelia,2003,194813,False,0
Just A Little,Liberty X,2002,236133,False,0
"Evergreen (Love Theme from ""A Star Is Born"")",Barbra Streisand,1976,184800,False,56
What's a Girl to Do?,Sister2sister,2000,207066,False,17
Memphis,Lonnie Mack,2008,152003,False,0
Mother Mother,Tracy Bonham,2015,180653,False,0
Night Changes,One Direction,2014,226600,False,86
Fire Water Burn,Bloodhound Gang,1996,291800,True,0
I Still Haven't Found What I'm Looking For,U2,2006,277333,False,0
I Like Dreamin',Kenny Nolan,1976,212066,False,0
Forever Now,Cold Chisel,2011,267028,False,0
Famous,Charli xcx,2015,231616,False,36
The Greatest Show,"Hugh Jackman, Keala Settle, Zac Efron, Zendaya, The Greatest Showman Ensemble",2017,302146,False,64
You Are The Sunshine Of My Life,Stevie Wonder,1972,178200,False,65
These Boots Are Made for Walkin',Jessica Simpson,2005,238853,False,28
willow,Taylor Swift,2020,214706,False,74
Holes - Radio Edit,Passenger,2013,218613,False,0
Adam's Song,blink-182,2005,246133,False,0
Angel Of The Morning,Juice Newton,1988,254000,False,56
Go Bang,PNAU,2017,189092,False,0
Der Kommissar,Falco,2017,228826,False,29
In Too Deep,Belinda Carlisle,2008,242373,False,0
ABC,The Jackson 5,1970,174866,False,66
"Whenever, Wherever",Shakira,2001,196160,False,76
Learn to Fly,Foo Fighters,1999,235293,False,74
"Uptown Festival - 7"" Version",Shalamar,2000,236093,False,0
Mistadobalina,Del The Funky Homosapien,2004,260306,False,49
Everything I'm Not,The Veronicas,2005,201973,False,43
Peter Gunn (feat. Duane Eddy),"The Art Of Noise, Duane Eddy",1986,228000,False,36
It's Just Not Cricket,The 12th Man,2015,323685,True,0
Needles and Pins,Smokie,2003,162760,False,32
Clint Eastwood,Gorillaz,2001,340920,True,75
We Didn't Start the Fire,Billy Joel,1989,287733,False,75
Jean,Oliver,2010,200066,False,18
Psychotic Reaction,Count Five,1966,185523,False,50
Lost And Running,Powderfinger,2007,222160,False,0
I've Been Thinking About You,Londonbeat,1995,230066,False,64
Just Give Me a Reason (feat. Nate Ruess),"P!nk, Nate Ruess",2012,242733,False,84
Coward Of The County,Kenny Rogers,1979,258733,False,64
Miracle (with Ellie Goulding),"Calvin Harris, Ellie Goulding",2023,186496,False,74
Sad Eyes - Remastered 2002,Robert John,2002,253213,False,52
The Original High,Adam Lambert,2015,206053,False,33
Summer Rain (Single Remix),Belinda Carlisle,1989,252146,False,21
I'm Not Missing You,Stacie Orrico,2006,252973,False,44
#thatPOWER,"will.i.am, Justin Bieber",2013,279506,False,64
Blank Space,Taylor Swift,2014,231826,False,0
Kicking And Screaming,The Presets,2008,345346,False,20
Jeans On,David Dundas,1977,199933,False,0
Turn Down for What,"DJ Snake, Lil Jon",2013,213733,False,68
I'm Leaving It (All) Up To You,"Donny Osmond, Marie Osmond",2002,164173,False,20
Reckless,Bernard Fanning,2016,216243,False,0
Don't Break The Heart That Loves You,Connie Francis,1987,182133,False,0
"Honey, I'm Good.",Andy Grammer,2014,199253,False,0
Walking Away,Craig David,2008,202813,False,0
Brandy - Rerecorded 1972,Scott English,2011,178510,False,30
"Bad, Bad Leroy Brown",Jim Croce,1974,180506,False,0
Help! - Remastered 2009,The Beatles,1965,139560,False,69
Close,"Nick Jonas, Tove Lo",2016,234240,False,0
Lady (Hear Me Tonight),Modjo,2013,274373,False,0
(We're Gonna) Rock Around the Clock,Bill Haley & His Comets,2007,133933,False,16
This Will Be (An Everlasting Love),Natalie Cole,1975,171960,False,72
Just You and I,Tom Walker,2019,174982,False,63
The Creeps (Fedde Le Grand Radio Mix),"Camille Jones, Fedde Le Grand",2009,200213,False,0
If You're Too Shy (Let Me Know) [Edit],The 1975,2020,239876,False,0
Hangin' Tough,New Kids On The Block,1988,256560,False,47
Baby Don't Forget My Number,Milli Vanilli,2013,249573,False,25
Hound Dog,Elvis Presley,1958,136026,False,66
Mascara,Killing Heidi,2000,290960,False,0
Work,"Rihanna, Drake",2016,219320,True,0
The Only High,The Veronicas,2017,198221,False,22
On Bended Knee,Boyz II Men,1994,329800,False,72
You Can't Hurry Love - Mono,The Supremes,1966,166600,False,33
Head & Heart (feat. MNEK),"Joel Corry, MNEK",2020,166028,False,57
Always,Samantha Jade,2015,181880,False,24
Never Be Like You (feat. Kai),"Flume, kai",2016,233337,True,0
Take Me Home Tonight,Eddie Money,2001,211466,False,48
Not Ready to Make Nice,The Chicks,2006,237296,False,61
Sexy And I Know It,LMFAO,2011,199480,False,66
Ain't It Funny,Jennifer Lopez,2001,246160,False,0
Little Miss Can't Be Wrong,Spin Doctors,1991,233093,False,48
Born To Be Wild - Single Version,Steppenwolf,1968,212893,False,65
Maybe Tonight,Kate DeAraugo,2005,218413,False,19
Chew On My Heart,James Bay,2020,195212,False,45
Firestone,"Kygo, Conrad Sewell",2016,271640,False,76
Leave The Door Open,"Bruno Mars, Anderson .Paak, Silk Sonic",2021,242096,False,10
Take Good Care Of My Baby - 1990 Remastered,Bobby Vee,2011,150866,False,48
Since U Been Gone,Kelly Clarkson,2004,188960,False,73
Teenager Of The Year,Lo-tel,2011,267813,False,0
I Know You (feat. Bastille),"Craig David, Bastille",2018,214960,False,47
Runaway (U & I),Galantis,2015,227073,False,75
Nobody Likes A Bogan,Area-7,2001,141333,False,36
Cupid's Chokehold / Breakfast in America,Gym Class Heroes,2005,243773,False,75
Dum Da Dum,Melodie MC,1993,256413,False,39
Polka,Yves Klein Blue,2009,251480,False,27
Ms. Vanity,Rob Mills,2004,225106,False,16
Too Funky - Single Edit,George Michael,2017,230893,False,52
Forever - Lady of Soul,Damage,1998,449800,False,38
Prayer in C - Robin Schulz Radio Edit,"Lilly Wood and The Prick, Robin Schulz",2014,189399,False,40
The Other Side,Jason Derulo,2013,226986,False,57
After the Loving,Engelbert Humperdinck,2014,239040,False,13
Roses - Imanbek Remix,"SAINt JHN, Imanbek",2019,176840,True,77
You and Me,Alice Cooper,1977,306573,False,44
Take Care,"Drake, Rihanna",2011,277386,True,74
Sweet Talkin' Woman,Electric Light Orchestra,1977,229866,False,62
Ghostbusters,Ray Parker Jr.,2000,240800,False,56
Young Turks - 2008 Remaster,Rod Stewart,2008,302413,False,59
How Come,D12,2004,249533,True,0
Parachute,Timomatic,2013,220173,False,0
Who Can It Be Now?,Men At Work,1996,200493,False,48
Bring It All Back,S Club,1999,214400,False,58
Long Tall Texan,Murry Kellum,1977,117953,False,0
Oh Cecilia (Breaking My Heart),"The Vamps, Shawn Mendes",2014,194396,False,0
One More Day (Stay with Me),Example,2014,207040,False,31
Flaunt it,TV Rock feat. Seany B,2006,304560,False,0
And I'm Telling You I'm Not Going,Dami Im,2013,174586,False,8
I Do,Morgan Evans,2017,209685,False,27
All Summer Long,Kid Rock,2007,297586,False,72
Saving All My Love For You,Dami Im,2013,184840,False,28
Small Town,John Mellencamp,1985,221626,False,0
Crash And Burn,Savage Garden,2000,281973,False,0
No One Else Comes Close,Jay R,2008,228280,False,46
Stronger (feat. Kesha),"Sam Feldt, Kesha",2021,173714,False,44
Breaking the Girl,Red Hot Chili Peppers,2003,294600,False,41
Hey DJ,Lighter Shade Of Brown,2000,239840,False,0
1985,Bowling For Soup,2004,193000,False,50
Please,Frank Ifield,2014,151746,False,1
Stronger,Kanye West,2007,311866,True,2
BareNaked - Video Version,Jennifer Love Hewitt,2002,222173,False,40
Make Me... (feat. G-Eazy) (feat. G-Eazy),"Britney Spears, G-Eazy",2016,231266,False,0
Hate It Or Love It,"The Game, 50 Cent",2005,206400,True,0
You Got Nothing I Want,Cold Chisel,2011,196641,False,0
Hair (feat. Sean Paul),"Little Mix, Sean Paul",2016,233826,False,0
test drive,Ariana Grande,2021,122174,False,59
Run To You,Bryan Adams,1984,233270,False,71
What Do I Know About Pain?,Gyroscope,2010,209666,False,0
Nothing's Gonna Stop Us Now,Starship,1987,270333,False,18
I Wanna,The All-American Rejects,2008,208600,False,0
I Am Woman,Helen Reddy,1972,205880,False,48
Malibu,Hole,1998,230106,False,0
I Like It Both Ways,Supernaut,1976,225038,False,0
Home (feat. Nico Santos),"Topic, Nico Santos",2016,204000,False,45
Sister Golden Hair,America,1975,199573,False,70
Twist and Shout,The Isley Brothers,2017,157322,False,2
Portrait of My Love,Steve Lawrence,2014,173733,False,1
Eyes Open,Taylor Swift,2012,244586,False,28
Salt,Ava Max,2019,180283,False,1
Release Me - Radio Edit,Zoë Badwi,2011,208400,False,0
Bad Blood,Taylor Swift,2014,211933,False,0
She's a MOD,"Dino Jag, Damien Reilly, Ray Columbus and the Invaders",2018,201520,False,3
He'll Have to Go,Jim Reeves,1997,138640,False,44
Don't Cry (Original),Guns N' Roses,1991,283733,False,76
Make It Last,Dada Pop,2021,209960,False,0
This Is How a Heart Breaks,Rob Thomas,2005,230960,False,46
Cold as Ice,Foreigner,1977,203133,False,69
Someday,Nickelback,2003,207466,False,70
Mama,Spice Girls,1996,304960,False,53
Riptide,Vance Joy,2013,204266,False,0
7 Minutes,Dean Lewis,2019,211453,False,51
No Secrets,The Angels,1980,257946,False,0
Because You Loved Me,Céline Dion,1996,273066,False,0
Ooby Dooby,Roy Orbison & Teen Kings,2016,131186,False,0
Ramona Was A Waitress,Paul Dempsey,2009,216093,False,35
"I Want You to Want Me - Live at Nippon Budokan, Tokyo, JPN - April 1978",Cheap Trick,2004,223666,False,46
Stay with Me,Jasmine Thompson,2014,195669,False,27
I Walk The Line - Single Version,"Johnny Cash, The Tennessee Two",1956,163045,False,42
Thong Song,Sisqo,1999,253733,True,8
Super Bass,Nicki Minaj,2010,200013,True,0
The Way You Look Tonight,Frank Sinatra,2015,201200,False,50
The Unicorn,The Irish Rovers,2014,179226,False,18
Let Me Love You (Until You Learn To Love Yourself),Ne-Yo,2012,254093,False,0
I'm Not The Only One,Sam Smith,2014,239316,False,0
"Please Help Me, I'm Falling",Hank Locklin,2003,141466,False,44
Handle With Care,Traveling Wilburys,1988,199586,False,0
Hercules - Remastered,Midnight Oil,1985,269626,False,30
Baker Street,Gerry Rafferty,1978,365626,False,67
Born to Be Alive - The Original,Patrick Hernandez,1978,188133,False,72
A Beautiful Lie,Thirty Seconds To Mars,2005,245306,False,57
Planet Earth - 2010 Remaster,Duran Duran,1981,243266,False,51
Forever Now - 2011 Remastered,Cold Chisel,1982,268078,False,52
Toxic,Britney Spears,2003,198800,False,84
Beauty And A Beat,"Justin Bieber, Nicki Minaj",2012,227986,False,0
The Nights,Avicii,2014,176658,False,1
There She Goes,"Taio Cruz, Pitbull",2011,224200,False,7
Don't Call Me,Brando,2020,164096,False,22
Senses Working Overtime - Remastered 2001,XTC,1982,290667,False,47
Wish You Were Sober,Conan Gray,2020,168883,False,37
Take Me Over,Cut Copy,2011,350093,False,0
No Matter What,Boyzone,1998,274266,False,0
The Freshmen,The Verve Pipe,1996,269466,False,41
All Night Long (All Night) - Single Version,Lionel Richie,1992,258665,False,69
Heart of Gold - 2017 Remaster,Neil Young,1977,187013,False,47
Let Me Blow Ya Mind,"Eve, Gwen Stefani, Stevie J",2017,229693,False,27
Somebody to Love Me,"Mark Ronson, The Business Intl",2010,297933,False,42
Lost Stars,Adam Levine,2014,266706,False,0
Feel The Love,"Tigerlily, Nat Dunn",2015,210767,False,16
Love In The Dark,Adele,2015,285935,False,0
"Baby, You're So Strange",ICEHOUSE,1986,237240,False,23
Sing C'est La Vie,Sonny & Cher,1965,223866,False,24
My My My!,Troye Sivan,2018,204726,False,0
These Days - Two Hands Version,Powderfinger,2011,278546,False,32
POWER - Album Version (Edited),Kanye West,2010,292093,False,49
All These Things That I've Done,The Killers,2004,301746,False,49
When I Come Around,Green Day,1994,178000,False,77
UFO,Sneaky Sound System,2006,269200,False,47
Hey Porsche,Nelly,2013,209466,True,51
Fireflies,Owl City,2009,228346,False,0
I Don't Know How To Love Him,Helen Reddy,2006,199146,False,31
There's Nothing Holdin' Me Back,Shawn Mendes,2017,199440,False,84
Crank That (Soulja Boy),Soulja Boy,2007,221933,False,0
Drunk Girls,LCD Soundsystem,2010,222106,False,45
Take Me Home (feat. Bebe Rexha),"Cash Cash, Bebe Rexha",2016,206320,False,55
It Must Be Love,Madness,1981,206266,False,1
Sorry,Joel Corry,2019,188640,False,44
Too Good,"Drake, Rihanna",2016,263373,True,0
Eternal Flame,The Bangles,1988,238773,False,54
Let The Music Play,Shannon,2000,216000,False,0
Love Will Lead You Back,Taylor Dayne,1989,279026,False,0
Eyes Closed,Ed Sheeran,2023,194848,False,73
If Tomorrow Never Comes,Ronan Keating,2002,215906,False,0
Living On The Ceiling,Blancmange,2006,239959,False,0
The Weight - Remastered,The Band,1968,278626,False,0
Don't You Worry Child - Radio Edit,"Swedish House Mafia, John Martin",2012,212862,False,78
You Can Call Me Al,Paul Simon,1986,280000,False,72
The Boys Are Back In Town,Thin Lizzy,1996,263826,False,0
Prince Charming,Adam & The Ants,1981,195240,False,0
Unpredictable,"Olly Murs, Louisa Johnson",2017,199585,False,0
Bones,Imagine Dragons,2022,165264,False,75
Killing In The Name,Rage Against The Machine,1992,313573,True,78
Photograph,Jessica Mauboy,2016,258333,False,0
We Will Together,Eurogliders,1985,272826,False,31
"Somewhere, My Love (Lara's Theme from ""Doctor Zhivago"")",The Ray Conniff Singers,1966,148626,False,40
Chained To The Wheel,The Black Sorrows,1988,237533,False,49
Adore,Amy Shark,2016,184999,False,45
Hats Off To Larry,Del Shannon with Orchestra,2016,122733,False,1
London Bridge,Fergie,2007,241306,True,0
The Climb,Miley Cyrus,2009,234520,False,71
"That's What Friends Are For (with Elton John, Gladys Knight & Stevie Wonder)","Dionne Warwick, Elton John, Gladys Knight, Stevie Wonder",1989,256466,False,48
"Little Ole Wine Drinker, Me",Dean Martin,2014,167853,False,38
In the Summertime,The Mixtures,1970,165733,False,0
So Tough,Johnny O'Keefe,2001,156026,False,12
Good Day,Hayley Warner,2009,192666,False,5
Hold On,Justin Bieber,2021,170813,False,64
Run - Revised Album Version,Snow Patrol,2009,354613,False,0
Doesn't Mean Anything,Alicia Keys,2009,275000,False,0
Rock and Roll Love Letter,Bay City Rollers,1976,174400,False,23
Not In Love - Radio Mix,"Enrique Iglesias, Kelis",2008,221786,False,0
He'll Have to Stay,Jeanne Black,2001,159608,False,1
Bad Company - 2015 Remaster,Bad Company,1974,288053,False,60
I Love It,"Hilltop Hoods, Sia",2012,226413,False,0
The Mess I Made,Parachute,2009,231453,False,35
Somebody To Love - Remastered 2011,Queen,1976,296480,False,72
This Love,The Veronicas,2007,178800,False,38
Smile,Katy Perry,2020,166898,False,51
I'm Every Woman,Whitney Houston,1992,285106,False,59
Never Really Over,Katy Perry,2019,223523,False,64
Somebody To You,"The Vamps, Demi Lovato",2014,183051,False,0
Mama Weer All Crazee Now,Quiet Riot,1984,216560,False,45
Iko Iko (My Bestie),"Justin Wellington, Small Jam",2019,182857,False,67
My Love,"Route 94, Jess Glynne",2014,262000,False,0
All Time Low,Jon Bellion,2016,217603,True,63
The Breaking Point - 2015 Remaster,Normie Rowe,2015,136386,False,2
I Just Can't Stop Loving You (feat. Siedah Garrett) - 2012 Remaster,"Michael Jackson, Siedah Garrett",2012,251760,False,60
Back Off Boogaloo,Ringo Starr,1974,202426,False,32
Standing With You,Guy Sebastian,2020,232049,False,42
22,Taylor Swift,2012,231866,False,0
Paradise City,Guns N' Roses,1987,405640,True,9
Watermelon Sugar,Harry Styles,2019,174000,False,1
The Ocean (feat. Shy Martin),"Mike Perry, shy martin",2016,183414,False,66
25 or 6 to 4 - 2002 Remaster,Chicago,1970,289800,False,61
Ferry Cross the Mersey - Mono Version; 1997 Remaster,Gerry & The Pacemakers,1965,144520,False,13
Out Of The Woods,Taylor Swift,2014,235800,False,57
I Gotta Feeling,Black Eyed Peas,2009,289133,False,80
The Sound,The 1975,2016,248879,False,0
Lady Madonna - Remastered 2015,The Beatles,2000,136826,False,49
On My Own,Patti LaBelle,1986,290840,False,59
Tattoo,Jordin Sparks,2007,233466,False,58
Cum on Feel the Noize,Slade,1973,264880,False,0
High,Lighthouse Family,1997,309666,False,0
Livin' It Up,"Ja Rule, Case",2001,256959,False,0
No Promises (feat. Demi Lovato),"Cheat Codes, Demi Lovato",2017,223503,False,62
We Love You - Single Version/Mono,The Rolling Stones,1966,276960,False,34
I Knew You Were Waiting (For Me),"George Michael, Aretha Franklin",1986,241000,False,0
I'm Sorry,John Denver,1975,211773,False,47
Give a Little Love,Bay City Rollers,2004,202813,False,20
Anywhere Away From Here (Rag’n’Bone Man & P!nk),"Rag'n'Bone Man, P!nk",2021,238639,False,0
Symphony of Life,Tina Arena,2004,286106,False,9
Dreamlover,Mariah Carey,2015,233600,False,23
Way down We Go,KALEO,2015,219560,False,62
Punching In A Dream,The Naked And Famous,2010,238133,False,45
The Boy Is Mine,"Brandy, Monica",1998,294786,False,73
Selling The Drama,Live,1994,208293,False,56
MONTERO (Call Me By Your Name),Lil Nas X,2021,137875,True,4
Massachusetts - Mono,Bee Gees,1968,141906,False,32
Please Don't Go,Mike Posner,2010,196813,False,64
Don't Stop (Wiggle Wiggle) - OHB Radio Edit,The Outhere Brothers,1994,197573,True,48
Let's Make A Night To Remember,Bryan Adams,1999,377906,False,0
Down in the Boondocks,Billy Joe Royal,1965,153146,False,40
What's Up? - Edit,4 Non Blondes,2015,252853,False,0
Trouble Trouble,The Potbelleez,2016,209765,False,13
The Long And Winding Road - Remastered 2009,The Beatles,1970,218186,False,63
Perfect,One Direction,2015,230333,False,0
Don't Worry Be Happy,Guy Sebastian,2012,269213,False,0
Miss You Love,Silverchair,1999,240733,False,41
Banks of the Ohio,Olivia Newton-John,2018,194293,False,22
Somewhere Only We Know,Keane,2009,237546,False,0
Beauty And A Beat,"Justin Bieber, Nicki Minaj",2012,227986,False,74
Raindrops Keep Fallin On My Head,John Farnham,1995,151733,False,15
DJ Got Us Fallin' In Love,"USHER, Pitbull",2010,222160,False,0
R.I.P. (feat. Tinie Tempah),"Rita Ora, Tinie Tempah",2012,228026,False,0
Shut Up And Drive,Rihanna,2008,212280,False,0
Dakota,Stereophonics,2008,298253,False,31
Sorry Suzanne - 1998 Remaster,The Hollies,2010,182466,False,1
No Pressure,"Justin Bieber, Big Sean",2015,286853,False,0
Rump Shaker,Wreckx-N-Effect,2020,310764,False,21
Lie To Me (feat. Julia Michaels),"5 Seconds of Summer, Julia Michaels",2018,149877,False,56
No More (Baby I'ma Do Right),3LW,2000,263440,False,53
Telephone Booth,Ian Moss,1989,184133,False,37
No Sleep,Wiz Khalifa,2011,191320,True,60
Yeah! (feat. Lil Jon & Ludacris),"USHER, Lil Jon, Ludacris",2004,250373,False,84
Unconditionally,Katy Perry,2013,228878,False,56
One Sweet Day,"Mariah Carey, Boyz II Men",1995,281066,False,67
Just So Lonely,Get Wet,2009,219573,False,6
Who Let The Dogs Out,Baha Men,2000,198400,False,64
We've Got It Goin' On - Radio Edit,Backstreet Boys,1996,219466,False,58
Take It Home,Johnny Ruffo,2012,189040,False,30
With A Girl Like You,The Troggs,1966,128493,False,48
In the Country,Cliff Richard & The Shadows,1977,164266,False,22
Running,Evermore,2006,263066,False,48
Have I Told You Lately - 2008 Remaster,Rod Stewart,1991,241506,False,61
Radioactive,Kings of Leon,2010,206186,False,0
Just Love You,DaChri,2021,210612,False,0
Everybody (Backstreet's Back) - Radio Edit,Backstreet Boys,1997,225360,False,76
Confessions Of A Broken Heart (Daughter To Father) - Radio,Lindsay Lohan,2005,220800,False,0
7 Seconds (feat. Neneh Cherry),"Youssou N'Dour, Neneh Cherry",1994,306226,False,46
Violet Hill,Coldplay,2008,222653,False,45
Trojans,Atlas Genius,2013,217386,False,57
Morning Train (Nine to Five),Sheena Easton,1995,200973,False,47
Girlfriend - Radio Edit,Avril Lavigne,2007,216560,False,46
Paranoid,Jonas Brothers,2009,217066,False,0
Saved in a Bottle - Radio Edit,The Potbelleez,2013,186093,False,12
Take Me Back,Noiseworks,1988,207133,False,52
She's Got You - Single Version,Patsy Cline,1988,181800,False,0
I See You Baby,"Groove Armada, Gram'ma Funk",2010,281173,False,0
One More Time (The Sunshine Song),Groove Terminator,2000,247333,False,17
Pretty Shining People,George Ezra,2018,212446,False,56
One Headlight,The Wallflowers,1996,312587,False,0
Hang on Sloopy,The McCoys,1965,181733,False,29
Movin' Up,Dreamworld,1996,219866,False,0
Hello,The Cat Empire,2003,224133,False,6
Love On Display,Guy Sebastian,2020,183298,False,31
Red Desert,5 Seconds of Summer,2020,229557,False,0
No Scrubs,TLC,1999,214400,False,82
What About Me?,Moving Pictures,2000,217013,False,39
Most People I Know,Billy Thorpe & The Aztecs,2007,257026,False,46
Plans,Birds Of Tokyo,2010,218000,False,10
Jingle Jangle,The Archies,1968,162150,False,8
From Yesterday,Thirty Seconds To Mars,2005,247373,False,51
In The Flesh - Remastered 2001,Blondie,1976,153133,False,36
Adam's Song,blink-182,1999,249753,False,0
Kyrie,Mr. Mister,1985,265840,False,53
Exodus,"Ernest Gold, Charles Eugene Patrick Boone, Ferrante & Teicher",1993,176760,False,23
Move Your Body,Eiffel 65,1999,268863,False,0
Goosebumps - Remix,"Travis Scott, HVME",2021,163024,False,43
Cousins,Vampire Weekend,2010,145266,False,0
"I Do, I Do, I Do, I Do, I Do",ABBA,1975,195280,False,60
Solutions,The Sundance Kids,2009,198453,False,8
Paralyzer,Finger Eleven,2007,208106,False,0
Joker And The Thief,Wolfmother,2006,280466,False,56
Emotional Rescue - Remastered 2009,The Rolling Stones,1980,339400,False,51
I Love Rock 'N' Roll,Britney Spears,2001,186533,False,54
Need You Tonight,INXS,2011,181106,False,48
I'll Never Find Another You - Mono; 2009 Remaster,The Seekers,2009,163813,False,20
Downhearted - Remastered,Australian Crawl,1980,189000,False,49
I've Got to Have You - 2015 Remaster,Carly Simon,2015,285773,False,10
Talking Body,Tove Lo,2015,238426,True,40
Listen to the Music,The Doobie Brothers,1972,227266,False,76
Arthur's Theme (Best That You Can Do),Christopher Cross,2020,233720,False,47
"Fallin' - Original Song from the TV Series ""The Secret Daughter""",Jessica Mauboy,2017,189230,False,39
About You Now,Sugababes,2007,212400,False,45
Tie a Yellow Ribbon Round the Ole Oak Tree (feat. Tony Orlando) - 1998 Remastered,"Dawn, Tony Orlando",1973,206253,False,50
She Said,Plan B,2010,208853,False,57
Antisocial (with Travis Scott),"Ed Sheeran, Travis Scott",2019,161746,False,37
Come Sail Away,Styx,1977,367000,False,62
Drink Too Much,G Flip,2019,220627,False,0
Thinking out Loud,Ed Sheeran,2013,281560,False,63
Blueberry Hill,The Loved Ones,1995,160106,False,11
Come And See Her,The Easybeats,1966,161666,False,0
"Love Is All Around - From ""Four Weddings and a Funeral"" Original Motion Picture Soundtrack",Wet Wet Wet,2013,237958,False,0
Diamonds,Sam Smith,2020,213869,False,57
Disappear,INXS,2011,248533,False,0
Rockit,Herbie Hancock,1983,325133,False,47
Baby Don't Get Hooked on Me,Mac Davis,1972,183933,False,46
Pictures Of You,The Last Goodnight,2007,190173,False,48
House of the Rising Sun,Frijid Pink,2018,269933,False,23
Coming Back,Dean Ray,2014,197320,False,0
S-S-S-Single Bed,Fox,2012,232946,False,0
Gives You Hell,The All-American Rejects,2008,213106,False,67
Lean On Me,Club Nouveau,2003,294946,False,0
Elevator (feat. Timbaland),"Flo Rida, Timbaland",2008,229973,False,48
Lay It All on Me (feat. Ed Sheeran),"Rudimental, Ed Sheeran",2015,242440,False,54
Bad Child,Tones And I,2020,221466,True,46
Chain Gang,Sam Cooke,1961,155173,False,51
Hotel California - 2013 Remaster,Eagles,2013,391376,False,52
Primadonna,MARINA,2012,221075,False,71
Now Or Never,Halsey,2017,214801,False,0
Small Bump,Ed Sheeran,2011,259413,False,33
Ode To My Family,The Cranberries,1994,271533,False,19
Beautiful Trauma,P!nk,2017,250053,False,26
The Rockafeller Skank - Full Version,Fatboy Slim,1998,412640,False,0
Can We Fix It? (Opening Theme),Bob The Builder,2017,123040,False,0
Just Like a Pill,P!nk,2010,237466,True,40
"Can't Take My Eyes off of You - From ""Jersey Boys""",John Lloyd Young,2005,197373,False,37
Watch Yo Bitch (feat. H2O),"Teflon Hustle Don, H2O",2021,150234,True,0
We Love - Original,Sneaky Sound System,2011,171969,False,0
I Wish It Would Rain Down - 2016 Remaster,Phil Collins,1989,327746,False,65
Chunky,Bruno Mars,2016,186973,False,69
Personal,Jessie J,2014,234906,False,0
"Tom's Diner - 7"" Version","DNA, Suzanne Vega",2003,228533,False,0
Take It to the Limit - 2013 Remaster,Eagles,1975,287090,False,63
Regulate,"Warren G, Nate Dogg",1994,248866,True,72
Like Lightning,"Havana Brown, Dawin",2016,229675,False,0
She Got That O,Johnny Ruffo,2015,221152,False,3
Lovely Day,Bill Withers,2013,254893,False,44
I Like The Way - Radio Edit,Bodyrockers,2005,200053,False,0
Make Up Your Mind,Yves Klein Blue,2009,153013,False,5
Bitter Tears,INXS,2011,229306,False,0
Turn Up the Music,Chris Brown,2012,227973,False,0
You Sexy Thing - Radio Edit,T-Shirt,2008,240733,False,0
Mama's Little Girl,Linda George,1974,222506,False,0
Believer,Imagine Dragons,2017,204346,False,0
My Hero,Foo Fighters,1997,260026,False,74
I Don't Feel Like Dancin' - Radio Edit,Scissor Sisters,2006,248640,False,60
"When the Going Gets Tough, The Tough Get Going",Billy Ocean,2010,248000,False,59
Rock Lobster,The B-52's,1979,409400,False,59
Underneath It All,"No Doubt, Lady Saw",2001,302720,False,0
All Your Exes,Julia Michaels,2021,209275,False,15
Get Down On It,Kool & The Gang,1999,212906,False,0
U Remind Me,USHER,2001,266893,False,70
Ghost,Justin Bieber,2021,153190,False,69
Peaches N Cream (feat. Charlie Wilson),"Snoop Dogg, Charlie Wilson",2015,283760,False,40
Use Me,Bill Withers,2013,222533,False,38
Locked Away (feat. Adam Levine),"R. City, Adam Levine",2015,227480,False,76
Sexual,"NEIKED, Dyo",2016,188888,False,0
Go Let It Out,Oasis,2000,278506,False,0
Came Here for Love,"Sigala, Ella Eyre",2017,202999,False,61
Darlin' - 2011 Remaster,Frankie Miller,1979,184414,False,0
Daisy Petal Pickin',"The Fireballs, Jimmy Gilmer",2009,134813,False,0
Mr. Tambourine Man,Bob Dylan,1965,330533,False,59
Hit 'Em Up Style (Oops!),Blu Cantrell,2001,250706,False,70
I Wouldn't Trade You For The World,The Bachelors,1999,161160,False,34
Current Stand,Kids In The Kitchen,1985,241733,False,34
Bye Bye Bye,*NSYNC,2000,200560,False,76
Man on Mars,Kaiser Chiefs,2011,250746,False,0
B-Boys & Fly Girls - Radio Edit,Bomfunk MC's,2000,193000,False,27
I Won't Back Down,Tom Petty,1989,175733,False,0
One Wish,Ray J,2012,337640,True,49
With Arms Wide Open - New Version With Strings,Creed,1999,235266,False,58
1999 - Edit,Prince,2016,218866,False,29
Find U Again (feat. Camila Cabello),"Mark Ronson, Camila Cabello",2019,176416,False,50
True Colours,Kasey Chambers,2003,227266,False,25
Vogue,Madonna,2009,316813,False,64
I Want To Break Free - Single Remix,Queen,1984,258013,False,0
Team,Lorde,2013,193058,False,0
Best Day Of My Life,American Authors,2014,194240,False,77
Father Figure - Remastered,George Michael,1987,336666,False,61
I Need a Girl (Pt. 1) [feat. Usher & Loon],"Diddy, Loon, USHER",2005,268800,False,64
Broken-Hearted Girl,Beyoncé,2008,278400,False,52
Lazy Sunday (Mono Version) (2018 Remaster),Small Faces,2018,182854,False,34
Dancing With The Devil,Demi Lovato,2021,243992,False,43
Side Effects (feat. Emily Warren),"The Chainsmokers, Emily Warren",2018,173613,False,0
Tell Me,Dick & Dee Dee,2012,135906,False,17
If I Had You,Adam Lambert,2009,228240,False,54
Sundown,Gordon Lightfoot,1974,213400,False,67
Girl's Life,Girlfriend,1992,243133,False,10
Nikita,Elton John,1985,343240,False,0
I Just Don't Know What To Do With Myself,Marcia Hines,2007,188333,False,11
Wild Eyes,Darling Brando,2020,182275,False,10
Cosby Sweater,Hilltop Hoods,2014,217720,True,0
Blank Space,Taylor Swift,2014,231826,False,80
If I Said You Had A Beautiful Body Would You Hold It Against Me,The Bellamy Brothers,1992,194066,False,42
4 Seasons Of Loneliness,Boyz II Men,1997,292400,False,0
Let You Down,NF,2017,212120,False,0
There's a Kind of Hush (All Over the World),Herman's Hermits,2019,155186,False,7
MIC Drop (feat. Desiigner) [Steve Aoki Remix],"BTS, Desiigner, Steve Aoki",2017,238726,False,0
(If You're Not In It For Love) I'm Outta Here!,Shania Twain,1995,270026,False,0
I Knew You Were Waiting (For Me),"George Michael, Aretha Franklin",1998,238000,False,41
Stayin' Alive,"N-Trance, Ricardo Da Force",1995,245906,False,0
You Make Me Wanna...,USHER,1997,219120,False,68
1-2-3,Len Barry,2005,141840,False,20
I'm Not Over,Carolina Liar,2008,201626,False,45
The Lies In Your Eyes,Sweet,1976,228626,False,21
Work - Freemasons Radio Edit,Kelly Rowland,2007,191693,False,53
Memories,Maroon 5,2019,189486,False,25
Coming Home,"Diddy - Dirty Money, Skylar Grey",2010,238760,False,0
Mean Woman Blues,Roy Orbison,2011,143600,False,36
(Love Is) Thicker Than Water,Andy Gibb,1977,255960,False,48
With A Little Help From My Friends,Joe Cocker,1969,312173,False,62
How Can You Mend A Broken Heart,Bee Gees,1971,237826,False,59
I Hate the Music,John Paul Young,2009,233653,False,0
Steer,Missy Higgins,2007,231640,False,46
Cuddly Toy - 2007 Remaster,The Monkees,2016,159373,False,13
One In A Million,"Jordie Ireland, Ava Hayz",2018,178424,False,18
Heaven,Bryan Adams,1984,243360,False,0
Goodness Gracious,Ellie Goulding,2014,226910,False,30
"Harder, Better, Faster, Stronger",Daft Punk,2001,226413,False,70
"Oh, Monah",The Cherokees,2018,137400,False,0
In Your Room,Toni Pearen,1994,264000,False,13
Parlez Vous Francais,Art vs Science,2009,213453,False,0
Hall of Fame (feat. will.i.am),"The Script, will.i.am",2012,202533,False,82
Three Little Birds,Bob Marley & The Wailers,1977,180266,False,2
Missing - Todd Terry Remix / Radio Edit,Everything But The Girl,2002,235026,False,58
Joy To The World,Three Dog Night,2003,214960,False,38
Sky,Sonique,1999,266720,False,0
Age of Reason,John Farnham,1988,306266,False,39
Losing My Religion,R.E.M.,1991,268426,False,83
Amie,Pure Prairie League,1999,260933,False,50
Groovin',The Young Rascals,1967,151289,False,61
Confetti (feat. Saweetie),"Little Mix, Saweetie",2021,185374,False,0
"Fool, Fool, Fool",Ray Brown And The Whispers,1988,162560,False,20
Lay It All on Me (feat. Ed Sheeran),"Rudimental, Ed Sheeran",2015,242440,False,38
Tonight's the Night (Gonna Be Alright) - 2009 Remaster,Rod Stewart,1976,237120,False,53
The Agenda,Ruby Velle & The Soulphonics,2012,305069,False,0
Black Is Black,Belle Epoque,2011,175120,False,15
Let Me Down Slowly,Alec Benjamin,2018,169353,False,82
Someday Soon,Natalie Bassingthwaighte,2009,252133,False,25
If You Leave Me Can I Come Too?,Mental As Anything,2015,174040,False,31
Hello (Let’s Go),The Potbelleez,2011,207414,False,0
Takeaway (feat. Lennon Stella),"The Chainsmokers, ILLENIUM, Lennon Stella",2019,209893,False,1
Tell Me You Love Me,"Galantis, Throttle",2017,190400,False,49
Forever,Walter Meego,2008,258093,False,4
Throw Your Hands Up (Dancar Kuduro) (Original Radio Edit),Qwote feat. Pitbull & Lucenzo,2011,209908,False,15
Style,Taylor Swift,2014,231000,False,0
Stand By You,Rachel Platten,2016,219000,False,60
One Thing,One Direction,2012,197600,False,70
Wishing I Was There,Natalie Imbruglia,1997,232560,False,40
Hands Clean,Alanis Morissette,2002,269400,False,57
Live Your Life,"T.I., Rihanna",2008,338853,False,47
Love Story - US Album Version,Taylor Swift,2008,235266,False,0
Turn Off The Light,Nelly Furtado,2008,276106,False,0
Arms Around Me,Starley,2020,181363,False,4
Hard Rock Café,Carole King,1977,223733,False,34
1901,Phoenix,2009,193120,False,0
Payphone - Edit,"Maroon 5, Wiz Khalifa",2012,231373,False,0
Give Me Something,Jarryd James,2015,191162,False,27
How Would You Feel (Paean),Ed Sheeran,2017,280533,False,63
Bad,Michael Jackson,1995,247133,False,51
Anti-Hero,Taylor Swift,2022,200690,False,82
Jackie - Radio Edit,"BZ, Joanne",1999,244015,False,43
Making Memories Of Us,Keith Urban,2007,236000,False,50
I Need You,3T,1995,234666,False,38
What Is Life - Remastered 2014,George Harrison,1970,264413,False,1
I Forgot That You Existed,Taylor Swift,2019,170640,False,69
Face Down,The Red Jumpsuit Apparatus,2006,192000,False,75
Hot2Touch,"Felix Jaehn, Hight, Alex Aiono",2017,160825,False,0
Freefallin - Radio Edit,Zoë Badwi,2011,196874,False,0
Wellerman - Sea Shanty / 220 KID x Billen Ted Remix,"Nathan Evans, 220 KID",2021,116750,False,65
The Orange and the Green,The Irish Rovers,2014,159013,False,42
A Good Heart,Feargal Sharkey,1985,281800,False,56
Trumpets,Jason Derulo,2013,217306,False,63
Lady Luck,Lloyd Price,2014,135853,False,0
Ugly Heart,G.R.L.,2014,198306,False,58
Then The Morning Comes,Smash Mouth,1999,182266,False,48
Groove Is in the Heart,Deee-Lite,2005,231786,False,1
Da Funk - Radio Edit,Daft Punk,1995,229826,False,34
Regulate,"Warren G, Nate Dogg",1994,248866,True,0
Be Right There,"Diplo, Sleepy Tom",2015,237051,False,48
Don't,Ed Sheeran,2014,219840,False,69
Dancing In the Dark,Bruce Springsteen,1984,241306,False,82
Bad Blood,"Taylor Swift, Kendrick Lamar",2015,200106,False,0
We Won't Run,Sarah Blasko,2009,240000,False,42
Sun City,Artists United Against Apartheid,1985,432413,False,21
I Love The Nightlife (Disco 'Round),Alicia Bridges,2012,333584,False,0
West End Girls - 2001 Remaster,Pet Shop Boys,1986,245360,False,0
Skinny Love,Birdy,2011,201080,False,55
A World of Our Own,The Seekers,2004,161760,False,6
You Could Be Mine,Guns N' Roses,1991,343640,False,0
Nobody's Perfect,Jessie J,2011,259866,True,49
La La,Ashlee Simpson,2004,222400,False,0
Summer Rain,Slinkee Minx,2006,254386,False,34
Like a Virgin,Madonna,1984,218626,False,69
All Good Things (Come To An End),Nelly Furtado,2006,311186,False,63
Freestyler,Bomfunk MC's,2000,306333,False,53
I Fall To Pieces - Single Version,"Patsy Cline, The Jordanaires",1963,171333,False,0
Bus Stop,The Hollies,1978,174640,False,12
I'm Ready,AJR,2015,227378,False,0
Spiderwebs,No Doubt,1995,266760,False,61
Move Your Feet,Junior Senior,2002,181826,False,0
Sunday,Jessica Mauboy,2019,183013,False,22
What's Up?,4 Non Blondes,1992,295493,False,0
Stitches,Shawn Mendes,2015,206880,False,0
"Love Me Like You Do - From ""Fifty Shades Of Grey""",Ellie Goulding,2015,252534,False,74
Rope,Foo Fighters,2011,259026,False,56
Universal Soldier,Donovan,1965,131800,False,36
Given to Fly,Pearl Jam,1998,238866,True,56
On a Carousel,The Hollies,2010,194533,False,0
Dolphin's Cry - Live At The Paradiso,Live,2008,277973,False,14
Substitute,Peaches,1978,180962,False,13
Hurts So Good,John Mellencamp,1982,218960,False,69
Love Grows (Where My Rosemary Goes),Edison Lighthouse,1970,174760,False,71
Wherever I Lay My Hat (That's My Home),Paul Young,2003,250053,False,40
Swallowed,Bush,1996,290866,False,0
Whip It,DEVO,1980,161133,False,61
Too Much,Spice Girls,1997,271933,False,53
I'm In Control,"AlunaGeorge, Popcaan",2016,209426,False,47
Keep Us Together,Jessie J,2014,229426,False,0
(Hey Won't You Play) Another Somebody Done Somebody Wrong Song - Re-Recorded In Stereo,B.J. Thomas,2008,232013,False,4
Mellow Yellow,Donovan,1967,227226,False,49
For Your Eyes Only,Sheena Easton,1981,184480,False,59
Catch - Radio Edit,Will Sparks,2014,176240,False,22
A Lover's Concerto,The Supremes,1966,156133,False,24
Our Perfect Disease,The Wombats,2011,224348,False,34
Teardrops - Single Version,Womack & Womack,2007,230573,False,48
Who Put The Bomp,Barry Mann,2015,163653,False,0
You And I,Lady Gaga,2011,307360,False,59
Love Like This,Natalie Bassingthwaighte,2009,234666,False,7
Breaking the Habit,Linkin Park,2003,196133,False,70
Kiss You All Over,Exile,1986,214400,False,54
Step Back,Johnny Young & Kompany,1966,109820,False,0
"The Heat Is On - From ""Beverly Hills Cop"" Soundtrack",Glenn Frey,1984,225600,False,41
Broken Leg,Bluejuice,2009,192946,False,45
The Devil Went Down to Georgia,The Charlie Daniels Band,1979,215066,False,56
Are You Old Enough,Dragon,1988,246026,False,42
Right There,"Nicole Scherzinger, 50 Cent",2011,262266,False,0
Sway,The Kooks,2008,216880,False,32
Inside Out,Aleem,2016,209007,False,0
Misery,Good Charlotte,2008,229373,False,38
Take Me To Church,Hozier,2014,241688,False,1
Every Little Step,Bobby Brown,1988,236240,False,0
My Sentimental Friend,Herman's Hermits,2008,199693,False,0
Slow Hands,Niall Horan,2017,188174,False,0
Love Yourself,Justin Bieber,2015,233720,False,83
Heartlines,BROODS,2016,197000,False,34
I Wanna Love You,"Akon, Snoop Dogg",2006,247066,True,0
Something's Missing (In My Life),Marcia Hines,1979,280000,False,1
Another One Bites The Dust - Remastered 2011,Queen,1980,214653,False,81
Oath (feat. Becky G),"Cher Lloyd, Becky G",2012,218506,False,45
Keep on Loving You,REO Speedwagon,1980,200293,False,71
Livin' la Vida Loca,Ricky Martin,1999,243160,False,73
When Tomorrow Comes - Remastered Version,"Eurythmics, Annie Lennox, Dave Stewart",1986,268720,False,47
Used To Love (with Dean Lewis),"Martin Garrix, Dean Lewis",2019,236764,False,56
We Are Young (feat. Janelle Monáe),"fun., Janelle Monáe",2012,250626,False,72
You Make It Real,James Morrison,2008,211400,False,55
Let It Go,James Bay,2014,261160,False,0
Winchester Cathedral,New Vaudeville Band,2009,133040,False,6
Zebra,John Butler Trio,2003,237226,False,16
Play That Funky Music,Wild Cherry,1976,300000,False,70
Sad,Maroon 5,2012,193826,False,44
Mysterious Ways,U2,2006,242773,False,0
What's Love Got to Do with It,Tina Turner,1993,226880,False,66
Why Won't You Explain,Karen Knowles,1981,228213,False,0
Real World,Matchbox Twenty,1996,231693,False,61
As I Lay Me Down,Sophie B. Hawkins,2003,248893,False,32
Jerusalema (feat. Burna Boy & Nomcebo Zikode) - Remix,"Master KG, Nomcebo Zikode, Burna Boy",2020,328000,False,43
Right Here Waiting,Richard Marx,1989,264333,False,74
Matthew & Son - Stereo Version,Yusuf / Cat Stevens,1967,161840,False,0
Thnks fr th Mmrs,Fall Out Boy,2007,203506,False,0
Still Fighting It,Ben Folds,2001,265893,False,33
Vision of Love,Mariah Carey,1990,209293,False,56
White Noise,The Living End,2008,224266,False,50
Coming Up - 2011 Remaster,Paul McCartney,1980,231880,False,33
Feel It - Radio Version,"The Tamperer, Get Far, Alex Farolfi, Maya",1998,178880,False,39
Home,Michael Bublé,2005,225906,False,69
Edge of Midnight (Midnight Sky Remix) (feat. Stevie Nicks),"Miley Cyrus, Stevie Nicks",2020,220636,False,47
Love Plus One,Haircut 100,1982,212573,False,50
Two Is Better Than One (feat. Taylor Swift),"BOYS LIKE GIRLS, Taylor Swift",2009,242840,False,62
Last Train To Trancentral - Live From The Lost Continent,The KLF,2021,231807,False,44
Roadhouse Blues,The Doors,1970,243826,False,71
Tubular Bells - Pt. I,Mike Oldfield,1973,1561133,False,47
Up,Cardi B,2021,156944,False,42
In the Ghetto,Elvis Presley,1969,167413,False,63
Uh La La La,Alexia,2008,225640,False,39
Don't Let Go (Love),En Vogue,2001,291880,False,39
"Never Knew I Needed (From ""the Princess and the Frog"")",Kathryn,2009,216760,False,12
"Mrs. Robinson - From ""The Graduate"" Soundtrack",Simon & Garfunkel,1968,244026,False,79
Pretty Girl - Cheat Codes X CADE Remix,"Maggie Lindemann, CADE, Cheat Codes",2017,193613,True,51
Home,Blake Shelton,2009,230146,False,26
I'm with You,Avril Lavigne,2002,223066,False,75
Blah Blah Blah,"Kesha, 3OH!3",2010,172053,False,0
Starlight,"The Supermen Lovers, Mani Hoffman",2001,364333,False,52
The Look,Roxette,1988,237320,False,0
Baby It's You,Promises,1978,229417,False,40
All You Need,Alex Lloyd,2005,183600,False,8
(Just Like) Starting Over - Remastered 2010,John Lennon,1980,236546,False,51
Incredible,Timomatic,2012,236386,False,24
Pyro,Kings of Leon,2010,250533,False,0
"Know No Better (feat. Travis Scott, Camila Cabello & Quavo)","Major Lazer, Travis Scott, Camila Cabello, Quavo",2017,225849,False,0
I Remember,"deadmau5, Kaskade",2011,201493,False,0
Somebody's Crying,Chris Isaak,2012,167093,False,0
Your Body Is a Wonderland,John Mayer,2001,249626,False,70
Bad Romance,Lady Gaga,2009,294573,True,0
Something So Strong,Crowded House,1986,171573,False,0
Lola,The Kinks,1970,241040,False,3
"How Come, How Long (feat. Stevie Wonder)","Babyface, Stevie Wonder",1996,315093,False,43
Tuff,Ace Cannon,2003,139093,False,0
I Don't Want A Lover,Texas,1989,300440,False,0
Over The Rainbow,Billy Thorpe & The Aztecs,2014,273546,False,0
I Fought the Law - Single Version,The Bobby Fuller Four,1998,138360,False,53
I Feel Fine - Remastered 2009,The Beatles,1988,139680,False,34
Thunder in My Heart Again (Radio Edit),"Meck, Leo Sayer",2016,189800,False,32
You Only Live Twice,Nancy Sinatra,2006,178840,False,45
Dedicated To The One I Love,The Shirelles,2005,124186,False,0
Party Rock Anthem,"LMFAO, Lauren Bennett, GoonRock",2010,262146,False,59
Shallow,"Lady Gaga, Bradley Cooper",2018,215733,False,83
Thriller,Michael Jackson,2008,357266,False,72
d.a.f,Powderfinger,2011,212080,False,15
What a Fool Believes,The Doobie Brothers,1978,223866,False,69
Adore You,Harry Styles,2019,207133,False,79
A View to a Kill,Duran Duran,1998,217693,False,45
Russian Roulette,Rihanna,2009,227533,True,0
Never Gonna Give You Up,Rick Astley,1987,213573,False,2
Out With My Baby,Guy Sebastian,2010,219626,False,11
Raincloud,Lighthouse Family,1997,272400,False,0
Lonely (with benny blanco),"Justin Bieber, benny blanco",2020,149297,False,47
Shaka Jam - Radio Edit,Kulcha,1994,215226,False,10
Cassandra,Sherbet,2006,197546,False,0
Girl Crazy - 2011 Remaster,Hot Chocolate,1982,200426,False,28
I Got You Babe,"UB40, Chrissie Hynde",1985,189093,False,62
Don't Be Cruel,Elvis Presley,2022,122866,False,38
Got to Be Certain,Kylie Minogue,2006,199853,False,10
Say You Will - 2008 Remaster,Foreigner,2008,255520,False,26
I Should Have Known Better,Jim Diamond,2003,244506,False,30
Wuthering Heights,Kate Bush,1978,269066,False,65
Over My Head (Cable Car),The Fray,2005,236266,False,72
I Miss You (feat. Julia Michaels),"Clean Bandit, Julia Michaels",2018,205986,False,63
Black or White - Single Version,Michael Jackson,2005,202853,False,56
Crimson & Clover,Tommy James & The Shondells,1989,209640,False,50
Seventeen,Jet,2009,221173,False,0
Nowhere Man - Remastered 2009,The Beatles,1965,163693,False,61
In The Air Tonight - 2015 Remastered,Phil Collins,1981,336453,False,77
Gold Digger,"Kanye West, Jamie Foxx",2005,207626,True,0
CHANT (feat. Tones And I),"Macklemore, Tones And I",2023,270635,True,54
Every Rose Has Its Thorn - 2003 Remaster,Poison,1988,260173,False,68
Words Are Not Enough,Jon English,1979,214866,False,0
More - RedOne Jimmy Joker Remix,USHER,2010,219986,False,67
no tears left to cry,Ariana Grande,2018,205920,False,74
On My Way,Sheppard,2019,203100,False,37
Mr Mysterious - Single Version,"Vanessa Amorosi, Seany B",2010,226520,False,0
Mmm Mmm Mmm Mmm,Crash Test Dummies,1993,235173,False,50
Human,Rag'n'Bone Man,2017,200186,False,80
Over & Out,Newton Faulkner,2009,199080,False,12
Sorry,Madonna,2005,281880,False,60
Hey There Delilah,Plain White T's,2005,232533,False,76
"I'm the One (feat. Justin Bieber, Quavo, Chance the Rapper & Lil Wayne)","DJ Khaled, Justin Bieber, Quavo, Chance the Rapper, Lil Wayne",2017,288600,True,70
United We Stand,Brotherhood of Man,1994,171866,False,33
Super Freak,Rick James,1981,205466,False,71
Die In Your Arms,Justin Bieber,2012,237293,False,0
Eyes Shut,Olly Alexander (Years & Years),2015,198226,False,48
Sacrifice,Elton John,1989,305760,False,0
Dancing With A Stranger (with Normani),"Sam Smith, Normani",2019,171029,False,69
Maggie,Foster & Allen,2017,212720,False,0
Secrets,OneRepublic,2009,224693,False,0
Peer Pressure,"James Bay, Julia Michaels",2019,176826,False,62
Love Love Love,Avalanche City,2011,192826,False,38
Earthquake (feat. Tinie Tempah) - Radio Edit,"Labrinth, Tinie Tempah",2011,217531,False,37
The Itch,Vitamin C,2001,208733,False,16
100% Pure Love,Crystal Waters,2015,280613,False,0
In the End,Linkin Park,2000,216800,False,64
Where Did I Go Wrong,UB40,1988,232733,False,48
Your Love,The Outfield,1985,216466,False,4
Let Her Cry,Hootie & The Blowfish,1994,318533,False,62
Hero,Mariah Carey,1993,257733,False,3
Unbreakable,Janet Jackson,2015,218342,False,0
Monsters,Something For Kate,2001,219173,False,32
Mamma Mia,ABBA,1975,213266,False,77
Easy Lover,"Philip Bailey, Phil Collins",1985,304306,False,34
STAY (with Justin Bieber),"The Kid LAROI, Justin Bieber",2021,141805,False,56
True Blue - 1986 Version,John Williamson,1986,242240,False,42
Live It Up,Mental As Anything,2015,227826,False,45
Enough (feat. Gizzle),"Delta Goodrem, Gizzle",2016,268527,False,31
They Don't Care About Us,Michael Jackson,1995,284160,False,72
Strut,Sheena Easton,1984,240960,False,41
SOS (feat. Aloe Blacc),"Avicii, Aloe Blacc",2019,157202,False,69
You've Got Your Troubles - Remastered,The Fortunes,2015,208143,False,40
What If,Jason Derulo,2010,203240,False,49
Nine in the Afternoon - Single Mix,Panic! At The Disco,2008,191560,False,51
Toothbrush,DNCE,2016,231813,False,0
Save Your Tears (with Ariana Grande) (Remix),"The Weeknd, Ariana Grande",2021,191013,False,76
Secret,Madonna,2009,268413,False,34
The Very Thought of You,Michael Bublé,2016,211613,False,32
Sorry,Justin Bieber,2015,200786,False,2
If It's Love,Train,2009,239040,False,0
Just a Gigolo / I Ain't Got Nobody,David Lee Roth,1985,284680,False,36
Stagger Lee,P.J. Proby,1996,137626,False,3
Something In The Air,Thunderclap Newman,1969,234360,False,49
All Those Years Ago - Remastered 2004,George Harrison,1981,227320,False,0
Need U (100%) - Radio Edit,"Duke Dumont, A*M*E",2013,174121,False,41
Nevermind,Dennis Lloyd,2017,156600,False,78
Cuz I Love You,Lizzo,2019,180954,False,25
The Day Before I Met You,Jessica Mauboy,2014,213440,False,22
California Gurls,"Katy Perry, Snoop Dogg",2010,234653,False,65
Can't Let You Go (feat. Mike Shorey & Lil' Mo),"Fabolous, Mike Shorey, Lil' Mo",2003,223973,True,57
So Yesterday,Hilary Duff,2005,215693,False,33
This Is How We Party,S.O.A.P.,1998,198066,False,37
So Sad The Song,"Gladys Knight, The Pips",2013,233626,False,0
Enemy (with JID) - from the series Arcane League of Legends,"Imagine Dragons, JID, Arcane, League of Legends",2022,173381,False,79
Five More Hours,"Deorro, Chris Brown",2017,211975,False,71
Never Ending Story,Limahl,1984,210013,False,51
Kryptonite,3 Doors Down,2007,233826,False,0
Wild Thoughts (feat. Rihanna & Bryson Tiller),"DJ Khaled, Rihanna, Bryson Tiller",2017,204173,True,74
Sugar Me,Lynsey De Paul,1973,220133,False,0
I Lived,OneRepublic,2013,234546,False,0
Stranger (feat. Elliphant),"Peking Duk, Elliphant",2016,206393,False,49
To Be Human,"Sia, Labrinth",2017,240960,False,0
Music Sounds Better With You - Radio Edit,"Stardust, Benjamin Diamond, Alan Braxe, Thomas Bangalter",1998,260906,False,72
Stack It Up (feat. A Boogie Wit da Hoodie),"Liam Payne, A Boogie Wit da Hoodie",2019,166410,False,14
"Take My Breath Away - Love Theme from ""Top Gun""",Berlin,1999,255733,False,71
Stupid Love,Jason Derulo,2013,214493,False,41
Back to You (feat. Bebe Rexha & Digital Farm Animals),"Louis Tomlinson, Bebe Rexha, Digital Farm Animals",2017,190427,True,62
you broke me first,Tate McRae,2020,169265,True,18
Right Round (feat. Ke$ha),"Flo Rida, Kesha",2009,202680,False,60
High Hopes,Panic! At The Disco,2018,190946,False,79
Wild Ones (feat. Sia),"Flo Rida, Sia",2012,232946,False,78
Dreaming My Dreams with You,Colleen Hewett,1983,229040,False,0
It Must Be Him,Vikki Carr,1992,172640,False,20
Took the Children Away,Archie Roach,1990,324066,False,32
"Where Do I Begin - Love Theme from ""Love Story""",Andy Williams,1971,189066,False,52
Put It In a Love Song (feat. Beyoncé Knowles),"Alicia Keys, Beyoncé",2009,195586,False,44
Baby Come Back,The Equals,2010,152333,False,0
So Good,B.o.B,2012,213253,False,59
Too Little Too Late,JoJo,2006,221720,False,70
Dirty Talk,Wynter Gordon,2010,197586,False,19
Sing For The Moment,Eminem,2002,339666,True,0
Feels Like Heaven,Urban Cookie Collective,2004,210133,False,38
It's Not Unusual,Tom Jones,1965,119800,False,72
Lady Marmalade,"Christina Aguilera, Lil' Kim, Mýa, P!nk",2008,265973,False,0
Mood (feat. iann dior),"24kGoldn, iann dior",2021,140877,False,52
Baby Got Back,Sir Mix-A-Lot,1992,262826,True,0
You Don't Bring Me Flowers (with Neil Diamond),Barbra Streisand,2002,204200,False,36
Nothing's Real but Love,Rebecca Ferguson,2011,173626,False,0
(Theme From) The Monkees,The Monkees,2008,138120,False,41
Delete,DMA'S,2014,271939,False,0
Gee Baby,Peter Shelley,2005,175906,False,26
From The Sea,Eskimo Joe,2004,202906,False,51
Animal,Conor Maynard,2012,196337,False,32
You Don't Know Love,Olly Murs,2016,198480,False,0
Falling Slowly,"Glen Hansard, Markéta Irglová",2007,244133,False,59
HUMBLE. - SKRILLEX REMIX,"Skrillex, Kendrick Lamar",2017,156800,True,66
WAP (feat. Megan Thee Stallion),"Cardi B, Megan Thee Stallion",2020,187541,True,76
Read My lips,Melissa Tkautz,2005,226426,False,0
Listen Like Thieves,INXS,2011,226346,False,18
Me and You and a Dog Named Boo,Lobo,1993,177933,False,45
Why Can't This Be Love - 2004 Remaster,Van Halen,2007,228333,False,32
Psycho,Maisie Peters,2021,184640,False,43
American Woman,Lenny Kravitz,2000,261706,False,46
1 2 3 Red Light,1910 Fruitgum Company,2009,154293,False,4
What It's Like,Everlast,1998,304306,False,0
Shimmy A Go Go,Short Stack,2008,242626,False,0
Let’s Go Home Together,"Ella Henderson, Tom Grennan",2021,208692,False,49
You're the One,Petula Clark,1997,143834,False,16
Heaven,"DJ Sammy, Yanou, Do",2016,235240,False,0
A.I.M. Fire!,Art vs Science,2011,239493,False,0
Zombie,The Cranberries,1994,306440,False,0
Oceans,Slip-On Stereo,2016,203240,False,5
Gettin' Jiggy Wit It,Will Smith,1997,227933,False,70
Gypsy Woman (She's Homeless) (La Da Dee La Da Da) - Radio Edit,Crystal Waters,1991,229573,False,55
You're So Vain,Carly Simon,1972,258411,False,76
Born to Try,Delta Goodrem,2003,251280,False,45
Poetry In Motion,Johnny Tillotson,2001,154466,False,0
Kiss Kiss,Holly Valance,2015,204400,False,0
Without You,Mariah Carey,1993,213666,False,3
Touch Me,The Doors,1969,190253,False,64
Hold On,Angus & Julia Stone,2010,265264,False,31
The Boys Of Summer,Don Henley,2009,288333,False,0
Broken Humans,"Human Nature, Guy Sebastian",2021,183913,False,27
The Promised Land,Dave Edmunds,2005,157133,False,9
Congratulations,"Post Malone, Quavo",2016,220293,True,0
Batter Up,"Nelly, Murphy Lee, Ali",2000,327933,True,0
If I Can't Have You,Yvonne Elliman,1977,178066,False,45
I Will Always Love You,Whitney Houston,2012,270760,False,0
From A Jack To A King,Ned Miller,2011,131426,False,6
Stop The Cavalry,Jona Lewie,1982,176360,False,0
Boom Clap,Charli xcx,2014,169866,False,47
Somewhere I Belong,Linkin Park,2003,213933,False,79
The 59th Street Bridge Song (Feelin' Groovy),Simon & Garfunkel,1966,103560,False,56
Breathe Again,Toni Braxton,1993,269173,False,60
Nobody Does It Better,"Marvin Hamlisch, Carly Simon",1977,212666,False,4
Piece of Me,Britney Spears,2007,212106,False,61
Smile,Sheppard,2014,230277,False,20
"No Light, No Light",Florence + The Machine,2011,274821,False,34
Cry Baby,"Garnet Mimms, The Enchanters",2014,203572,False,1
Every Hour,KIAN,2020,202066,False,30
Unsteady,X Ambassadors,2015,193546,False,71
Don't Worry Be Happy,Bobby McFerrin,1988,294400,False,66
My Name Is,Eminem,2005,268853,True,0
Be Like That - feat. Swae Lee & Khalid,"Kane Brown, Swae Lee, Khalid",2020,191406,False,66
Burn,USHER,2004,231933,False,71
Teenage Dream,Katy Perry,2010,227741,False,68
Let Me Blow Ya Mind,"Eve, Gwen Stefani",2001,230133,True,73
Lost!,Coldplay,2008,236213,False,31
Have a Little Faith (In Us) - Edit,John Farnham,2003,287666,False,15
I Knew You Were Trouble.,Taylor Swift,2012,219720,False,57
Total Eclipse of the Heart - Dance Mix,Nicki French,2010,244280,False,0
Santa Never Made It into Darwin,Bill & Boyd,2018,255826,False,0
Don't Be Cruel,Elvis Presley,1958,122893,False,52
Side To Side,"Ariana Grande, Nicki Minaj",2016,226160,True,2
I Think We're Alone Now,Tiffany,1987,228840,False,0
Is This Love,Bob Marley & The Wailers,1978,232200,False,76
Bad Liar,Imagine Dragons,2018,260773,False,79
Hello Friday (feat. Jason Derulo),"Flo Rida, Jason Derulo",2016,201237,False,40
To Kingdom Come,Passion Pit,2009,247533,False,0
Love Is Easy,McFly,2012,222920,False,49
Livin' It Up,"Ja Rule, Case",2015,259906,False,0
Put Your Records On,Ritt Momney,2020,210463,False,68
The Joker,Steve Miller Band,1973,264503,False,74
Unforgettable (Duet with Nat King Cole),Natalie Cole,1991,210906,False,0
Simple Man,Lynyrd Skynyrd,1998,356960,False,0
Physical,Dua Lipa,2020,193829,False,58
Too Many Times,Mental As Anything,2015,158266,False,30
Tip Toe (feat. French Montana),"Jason Derulo, French Montana",2017,187521,False,57
Seven Nation Army,The White Stripes,2003,231800,False,0
Dani California,Red Hot Chili Peppers,2006,282160,False,47
Thunder,Imagine Dragons,2017,187146,False,2
All I Ask Of You,"Sarah Brightman, Cliff Richard",1988,252333,False,23
What I Like About You,The Romantics,1990,175400,False,58
We Used To Be Friends,The Dandy Warhols,2003,199960,False,0
Woman in Love,Barbra Streisand,1980,231840,False,66
A Little Bit of Soap,Paul Davis,1971,152760,False,12
Terrible Love,Birdy,2011,283880,False,41
Comin' Home,The Radiators,1979,188280,False,44
Thunder,Imagine Dragons,2017,187146,False,84
Bent,Matchbox Twenty,2000,256133,False,54
Power of a Woman,Eternal,1995,264493,False,29
On My Mind,Ellie Goulding,2015,213445,False,42
James Brown Is Dead (Original Mix),L.A. Style,2010,344400,False,43
Daydreamer,David Cassidy,1974,167533,False,34
Jenny,The Click Five,2007,202360,False,56
Walking On The Moon - Remastered 2003,The Police,1979,300826,False,0
Do What You Do Well,Ned Miller,2011,153666,False,9
Plush,Stone Temple Pilots,1992,310346,False,65
Give It To Me,"Timbaland, Justin Timberlake, Nelly Furtado",2007,234057,True,0
Going Home - 2015 Remaster,Normie Rowe,2015,148266,False,0
Garden Party,"Ricky Nelson, The Stone Canyon Band",2000,228066,False,31
Bang Bang,"Jessie J, Ariana Grande, Nicki Minaj",2014,199386,False,1
All I Know,Karnivool,2009,293693,False,31
8 Letters,Why Don't We,2018,190026,False,0
Take Over Control,"AFROJACK, Eva Simons",2010,208619,False,0
Switch,Will Smith,2005,196653,False,0
Daddy's Home,Shep And The Limelites,2016,173906,False,13
Hurtless,Dean Lewis,2022,180274,False,55
Look What You Made Me Do,Taylor Swift,2017,211853,False,0
Release Me,"Eddie Miller, Robert Yount, Dub Williams, Engelbert Humperdinck",1967,204413,False,42
When It All Falls Apart,The Veronicas,2005,192560,False,41
Hard To Say I'm Sorry (feat. Peter Cetera),"Az Yet, Peter Cetera",2002,194293,False,25
Generation Why,Kisschasy,2009,162440,False,16
Poker Face,Lady Gaga,2009,237213,False,0
Waiting for Tonight,Jennifer Lopez,1999,246426,False,0
Think of Me,The Veronicas,2019,184454,False,33
Tell Me (feat. Christina Aguilera),"Diddy, Christina Aguilera",2006,246146,True,49
Wanted Dead Or Alive,Bon Jovi,2010,308560,False,0
Ma Baker,Boney M.,2012,274773,False,44
Only Thing Missing,Guy Sebastian,2020,161120,False,27
Black Superman (Muhammad Ali),Johnny Wakelin,2008,223240,False,20
Jump,Rihanna,2012,264453,True,47
Never Going Back Again - 2004 Remaster,Fleetwood Mac,1977,134400,False,73
World,Bee Gees,1968,195040,False,37
Handy Man,Jimmy Jones,2013,124107,False,0
Please Stay - Single Version,The Drifters,2007,135480,False,9
Green River,Creedence Clearwater Revival,1969,154120,False,0
7 rings,Ariana Grande,2018,178626,False,48
Monkey Wrench,Foo Fighters,1997,231160,False,0
You Learn - 2015 Remaster,Alanis Morissette,1995,239640,False,59
Always On Time,"Ja Rule, Ashanti",2001,245093,True,0
Over Under Sideways Down - The Mono Album,The Yardbirds,1966,142506,False,41
Wild Things,Alessia Cara,2016,188493,False,51
The Ending Is Just The Beginning Repeating,The Living End,2011,248000,False,21
Check It Out,"will.i.am, Nicki Minaj",2010,238160,False,0
True Colors,Cyndi Lauper,1986,227600,False,69
Don't You Know - Radio Edit,"Kungs, Jamie N Commons",2016,184986,False,57
Dead Skunk,Loudon Wainwright III,1972,185733,False,38
Praise The Lord (Da Shine) (feat. Skepta),"A$AP Rocky, Skepta",2018,205040,True,80
Hole In My Shoe,Traffic,1967,181266,False,30
...Baby One More Time,Britney Spears,2010,211066,False,0
Stand and Deliver,Adam & The Ants,2004,215626,False,43
Give A Little Bit,Supertramp,1977,248173,False,74
There's a Moon Out Tonight,The Capris,1992,132306,False,0
Footsteps,Gordon Taggart,2021,165000,False,0
Unskinny Bop,Poison,1990,228066,False,59
Don't Hold Back,The Potbelleez,2016,215041,False,41
My Sunshine,Mashd N Kutcher,2015,174882,False,30
God Is A Dancer (with Mabel),"Tiësto, Mabel",2019,168125,False,56
Jeopardy,The Greg Kihn Band,1983,229653,False,0
MMMBop,Hanson,1997,268653,False,66
She's so Mean,Matchbox Twenty,2013,232320,False,29
All I Know So Far,P!nk,2021,277413,True,59
United States Of Whatever,Liam Lynch,2003,91226,False,53
Wild Things,San Cisco,2012,185626,False,20
Things Can Only Get Better,D:Ream,1993,258000,False,52
Double Vision,3OH!3,2010,190706,False,27
Crazy Stupid Love,"Cheryl, Tinie Tempah",2014,225740,False,26
Shout,"Joey Dee, The Starliters",2013,268320,False,7
The Night They Drove Old Dixie Down,Joan Baez,1971,206066,False,52
Spanish Harlem,Aretha Franklin,1994,213560,False,36
Adelante,Sash!,2012,224773,True,0
Shake That (feat. Pitbull),"Samantha Jade, Pitbull",2015,218560,False,22
Bound for Glory,Angry Anderson,1990,239293,False,31
Sugar Free,Wa Wa Nee,1986,269160,False,19
I Do Not Hook Up,Kelly Clarkson,2009,200346,False,42
In Your Arms,Nico & Vinz,2014,205800,False,48
Let's Get It Started,Black Eyed Peas,2010,228706,False,0
Stupid Love,Lady Gaga,2020,193530,False,22
Happy Birthday Baby,Tony Christie,1991,225826,False,21
If You're Gone,Matchbox Twenty,2000,274933,False,62
You're Beautiful,James Blunt,2005,209493,True,61
Rockaria!,Electric Light Orchestra,1976,192840,False,46
Born This Way,Lady Gaga,2011,260252,False,66
Like A G6,"Far East Movement, The Cataracs, DEV",2010,216893,False,72
Surf City - Remastered 1990/Stereo Remix,Jan & Dean,1990,163026,False,38
Sunshine Of Your Love,Cream,1995,250733,False,0
Chase That Feeling,Hilltop Hoods,2009,209266,False,0
Check Yes Juliet (Run Baby Run),We The Kings,2007,220146,False,0
Gorgeous,Taylor Swift,2017,209680,False,0
Last Kiss,Pearl Jam,1999,195466,False,70
Honey,Moby,1999,208666,False,1
You Got It All,Union J,2017,212933,False,25
Big Yellow Taxi,"Counting Crows, Vanessa Carlton",2002,226826,False,59
Respect,Aretha Franklin,1967,147600,False,75
Goodbyes (feat. Young Thug),"Post Malone, Young Thug",2019,174840,False,48
Only One,Ciara,2015,211800,False,19
Almost,Tamia,2006,221320,False,47
Shy Boy,Bananarama,1983,193780,False,34
Bottle Of Wine,The Fireballs,2009,130226,False,0
Say You'll Be There,Spice Girls,1996,235973,False,65
Self Esteem,The Offspring,1994,257826,False,76
When I See You Smile,Bad English,1989,257440,False,61
Down By the Station,The Four Preps,2007,172066,False,21
Baby I Love You,Andy Kim,1969,176440,False,38
Impossible,Daniel Merriweather,2009,259826,False,8
Bread and Butter,NEWBEATS,1965,124720,False,24
1000 Stars,Natalie Bassingthwaighte,2009,240213,False,19
Glory Days,Bruce Springsteen,1973,255066,False,0
Golden Years - M-Phazes Remix,"Ruel, M-Phazes",2018,234293,False,32
Don't Cry for Me Argentina,Madonna,1996,335733,False,51
Cooler Than Me - Single Mix,"Mike Posner, Gigamesh",2010,213293,False,76
Couldn't Get It Right,Climax Blues Band,1976,198946,False,0
Because of You,Kelly Clarkson,2004,219493,False,0
Crazy,ICEHOUSE,1987,203920,False,50
Hush Not a Word to Mary,John Rowles,2008,184013,False,0
Ayo Technology,"50 Cent, Justin Timberlake, Timbaland",2007,247946,True,0
I Don't Wanna Know (feat. Enya & P. Diddy) - 2016 Remaster,"Mario Winans, Enya, Diddy",2016,257333,False,62
Never Knew Love Like This Before,Stephanie Mills,1995,327933,False,0
C'MON (feat. Travis Barker),"Amy Shark, Travis Barker",2020,220461,False,35
Let's Think About Living,Bob Luman,2016,124800,False,1
No Excuses,Meghan Trainor,2018,152862,False,52
My Love - 2018 Remaster,Wings,1973,247733,False,56
Let the Little Girl Dance,Billy Bland,2012,143098,False,0
Sealed With A Kiss - Single Version,Brian Hyland,2003,160080,False,0
Lose My Breath,Destiny's Child,2004,242013,False,60
Never Keeping Secrets,Babyface,1993,293266,False,44
Get It On,T. Rex,1971,262613,False,0
Lips Of An Angel,Hinder,2005,261853,False,0
Something I Need,OneRepublic,2013,240080,False,0
In the Summertime,Thirsty Merc,2004,240080,False,43
The Stripper,David Rose & His Orchestra,2006,117640,False,18
Dedicated To The One I Love,The Mamas & The Papas,1967,178733,False,62
One Step Ahead,Split Enz,1981,171066,False,38
ROXANNE,Arizona Zervas,2019,163636,True,72
See My Baby Jive - 2006 Remaster,Wizzard,1973,302333,False,38
a thousand years,Christina Perri,2011,285120,False,64
Valleri,The Monkees,2008,140520,False,30
Girlfriend,*NSYNC,2001,253600,False,48
Don't Do Me Like That,Tom Petty and the Heartbreakers,1979,161786,False,63
How Do I Deal,Jennifer Love Hewitt,1998,203826,False,33
Touch The Sky,"Kanye West, Lupe Fiasco",2005,236600,False,45
Keeping Score (feat. Paige IV),"L D R U, Paige IV",2015,182950,False,36
Tonight,New Kids On The Block,1990,207466,False,52
Lush Life,Zara Larsson,2017,201122,False,81
"This Ain't A Scene, It's An Arms Race",Fall Out Boy,2007,212040,False,0
True Colours,Kasey Chambers,2011,225960,False,0
First Heartbreak,Tori Kelly,2016,204960,False,31
Spill The Wine,"Eric Burdon, War",1997,242066,False,2
Where The City Meets The Sea,The Getaway Plan,2008,218386,False,0
Cheek To Cheek,"Ella Fitzgerald, Louis Armstrong",1997,354533,False,60
Half-Breed,Cher,1973,167533,False,40
Conqueror,AURORA,2016,207506,False,0
Moonshine,"Savage, Akon",2005,303746,True,47
Heaven (Must Be There) - 2007 Remastered,Eurogliders,2007,220733,False,41
Someone You Loved,Lewis Capaldi,2019,182173,False,47
I Can't Make You Love Me,Bonnie Raitt,1991,332960,False,59
Get Up (Rattle) [feat. Far East Movement],Bingo Players,2013,166932,False,0
Kill For Your Love,Labrinth,2022,192170,False,42
The Book of Love - EP Version,Gavin James,2015,193111,False,35
Nervous,Gavin James,2016,216200,False,0
The Greatest (feat. Kendrick Lamar),"Sia, Kendrick Lamar",2016,210226,False,65
Sunshine Superman,Donovan,1966,195000,False,52
Hymn to Her - 2007 Remaster,Pretenders,1986,298319,False,41
Ring of Fire,Johnny Cash,1963,158426,False,68
Midnight Sky,Miley Cyrus,2020,223279,False,1
Baby Can I Hold You,Tracy Chapman,1988,193120,False,74
Hey Mr. D.J. - Original Mix - Edit,Zhané,2013,256186,False,26
Teenage Dream,Katy Perry,2012,227760,False,63
Celebrity Skin,Hole,1998,162493,False,0
I'm Outta Love,Anastacia,2000,242773,False,34
Lay It All on Me (feat. Ed Sheeran),"Rudimental, Ed Sheeran",2013,242440,False,33
Sail,AWOLNATION,2011,259102,False,18
Break Away (From That Boy),The Newbeats,2011,150906,False,3
A Fifth Of Beethoven,Walter Murphy,1977,182533,False,26
I Need Your Love (feat. Ellie Goulding),"Calvin Harris, Ellie Goulding",2012,234506,False,71
Love Someone,Lukas Graham,2018,205440,False,58
About A Girl - Remastered,Nirvana,1989,168160,False,0
Waiting for Tonight,Jennifer Lopez,1999,245333,False,56
Wishin' And Hopin',Dusty Springfield,1964,176400,False,47
Doesn't Somebody Want To Be Wanted,"David Cassidy, The Partridge Family",1974,167733,False,28
Truly Madly Deeply,Savage Garden,1997,277600,False,0
Substitute,Clout,2005,209186,False,0
High Voltage,AC/DC,1976,254200,False,56
I Know a Place,Petula Clark,1996,161640,False,0
Slide (feat. Frank Ocean & Migos),"Calvin Harris, Frank Ocean, Migos",2017,230813,True,68
Adorn,Miguel,2012,193146,False,54
Hurricane,Faker,2005,199666,False,32
Drive Away,The Sundance Kids,2009,195760,False,17
April Sun In Cuba,Dragon,2006,227373,False,0
All About That Bass,Meghan Trainor,2014,188754,True,57
I Couldn't Live Without Your Love,Petula Clark,1997,175272,False,33
Let Me Think About It - Ida Corr Vs Fedde Le Grand / Radio Edit,"Ida Corr, Fedde Le Grand",2009,150933,False,0
In My Mind,"Dynoro, Gigi D'Agostino",2018,183366,False,56
Tell It to My Heart,Taylor Dayne,1988,220880,False,63
Mirrors - Radio Edit,Justin Timberlake,2013,277306,False,59
Love So Soft,Kelly Clarkson,2017,172426,False,51
Selfish,Jessica Mauboy,2019,206066,False,23
These Days,Foo Fighters,2011,298266,False,60
Oh Julie - Remastered Single Version,Shakin' Stevens,2005,153760,False,0
"Independent Women, Pt. 1",Destiny's Child,2001,221133,False,62
Let Her Go,Passenger,2013,252733,False,63
iYiYi (feat. Flo Rida),"Cody Simpson, Flo Rida",2010,235800,False,38
Twilight Zone,Golden Earring,1989,474466,False,47
Werewolves of London,Warren Zevon,1986,208173,False,52
Ordinary Angels - 2014 Remaster,Frente!,1999,169680,False,24
Tainted Love,Soft Cell,1981,153800,False,80
Joy To The World,Three Dog Night,1970,220573,False,62
Sweet Talk,Samantha Jade,2014,212826,False,38
Wish You Were Here - 2011 Remastered Version,Pink Floyd,1975,334743,False,0
You're in My Heart (The Final Acclaim),Rod Stewart,1996,267906,False,42
Best Of You,Foo Fighters,2005,255626,False,0
One Kiss (with Dua Lipa),"Calvin Harris, Dua Lipa",2018,214846,False,79
Miss You,"Oliver Tree, Robin Schulz",2022,206000,True,25
Gotta Get Away,The Offspring,1994,232160,False,0
Joey,Concrete Blonde,1990,248959,False,56
How Could You,Mario,2004,236000,True,44
Need Your Love,The Temper Trap,2012,220640,False,0
Every Time You Cry (with Human Nature) - Remastered,"John Farnham, Human Nature",2001,286560,False,34
Dedication To My Ex (Miss That),"Lloyd, André 3000, Lil Wayne",2011,236146,True,44
Chasing Pavements,Adele,2008,210506,False,0
Mercy,Shawn Mendes,2016,208733,False,0
Da Ya Think I'm Sexy?,Rod Stewart,1978,331333,False,70
Live My Life,"Far East Movement, Justin Bieber",2012,237106,False,0
I Kiss Your Lips,Tokyo Ghetto Pussy,1996,337173,False,0
Four to the Floor,Starsailor,2003,233840,False,47
Bye Bye,Mariah Carey,2008,266506,False,0
"Mary, Mary",The Monkees,2008,135640,False,30
Born To Be Wild,Steppenwolf,1968,210373,False,71
Choices,The Hoosiers,2010,168546,False,0
Silence Is Golden,The Tremeloes,1997,190933,False,0
Levitating (feat. DaBaby),"Dua Lipa, DaBaby",2020,203064,False,79
What Would You Do?,City High,2015,175399,True,0
Sax,Fleur East,2015,236440,False,51
Don't You Wanna Feel,Rogue Traders,2003,197320,False,19
Here Without You,3 Doors Down,2002,238733,False,76
I Don't Wanna Wait,"David Guetta, OneRepublic",2024,149667,False,88
Beautiful Noise,Neil Diamond,1996,193333,False,50
Too Fake,Hockey,2009,247413,False,12
Don't Lose My Number - 2016 Remaster,Phil Collins,1985,288906,False,39
My Cherie Amour,Stevie Wonder,1969,173306,False,0
Angel of the Morning,Merrilee Rush,2017,188207,False,30
Fireball (feat. John Ryan),"Pitbull, John Ryan",2014,236200,False,76
The Writing on the Wall (Rerecorded),Adam Wade,2008,151640,False,3
Sex & Candy,Marcy Playground,1997,173493,False,69
Hey Paula,Paul & Paula,2014,149237,False,24
When The River Runs Dry,Hunters & Collectors,1989,302266,False,0
Beautiful,Christina Aguilera,2002,238560,False,67
I Don’t Wanna Live Forever (Fifty Shades Darker),"ZAYN, Taylor Swift",2017,245653,False,66
She Bangs - English Version,Ricky Martin,2000,280626,False,55
Don't Give Up,"Chicane, Bryan Adams",2016,210786,False,45
You're Such a Good Looking Woman,Joe Dolan,1993,175306,False,0
Palisades Park,Freddy Cannon,1999,113840,False,14
Power And The Passion - Remastered Version,Midnight Oil,1982,339400,False,49
Dream On,Aerosmith,2011,265093,False,0
Sunsets,Powderfinger,2011,230626,False,0
I Said Hi,Amy Shark,2018,168664,False,39
How Long,Charlie Puth,2017,198237,False,0
Paradise (feat. Dermot Kennedy),"MEDUZA, Dermot Kennedy",2020,167903,False,66
Won't Forget You,"Jax Jones, D.O.D, Ina Wroldsen",2023,153817,False,51
Sucker,Jonas Brothers,2019,181026,False,76
No You Girls,Franz Ferdinand,2009,223786,False,62
Layla,"Derek & The Dominos, Eric Clapton",1995,433106,False,0
Moments (feat. Gavin James),"Bliss n Eso, Gavin James",2017,237613,True,0
Hide U,Kosheen,2001,251466,False,0
Sounds Of Then (This Is Australia),GANGgajang,1985,231991,False,56
We've Only Just Begun,Carpenters,1970,184426,False,59
Blister in the Sun - 2002 Remastered Version,Violent Femmes,1983,144333,False,0
When You Look At Me - Radio Edit,Christina Milian,2001,222800,False,0
Smokin' in the Boy's Room,Brownsville Station,1973,176453,False,45
New Divide,Linkin Park,2011,268613,False,54
What I Did for Love (feat. Emeli Sandé),"David Guetta, Emeli Sandé",2014,207200,False,52
Turn Back Time,Aqua,1997,249200,False,0
#Beautiful,"Mariah Carey, Miguel",2014,199866,False,40
"Earned It (Fifty Shades Of Grey) - From The ""Fifty Shades Of Grey"" Soundtrack",The Weeknd,2014,252226,False,0
Love In Motion,"ICEHOUSE, Christina Amphlett",2011,282400,False,0
Crush,Jennifer Paige,1998,200293,False,53
I Should Be so Lucky,Kylie Minogue,1988,204893,False,35
Reckless (Don't Be So...) - Remastered,Australian Crawl,2014,321337,False,0
I Want You Back,Bananarama,2005,231637,False,0
Ready For Your Love,"Gorgon City, MNEK",2014,198880,False,55
Cry for Help,Rick Astley,2014,243600,False,0
Beat Of My Heart,Hilary Duff,2005,189760,False,40
Russian Roulette,Rihanna,2009,227573,False,35
Come Said The Boy - Digitally Remastered,Mondo Rock,2017,315986,False,48
Better Be Home Soon,Crowded House,1988,188412,False,0
Never Gonna Not Dance Again,P!nk,2022,225789,True,64
Those Kinda Nights (feat. Ed Sheeran),"Eminem, Ed Sheeran",2020,177693,False,26
Jesse,Carly Simon,1980,261000,False,42
Always Be Here,Dane Rumble,2011,225480,False,0
Warp 1.9,"The Bloody Beetroots, Steve Aoki",2009,203853,False,0
Suite: Judy Blue Eyes - 2005 Remaster,"Crosby\, Stills & Nash",1969,444053,False,56
I Am,Killing Heidi,2004,206293,False,0
One of Us Has Changed,Aleesha Rome,2000,220440,False,0
Scream,USHER,2012,234693,False,0
Don't You Know It's Magic,John Farnham,1995,242346,False,29
Lotta Love,Nicolette Larson,1978,191773,False,53
Fading Like A Flower (Every Time You Leave),Roxette,1991,230680,False,0
Papercuts (feat. Vera Blue),"Illy, Vera Blue",2016,255889,False,45
A Little Less Conversation - JXL Radio Edit Remix,"Elvis Presley, Junkie XL",2002,213240,False,54
Pass The Dutchie,Musical Youth,1994,205426,False,0
Try Everything,Shakira,2016,196853,False,68
Old Sid,Daryl Braithwaite,2008,197760,False,0
All Right Now,Free,2002,334000,False,49
Rhythm of My Heart,Rod Stewart,1991,254866,False,54
Stolen Dance,Milky Chance,2014,311333,False,0
Surrender,Elvis Presley,1963,114200,False,49
Gone Away - 1997,The Offspring,1997,268826,False,68
My Life,Billy Joel,1978,284000,False,70
Wouldn't It Be Nice,The Beach Boys,1966,153205,False,64
The Ballad Of John And Yoko - Remastered 2015,The Beatles,2000,179480,False,49
Heaven,Emeli Sandé,2012,251946,False,38
Close To Me,The Cure,1985,203266,False,69
Don't Leave,"Snakehips, MØ",2017,214693,True,58
Bristol Stomp,The Dovells,1963,138893,False,0
Pump It,Black Eyed Peas,2005,213066,False,1
The Only Way Is Up (Original),Yazz,1988,269266,False,0
Who You Love (feat. Katy Perry),"John Mayer, Katy Perry",2013,249933,False,59
I Just Called To Say I Love You - Single Version,Stevie Wonder,2002,261773,False,0
Who Made Who,AC/DC,1986,207146,False,66
We Gotta Get Out Of This Place,The Angels,1986,279866,False,43
I Think I'm in Love with You,Jessica Simpson,1999,197693,False,48
"Gee Whiz, Look at His Eyes",Carla Thomas,1961,141840,False,32
Tell Me,Groove Theory,1995,236066,False,62
Dance Little Lady,Tina Charles,2015,194000,False,18
Nasty Girl,Destiny's Child,2001,257826,False,36
Best Song Ever,One Direction,2013,202440,False,40
Pamela Pamela,Wayne Fontana,1984,129274,False,27
The More I See You,Peter Allen,1976,215266,False,21
Got the Feelin' - Radio Edit,Five,2003,208466,False,30
I Don't Believe You,P!nk,2008,276280,False,0
The Unforgiven II,Metallica,1997,396440,False,0
Refugee,Tom Petty and the Heartbreakers,1993,200893,False,0
Love Me Again,John Newman,2013,239894,False,0
Feel This Moment (feat. Christina Aguilera),"Pitbull, Christina Aguilera",2012,229506,False,77
jar of hearts,Christina Perri,2011,246587,False,69
Daughter - Remastered,Pearl Jam,1993,234333,False,67
Tucker's Daughter,Ian Moss,1989,274866,False,50
P.Y.T. (Pretty Young Thing),Michael Jackson,2008,238733,False,62
Horror Movie - 2009 Remaster,Skyhooks,1974,227720,False,42
Shake Your Groove Thing,Peaches & Herb,1978,346133,False,0
Everybody Hurts,R.E.M.,1992,320266,False,0
Will You Love Me Tomorrow,The Shirelles,1984,162893,False,0
Livin' On A Prayer,Bon Jovi,1986,249293,False,4
"Go, Jimmy, Go",Jimmy Clanton,2017,128888,False,0
Lips Of An Angel,Hinder,2005,261853,False,72
Demons,Imagine Dragons,2012,175200,False,2
Lana,Roy Orbison,1962,137200,False,38
Bloodstream,Ed Sheeran,2014,300253,False,61
Boom Clap,Charli xcx,2015,169866,False,62
Problem,"Ariana Grande, Iggy Azalea",2014,193920,False,0
I'll Be,Edwin McCain,1997,266533,False,66
Shandi,KISS,1980,216866,False,43
Angels Brought Me Here,Guy Sebastian,2010,240093,False,44
Yesterday Once More,Dami Im,2016,242200,False,22
Wearing My Rolex - Radio Edit,Wiley,2008,170480,False,55
American Girl,Tom Petty and the Heartbreakers,1976,214733,False,40
No Brainer,"DJ Khaled, Justin Bieber, Quavo, Chance the Rapper",2018,260000,True,60
Swingin' School,Bobby Rydell,2015,135560,False,0
Agadoo,Black Lace,1998,189293,False,42
Alive - 2006 Remaster,P.O.D.,2006,203693,False,51
Coming Home,"Diddy - Dirty Money, Skylar Grey",2010,238693,False,64
Love My Life,Robbie Williams,2016,208320,False,55
Come A Little Bit Closer,Jay & The Americans,1964,166666,False,59
Word Up!,Korn,2004,172666,False,66
Pretty Little Angel Eyes - Remastered,Curtis Lee,2017,163973,False,0
Somebody,"Natalie La Rose, Jeremih",2014,189906,False,0
Save Your Tears,The Weeknd,2020,215626,True,84
The Boys Of Summer,"DJ Sammy, Loona, Mel",2002,295560,False,40
Alisha Rules The World,Alisha's Attic,1996,272266,False,23
I'm Gonna Be Alright (feat. Nas),"Jennifer Lopez, Nas, Cory Rooney, Poke and Tone",2002,172240,False,50
Love The Way You Lie,"Eminem, Rihanna",2010,263373,True,83
The Perfect Day,Fischer-Z,1987,261226,False,0
ROCKSTAR (feat. Roddy Ricch),"DaBaby, Roddy Ricch",2020,181733,True,73
More Than This,Roxy Music,1982,270651,False,67
Footsteps,Steve Lawrence,2006,127017,False,0
Shout Shout (Knock Yourself Out),Ernie Maresca,1962,130093,False,31
Loud,Shannon Noll,2009,191960,False,13
Teenage Rampage,Sweet,2015,213520,False,33
Heatseeker,AC/DC,1988,230400,False,51
Not In That Way,Sam Smith,2015,172452,False,0
You Belong To Me,The Duprees,1996,170186,False,38
Dogs Are Talking,The Angels,1990,203066,False,31
Houdini,Eminem,2024,227239,True,84
When I Get Where I'm Going (feat. Dolly Parton) (feat. Dolly Parton),"Brad Paisley, Dolly Parton",2010,246546,False,39
Total Control,The Motels,1979,354066,False,46
Shes So Fine,The Easybeats,1965,126573,False,0
He Won't Go,Adele,2011,278040,False,0
Choir,Guy Sebastian,2019,171437,False,44
The Wire,HAIM,2013,245800,False,56
I See You Baby (feat. Gramma Funk) - Fatboy Slim Radio Edit,"Groove Armada, Gramma Funk",2017,244706,True,49
Nutbush City Limits,Ike & Tina Turner,2008,181533,False,51
Higher,Creed,1999,316733,False,75
What Do I Know?,Ed Sheeran,2017,237333,False,63
Chicken Fried,Zac Brown Band,2008,238146,False,2
With Every Heartbeat,"Kleerup, Robyn",2009,253186,False,32
Follow You Follow Me - Remastered 2007,Genesis,1978,240991,False,9
Do It Again - Remastered 2001,The Beach Boys,1969,146373,False,44
Midas Touch - Starskee Radio Edit,"Midnight Star, Starskee",2005,209240,False,31
Dance with Me Tonight,Olly Murs,2011,202226,False,64
Viva Forever,Spice Girls,2022,310666,False,25
Edge of the Night,Sheppard,2017,204210,False,14
Kiss Your Mama!,Vanessa Amorosi,2008,189453,False,8
Romeo's Tune,Steve Forbert,1979,212471,False,57
"Jumpin', Jumpin'",Destiny's Child,1999,230200,False,68
Beyond the Sea,Bobby Darin,1959,172480,False,68
2.0,Jump Jump Dance Dance,2011,215266,False,0
My Heart Has A Mind Of Its Own,Connie Francis,1996,150933,False,17
Heroes (we could be),"Alesso, Tove Lo",2015,210012,False,0
I'm Your Funny Bear - The Gummi Bear Song,Gummibär,2009,190240,False,0
Baila Conmigo (with Rauw Alejandro),"Selena Gomez, Rauw Alejandro",2021,186087,False,1
Three Times A Lady,Commodores,1985,217426,False,53
"Tonight, Tonight - Remastered 2012",The Smashing Pumpkins,1995,254626,False,66
Talk Dirty (feat. 2 Chainz),"Jason Derulo, 2 Chainz",2013,177685,True,66
Can't Feel My Face,The Weeknd,2015,213520,False,0
Where Did All the Love Go?,Kasabian,2009,258200,False,51
Walking in Memphis,Marc Cohn,1991,252613,False,66
Ever the Same,Rob Thomas,2005,256600,False,52
The Power,Vanessa Amorosi,2004,216773,False,14
Don't Wanna Know (feat. Kendrick Lamar),"Maroon 5, Kendrick Lamar",2017,214265,False,0
Drive You Mad,Amy Shark,2017,212182,False,31
There Must Be an Angel (Playing with My Heart),"Eurythmics, Annie Lennox, Dave Stewart",2005,281040,False,50
Galaxy (feat. Stan Walker),"Jessica Mauboy, Stan Walker",2011,244733,False,33
Naughty Girl,Beyoncé,2003,208573,False,63
Only One Road,Céline Dion,1993,288333,False,40
Crystalised,The xx,2009,201946,False,0
I'll Be There,Gerry & The Pacemakers,2004,191693,False,24
Orinoco Flow - 2009 Remaster,Enya,1988,266200,False,63
Blinding Lights,The Weeknd,2020,200040,False,88
Young Forever,"JAY-Z, Mr Hudson",2009,253880,False,37
Better in Time,Leona Lewis,2007,234173,False,65
Harbor Lights,The Platters,1995,187666,False,0
Headlights (feat. Ilsey),"Robin Schulz, Ilsey",2015,209208,False,60
I Try,Macy Gray,1999,239440,False,71
"My Neck, My Back (Lick It)",Khia,2015,222560,True,58
Dance With Me,112,2001,231800,False,63
Come Back Again - 2011 Remaster,Daddy Cool,1971,293293,False,37
Can't Hold Back (feat. Macy Gray),"Kaz James, Macy Gray",2008,152253,False,4
Talk Is Cheap,Chet Faker,2014,218067,True,0
Friday (feat. Mufasa & Hypeman) - Dopamine Re-Edit,"Riton, Nightcrawlers, Mufasa & Hypeman, Mufasa, Dopamine",2021,169153,False,76
The Pretender,Foo Fighters,2009,267360,False,52
We Are Done,The Madden Brothers,2014,216467,False,0
What Makes You Beautiful,One Direction,2012,198053,False,1
1996,The Wombats,2011,260400,False,36
Good Riddance (Time of Your Life),Green Day,1997,153466,True,82
Blinded by the Light,Manfred Mann's Earth Band,1976,428133,False,0
How Deep Is Your Love,Take That,1996,221000,False,0
Rush,Troye Sivan,2023,156391,True,78
"Hey, Western Union Man","Max Merritt, The Meteors",2007,232053,False,16
Breakaway,Big Pig,1987,218333,False,37
Til I Make Peace With War,Sam Winston,2021,251840,False,1
I'm On Fire,Bruce Springsteen,1984,155880,False,80
Counting Stars,OneRepublic,2013,257266,False,1
You Can Get It If You Really Want,Desmond Dekker,1970,162893,False,0
High Hopes - Live,Pink Floyd,1995,472266,False,0
Gold,John Stewart,2005,244133,False,0
Tsunami (Jump) [feat. Tinie Tempah],"DVBBS, Borgeous, Tinie Tempah",2014,159492,False,3
"What's The Frequency, Kenneth?",R.E.M.,1994,239466,False,0
The Fly,U2,1991,269053,False,0
I'll Stand by You,Pretenders,1994,240760,False,70
Creep,ELAZ,2021,236608,False,0
It's Only Make Believe,Conway Twitty,1995,150133,False,16
Blame It on the Rain,Milli Vanilli,2011,248533,False,73
Lost In Love,Air Supply,1980,234160,False,43
Touch It,Monifah,2018,283830,False,26
Long Day,Matchbox Twenty,2013,225666,False,40
Frozen Orange Juice,Peter Sarstedt,2016,190626,False,20
The Loco-Motion - Remastered 2002,Grand Funk Railroad,1974,165800,False,47
See You Again,Miley Cyrus,2009,190373,False,33
Sweet Hitch-Hiker,Creedence Clearwater Revival,1972,177266,False,51
Won't Go Home Without You,Maroon 5,2007,231173,False,0
We R Who We R,Kesha,2010,204760,False,70
Venus,Bananarama,1986,229164,False,68
Holiday Rap - Version 1986,MC Miker & DJ Sven,1986,266274,False,51
So Long,Fischer-Z,1980,302733,False,45
Jenny from the Block (feat. Jadakiss & Styles P.) - Track Masters Remix,"Jennifer Lopez, Jadakiss, Styles P",2002,187840,False,71
Rock and Roll Ain't Noise Pollution,Rock Hits,2012,253075,False,0
Don't Cry (Original),Guns N' Roses,1991,284800,False,0
Dance Again,"NEWEM, Baby Alpaca",2021,262018,False,0
It's Like That,"Run–D.M.C., Jason Nevins",2002,250626,False,62
Alive,Natalie Bassingthwaighte,2009,211000,False,31
Amazing,Alex Lloyd,2006,202133,False,27
Luv Your Life,Silverchair,2002,269493,False,25
The Minute You're Gone - 2000 Remaster,Cliff Richard,2002,139026,False,9
Friday on My Mind,The Easybeats,1965,162106,False,0
Blue Monday - 2016 Remaster,New Order,2005,450800,False,59
Burn for You,John Farnham,1990,212933,False,42
Five More Minutes,Jonas Brothers,2020,150366,False,47
Stumblin' In,"Chris Norman, Suzi Quatro",1978,236720,False,18
Ten Days,Missy Higgins,2005,225146,False,0
Wonderwall - Remastered,Oasis,1995,258773,False,78
Timebomb,Kylie Minogue,2012,177331,False,30
Fly Robin Fly,Silver Convention,2010,230920,False,46
I Found You (with Calvin Harris),"benny blanco, Calvin Harris",2018,191495,False,50
The Prize (feat. Bridgette Amofah),"The Kite String Tangle, Bridgette Amofah",2017,214333,False,21
Middle Of The Night,"The Vamps, Martin Jensen",2017,174600,False,0
Surfin' Bird,The Trashmen,1995,143293,False,0
Burn,Jessica Mauboy,2008,174000,False,31
Kosciusko - Remastered Version,Midnight Oil,2012,281213,False,18
"Love Is All Around - From ""Four Weddings And A Funeral""",Wet Wet Wet,1995,246240,False,68
Keeping Score (feat. Paige IV),"L D R U, Paige IV",2017,182950,False,40
First Time,Vance Joy,2015,224626,False,0
November Rain,Guns N' Roses,1991,537506,False,0
Macho Man,Village People,1978,321000,False,53
BLOW (with Chris Stapleton & Bruno Mars),"Ed Sheeran, Chris Stapleton, Bruno Mars",2019,209120,False,61
Things Don't Seem - Remastered,Australian Crawl,2014,237197,False,0
Everybody Rise,Amy Shark,2020,190322,False,42
The Saints Are Coming,"U2, Green Day",2006,202413,False,49
Jackie Chan,"Tiësto, Dzeko, Preme, Post Malone",2018,215759,True,66
"Get Outta My Dreams, Get into My Car",Billy Ocean,1988,333506,False,0
Mr. Lonely,Bobby Vinton,1964,159173,False,28
My Happiness,Powderfinger,2000,276626,False,60
Lyin' Eyes - 2013 Remaster,Eagles,1975,381998,False,68
Don't Stop Movin' - Paul Morrell Radio Mix,"Livin' Joy, Paul Morrell",2016,201929,False,0
I'm Coming Home,Birtles & Goble,1980,225373,False,31
Show Me Love,Robin S,1993,252106,False,68
Closing Time,Semisonic,1998,273533,False,0
Better Be Home Soon,Crowded House,2010,188049,False,40
Little Lies,Fleetwood Mac,1987,218040,False,0
Kiddio,Brook Benton,2016,153103,False,7
"Gypsys, Tramps & Thieves",Cher,1971,158000,False,58
Let's Groove,CDB,2010,256519,False,37
Alice Long (You're Still My Favorite Girlfriend) - Mono Version,"Tommy Boyce, Bobby Hart",1969,171240,False,20
Inescapable - Youngboyz Mix,Jessica Mauboy,2011,215906,False,35
Over the Rainbow,Israel Kamakawiwo'ole,2001,211933,False,71
Take These Chains from My Heart,Ray Charles,2013,175240,False,7
Killing Me Softly With His Song,Roberta Flack,1973,286920,False,71
Tossin' And Turnin',Bobby Lewis,2005,159640,False,34
No Air (feat. Chris Brown),"Jordin Sparks, Chris Brown",2008,264546,False,36
Lost Without You,Delta Goodrem,2003,248546,False,49
Ship of Fools,"World Party, Anthony Thistlethwaite",1987,268493,False,43
Where Were You In The Morning?,Shawn Mendes,2018,200600,False,0
Nothing Else Matters,Metallica,1991,388266,False,0
The Edge Of Glory,Lady Gaga,2011,321173,False,34
Wings,Delta Goodrem,2015,207095,False,0
Teenage Dirtbag,Wheatus,2000,241666,False,0
Pure Shores,All Saints,2000,268746,False,62
In the Shadows,The Rasmus,2003,257920,False,70
Move on Up - Extended Version,Curtis Mayfield,1970,535333,False,54
Dreams,GABRIELLE,1993,222773,False,58
All Cried Out,Allure,2014,268626,False,18
I See Red,Split Enz,1985,255360,False,38
Borrow My Heart,Taylor Henderson,2013,212626,False,37
Have You Never Been Mellow,Olivia Newton-John,1975,213533,False,44
Standing In The Rain,John Paul Young,2009,251866,False,0
Show Me Love,"Sam Feldt, Kimberly Anne",2015,181867,False,49
Bring Me To Life,Evanescence,2003,237293,False,0
Nobody Told Me - Remastered 2010,John Lennon,1984,214280,False,46
If You Don't Know Me by Now (feat. Teddy Pendergrass),"Harold Melvin & The Blue Notes, Teddy Pendergrass",1995,205573,False,0
Groovejet,Spiller,2011,450455,False,0
What's Luv? (feat. Ashanti),"Fat Joe, Ashanti",2002,230400,False,64
Yellow Submarine - Remastered 2015,The Beatles,2000,158800,False,47
In My Place,Coldplay,2002,226680,False,74
Before The Next Teardrop Falls,Freddy Fender,1975,149951,False,52
Dumb Things - triple j Like A Version,"A.B. Original, Paul Kelly",2017,274226,False,0
These New Knights,Ou Est Le Swimming Pool,2010,205120,False,9
Touch Me (Radio Edit),Rui Da Silva feat. Cassandra,2000,207066,False,48
Most People I Know Think That Im Crazy,Billy Thorpe,1976,369826,False,18
Shame and Scandal in the Family,Johnny Chester,2016,154546,False,0
Lucille,Kenny Rogers,1976,220866,False,61
Baby Boy (feat. Sean Paul),"Beyoncé, Sean Paul",2003,244826,False,66
New Thang,Redfoo,2016,226800,False,55
Wonderful Life - Radio Edit,Hurts,2014,215080,False,0
My Gun,The Rubens,2012,190060,False,0
The Cheater,Bob Kuban & The In-Men,2011,162693,False,5
Oops!...I Did It Again,Britney Spears,2004,210853,False,45
Ti Amo,Laura Branigan,1984,254333,False,44
Feeling This,blink-182,2003,172645,True,67
Caught in the Middle,A1,2001,206466,False,47
Snoopy Vs. The Red Baron,The Royal Guardsmen,1967,160680,False,36
Where Have All The Flowers Gone?,The Kingston Trio,1995,183066,False,0
Who You Lovin,Conrad Sewell,2015,232080,False,26
Treasure,Bruno Mars,2012,178560,True,81
Selling Me Out,Tuka,2019,213287,False,16
Running Back (feat. Flo Rida),"Jessica Mauboy, Flo Rida",2008,226093,False,31
I Bet,Ciara,2015,287850,True,41
Two Strong Hearts,John Farnham,1988,213333,False,50
Bad Liar,Imagine Dragons,2018,260773,False,0
#SELFIE,The Chainsmokers,2014,183750,False,0
Get Ready - Rapversion Edit,2 Unlimited,1992,222910,False,0
Mirrors,Justin Timberlake,2013,484146,False,0
Up Around The Bend,Creedence Clearwater Revival,1970,161466,False,61
Don't Cry Daddy,Elvis Presley,1969,167746,False,48
Turn Me Loose,Loverboy,1997,336733,False,0
Breaking Me,"Topic, A7S",2019,166793,False,72
Some Of The Places I Know,Gyroscope,2010,231026,False,0
Takin' Care Of Business,Bachman-Turner Overdrive,1973,289893,False,0
Now That We Found Love,"Heavy D & The Boyz, Aaron Hall",1991,258200,False,0
The World I Know,Collective Soul,2001,255466,False,0
I Wanna Be Around,Michael Bublé,2016,222120,False,26
I Don't Care,Fall Out Boy,2008,214493,False,0
Soul Kind of Feeling,Dynamic Hepnotics,2016,232520,False,36
Wings,Little Mix,2012,219733,False,0
"Say, Has Anybody Seen My Sweet Gypsy Rose (feat. Tony Orlando) - Digitally Remastered 1998","Dawn, Tony Orlando",1973,172160,False,27
Solitaire,Laura Branigan,1995,245933,False,29
You Must Have Been a Beautiful Baby,Bobby Darin,2004,129706,False,18
The Shoop Shoop Song (It's in His Kiss),The Bootleg Family Band,2018,181680,False,0
Million Reasons,Lady Gaga,2016,205280,False,0
The Twist,Chubby Checker,1961,153760,False,0
"If You Gotta Go, Go Now - 2007 Remaster",Manfred Mann,1963,151746,False,0
I Was Only 19 (A Walk in the Light Green),Redgum,2011,259506,False,43
This I Promise You,*NSYNC,2000,284760,False,66
Kryptonite,3 Doors Down,2000,233933,False,78
Wonderful,"Ja Rule, R. Kelly, Ashanti",2004,270506,True,0
Come Home with Me,Guy Sebastian,2014,204400,False,28
Old School Love (feat. Ed Sheeran),"Lupe Fiasco, Ed Sheeran",2013,273903,True,41
fOoL fOr YoU,ZAYN,2016,202213,False,60
Uptown Funk,"Mark Ronson, Bruno Mars",2015,268800,False,0
"Hey, Soul Sister",Train,2010,216773,False,84
Colors Of The Wind,Vanessa Williams,1998,258706,False,0
Play,Jennifer Lopez,2001,211493,True,50
Piece Of My Heart,Janis Joplin,2007,253804,False,0
Ray Of Solar,Swedish House Mafia,2023,241793,False,66
People Got to Be Free,The Rascals,1969,181786,False,37
Victory,Bond,2020,205800,False,0
Don't Wait Up,Shakira,2021,204043,False,52
Street Fighting Man - 50th Anniversary Edition,The Rolling Stones,1968,195146,False,53
Billie Jean,Michael Jackson,2008,293826,False,77
I'm Free,"The Soup Dragons, Junior Reid",2012,211693,False,0
Dynamite (feat. Allday),"Asta, Allday",2015,237491,False,32
Say,John Mayer,2006,230213,False,58
Cosmic Girl - Remastered 2013,Jamiroquai,1996,244146,False,65
Give You Love (feat. Jason Derulo),"Jessica Mauboy, Jason Derulo",2023,174125,False,48
Love Is Strange,Mickey Baker,1957,172640,False,54
The Trouble with Us,"Marcus Marr, Nick Murphy",2015,222066,False,0
Hello Hello I'm Back Again,Gary Glitter,2011,200866,False,25
Holiday,Green Day,2017,232680,False,62
The Logical Song,Scooter,2013,234116,False,0
Livin' On A Prayer,Bon Jovi,1986,250306,False,0
Let Me Be There,Olivia Newton-John,2018,176917,False,30
Mandy,Barry Manilow,1974,213333,False,66
Two Faces Have I,Ol' 55,2016,179520,False,24
Cry In Shame,Johnny Diesel & The Injectors,1989,282640,False,0
Islands In The Stream,"Kenny Rogers, Dolly Parton",2008,249880,False,0
There You Go,P!nk,2000,202706,False,0
"Luv Me, Luv Me","Shaggy, Janet Jackson",2002,356840,False,40
My Boy,Elvis Presley,1974,198853,False,49
We Don't Talk Anymore (feat. Selena Gomez),"Charlie Puth, Selena Gomez",2016,217706,False,77
The Nips Are Getting Bigger - Remastered,Mental As Anything,2009,200800,False,0
Soul Deep,The Box Tops,1969,147760,False,36
Someone You Loved,Lewis Capaldi,2018,182160,False,67
Dynamite,Taio Cruz,2010,203866,False,70
American Woman - 2024 Remaster,The Guess Who,1970,307493,False,60
Never Let You Go - 2008 Remaster,Third Eye Blind,1999,237240,False,64
Me and Mrs. Jones,Billy Paul,1972,285760,False,0
Evie Pt. 1 (Let Your Hair Hang Down),Stevie Wright,1974,237986,False,0
Peace of Mind,Boston,1976,303586,False,64
All Star,Smash Mouth,2005,200560,False,0
Love in California,Rooftop Heroes,2021,195720,False,5
Don't Stop Believin',Journey,1981,250986,False,16
If I'm Lucky,Jason Derulo,2017,212013,False,49
Blinding Lights,The Weeknd,2019,201573,False,16
Spectrum (Say My Name) - Calvin Harris Remix,"Florence + The Machine, Calvin Harris",2011,218190,False,69
7 Years,Lukas Graham,2015,237300,False,0
Ready or Not,"Fugees, Ms. Lauryn Hill, Wyclef Jean, Pras",1996,226933,True,71
Stingray,The Shadows,1996,149106,False,1
Fire and the Flood,Vance Joy,2015,249382,False,0
Beautiful People (feat. Khalid),"Ed Sheeran, Khalid",2019,197866,False,70
One,U2,2006,275400,False,0
Just the Way You Are,Bruno Mars,2010,220734,False,84
Roll To Me,Del Amitri,1995,132306,False,57
Don't Speak,No Doubt,1995,263560,False,78
Savior,Rise Against,2008,242280,False,61
We Close Our Eyes,Go West,1985,221506,False,0
(Marie's The Name) His Latest Flame,Elvis Presley,2002,127093,False,51
Flavours (feat. Juai),"Charlie Sloth, Juai",2021,150000,True,19
Summertime Blues,Eddie Cochran,1960,119360,False,61
It’s My Birthday,"will.i.am, Cody Wise",2014,252613,False,0
Stranger On The Shore,Acker Bilk,2000,175640,False,0
Pompeii,Bastille,2013,214147,False,49
Silvery Moon,Sherbet,2008,210480,False,0
Somebody To Love - Remastered 2011,Queen,1976,296493,False,65
The Boys of Summer,The Ataris,2003,258000,False,61
All Falls Down (feat. Juliander),"Alan Walker, Noah Cyrus, Digital Farm Animals, Juliander",2017,199111,False,60
Turtle Power,Partners In Kryme,2011,260560,False,33
Do Wah Diddy Diddy,Manfred Mann,1964,143400,False,0
The Reason,Hoobastank,2003,232800,False,24
The Middle - Acoustic Version,Jimmy Eat World,2001,190640,False,0
Centerfold,The J. Geils Band,1981,216533,False,69
Setting Fires,"The Chainsmokers, XYLØ",2016,247426,False,0
Doing It (feat. Rita Ora),"Charli xcx, Rita Ora",2015,228520,False,42
I've Lost You,Elvis Presley,1970,220773,False,26
Boom Clap,Lennon & Maisy,2015,175615,False,42
It's Time To Cry,Paul Anka et son orchestre,2017,146733,False,7
Part Of Me,Katy Perry,2012,216160,False,72
The Island - Radio Edit [Radio Edit],Pendulum,2010,219244,False,28
Always On The Run,Lenny Kravitz,2000,232440,False,39
Do It Like That,Ricki-Lee,2012,165581,False,6
Worship,Olly Alexander (Years & Years),2015,221813,False,0
1981,Gyroscope,2008,218173,False,21
Playinwitme (feat. Kehlani),"KYLE, Kehlani",2018,193093,False,0
You Ain't Seen Nothing Yet,Bachman-Turner Overdrive,1974,234866,False,69
Don't Dream It's Over,Crowded House,1986,238173,False,72
One More Time,Real McCoy,1997,238706,False,35
Really Don't Care,"Demi Lovato, Cher Lloyd",2013,201600,False,0
Good Lord,Birds Of Tokyo,2019,203266,False,42
Philadelphia Freedom,Elton John,1975,321933,False,0
Counting The Beat,The Swingers,1981,183680,False,47
The Rise and Fall of Flingel Bunt,The Shadows,1987,166480,False,24
"They're Coming to Take Me Away, Ha-Haaa!",Napoleon XIV,1966,134066,False,39
Pumpkin Soup,Kate Nash,2007,179573,False,27
You're Nobody 'Til Somebody Loves You,James Arthur,2013,201373,False,39
Galway Girl,Ed Sheeran,2017,170826,False,76
Knock You Down,"Keri Hilson, Kanye West, Ne-Yo",2009,326186,False,63
We Are Golden,MIKA,2009,238040,False,0
It's All Over Now - Mono Version,The Rolling Stones,1964,206440,False,47
You Found Me,The Fray,2009,241853,False,73
Junior’s Farm - 2014 Remaster,Wings,1975,263773,False,0
3,Britney Spears,2009,213173,False,58
Don't Be Cruel,Cheap Trick,1988,187200,False,42
When It's Over - David Kahne Main,Sugar Ray,2001,217853,False,60
Hello Me,Vanessa Amorosi,2019,207808,False,17
Together,Sia,2020,205207,False,55
No Lies,Noiseworks,1992,233333,False,35
Those Were The Days - Remastered,Mary Hopkin,1969,310213,False,50
It Was Always You,Maroon 5,2014,238333,False,0
Can't Remember to Forget You,"Shakira, Rihanna",2014,206866,False,0
Mull Of Kintyre,Wings,1987,283626,False,29
Bust A Move,Young MC,1989,263914,False,63
We Built This City,Starship,1985,296080,False,73
Peek a Boo,New Vaudeville Band,2020,141226,False,0
(Don't Fear) The Reaper,Blue Öyster Cult,1976,308120,False,75
Chosen Armies,Children Collide,2008,266093,False,15
"Paint It, Black - (Original Single Mono Version)",The Rolling Stones,2004,224133,False,50
Sun Goes Down (feat. Jasmine Thompson) - Radio Mix,"Robin Schulz, Jasmine Thompson",2014,179960,False,53
Lay Me Down,"Sam Smith, John Legend",2015,219535,False,0
Louder (feat. Sian Evans) - Radio Edit,"DJ Fresh, Sian Evans",2012,206776,False,47
Love Runs Out,OneRepublic,2014,224560,False,0
I Got U - Radio Edit,"Duke Dumont, Jax Jones",2017,197786,False,31
Breakeven,The Script,2008,261426,False,78
Crying,Roy Orbison,1962,166466,False,57
Pictures Of You,The Last Goodnight,2007,189933,False,52
Throw It Away,"360, Josh Pyke",2012,214146,False,15
You Don't Own Me,The Ormsby Brothers,1973,206906,False,5
You're My World,Daryl Braithwaite,2008,182866,False,0
Don't You Love Me Anymore,Joe Cocker,1986,323533,False,0
Blow,Kesha,2010,219973,False,0
Don't Give Me Your Life - Radio Version,Alex Party,1995,197591,False,45
One Thing,Alicia Keys,2012,248573,False,30
I Could Make You Love Me,Wa Wa Nee,1986,236773,False,18
Too Big - 2017 Remaster,Suzi Quatro,2017,202662,False,0
True Love (feat. Lily Allen),"P!nk, Lily Allen",2012,230733,True,66
American Idiot,Green Day,2004,176346,True,80
Peer Pressure (feat. Julia Michaels),"James Bay, Julia Michaels",2019,176880,False,0
Brooklyn In The Summer,Aloe Blacc,2018,208214,False,48
Hold My Hand,Hootie & The Blowfish,1994,258333,False,60
Gasoline Alley Bred,The Hollies,1978,233840,False,0
These Days,Powderfinger,2000,298973,False,0
When Your Love Is Gone,Jimmy Barnes,1996,314200,False,0
Freefallin' (Radio Edit),Zoë Badwi,2010,196874,False,0
Walking On The Moon,The Police,2002,301813,False,0
6 Words,Wretch 32,2015,213999,False,25
If You Leave Me Now,Chicago,1976,235373,False,76
Deeper Water,Deadstar,1999,264866,False,39
Pornstar,Amy Meredith,2010,196413,False,0
Je T'aime,Abigail,2017,204760,False,4
Last Train to Trancentral (Live from the Lost Continent) [Us Version],The KLF,1992,212752,False,0
I'm Good (Blue),"David Guetta, Bebe Rexha",2022,175238,True,86
Desperado - 2013 Remaster,Eagles,1973,213712,False,64
As Tears Go By - Mono Version,The Rolling Stones,1965,165213,False,53
Collide - Acoustic Version,Howie Day,2003,277000,False,58
Runaway Boys,Stray Cats,1981,180320,False,27
We Are The Champions - Remastered 2011,Queen,1977,179200,False,73
Mississippi - Single Version,John Phillips,2006,187880,False,0
Wrapped Up (feat. Travie McCoy),"Olly Murs, Travie McCoy",2014,185640,False,0
Crocodile Rock,Elton John,1973,235440,False,72
Venus,Bananarama,1986,229164,False,0
Why Do You Lie To Me,"Topic, A7S, Lil Baby",2020,171054,False,0
Chemical Heart,Grinspoon,2002,280106,False,17
Sugar (feat. Francesco Yates),"Robin Schulz, Francesco Yates",2015,219043,False,77
Dancing In The Street,Martha Reeves & The Vandellas,1965,165226,False,63
Youngblood,5 Seconds of Summer,2018,203417,False,78
Counting Stars,OneRepublic,2013,257266,False,1
Oh No Not You Again - Remastered,Australian Crawl,1981,308746,False,54
Let Me Entertain You,Robbie Williams,1997,262000,False,63
Our Winter Love,Bill Pursell,2014,148212,False,4
Gimme Little Sign,Peter Andre,1993,206442,False,25
Song 2,Blur,2000,121880,False,66
I Love You Always Forever,Betty Who,2016,222957,False,51
Peggy Sue,"Buddy Holly, The Crickets",2006,148546,False,20
Rich,Big Yavo,2021,141000,True,24
It's Not Over,Rockmelons,2015,388000,False,16
Superstar,Jamelia,2003,215480,False,1
Don't Fight It,The Panics,2007,301186,False,0
Hurts So Good,Astrid S,2016,208728,False,0
Cheap Thrills,Sia,2015,210973,False,37
Bend It,"Dave Dee\, Dozy\, Beaky\, Mick & Tich",2006,152266,False,35
"My Heart Will Go On - Love Theme from ""Titanic""",Céline Dion,1997,280000,False,73
You Are The Reason - Duet Version,"Calum Scott, Leona Lewis",2018,190299,False,0
Bye Bye Bye,*NSYNC,2005,199640,False,47
Gangsta,Bell Biv DeVoe,2010,260945,False,0
We Are The World,U.S.A. For Africa,1985,427333,False,65
Get the Party Started,P!nk,2001,191666,False,0
Chains,Tina Arena,1994,262133,False,46
Mad World,Tears For Fears,1983,215400,False,67
Lies,The Knickerbockers,1997,167026,False,0
Fools Rush In,Ricky Nelson,1963,154360,False,0
Right Type of Mood,HERBIE,1995,193666,False,37
The Power Of Love - Remix Edit,Beverlee,2012,184163,False,4
3,Britney Spears,2014,205533,False,50
History,One Direction,2015,187426,False,69
Better - Remastered,The Screaming Jets,1999,277680,False,50
Nightmare (Sinister Strings Mix),Brainbug,2012,409866,False,27
Would I Lie to You? - Remastered Version,"Eurythmics, Annie Lennox, Dave Stewart",1985,268240,False,46
Listen to the Music,The Doobie Brothers,1976,227173,False,53
Manhattan,Kings of Leon,2008,204226,False,57
Do You Wanna Be - Single Version,I'm Talking,2018,250902,False,0
Right Thurr,Chingy,2003,250746,True,67
Shape I'm In,Jo Jo Zep and The Falcons,1979,214373,False,43
Joanne,"Michael Nesmith, The First National Band",1970,190560,False,33
1-2-3,Gloria Estefan And Miami Sound Machine,1987,208266,False,36
Here It Goes Again,OK Go,2005,179813,False,62
On Call,Kings of Leon,2007,201800,False,0
Perfect,Fairground Attraction,1988,216573,False,51
Sexual Healing,Marvin Gaye,1982,238600,False,72
Calling All Hearts (feat. Robin Thicke & Jessie J),"DJ Cassidy, Robin Thicke, Jessie J",2014,288720,False,31
Misery,Maroon 5,2010,216200,False,64
I'd Go With You Anywhere,Birds Of Tokyo,2015,199343,False,41
We Made You,Eminem,2009,269613,False,0
ILYSB,LANY,2017,211149,False,69
Touch Me (I Want Your Body),Samantha Fox,2004,222133,False,49
Wedding Ring,The Easybeats,1966,123680,False,0
Wiggle (feat. Snoop Dogg),"Jason Derulo, Snoop Dogg",2013,193295,False,48
You've Gotta Get up and Dance,Albie Donnelly's Supercharge,2011,176893,False,15
Where Have You Been,Rihanna,2011,242680,False,0
Tennessee - Remastered 2001,Arrested Development,2002,272706,False,31
Sing,Ed Sheeran,2014,235382,False,67
Into The Great Wide Open,Tom Petty and the Heartbreakers,1991,223333,False,58
Beautiful Things,Benson Boone,2024,180304,False,87
How Do I Live,Trisha Yearwood,1997,242800,False,36
Morningtown Ride,The Seekers,1989,161400,False,40
Livin' On A Prayer,Bon Jovi,1986,249293,False,84
This Is What It Feels Like,"Armin van Buuren, Trevor Guthrie",2013,204360,False,70
Larger Than Life,Backstreet Boys,1999,232826,False,67
I Can Change,LCD Soundsystem,2010,352003,False,57
Our Time Now,Plain White T's,2006,170213,False,0
White Room,Cream,1968,298333,False,68
Watching You,Rogue Traders,2005,207200,False,25
Goodnight,Roy Orbison,2011,149133,False,9
Set You Free - 1994 Edit,N-Trance,2016,249289,False,0
Good Times,Jimmy Barnes,1996,233093,False,0
Boys,Charli xcx,2017,162585,False,58
Don't Be Shy,Kulcha,1994,251706,False,8
Porcelain,Moby,1999,241160,False,0
Angie - Remastered 2009,The Rolling Stones,1973,272000,False,71
Take Me To The Clouds Above - LMC Vs. U2 / Radio Edit,"LMC, U2",2004,171546,False,59
Cry,James Blunt,2005,246413,False,43
Gangsta Lovin',"Eve, Alicia Keys",2002,239266,True,0
"Just the Way It Is, Baby",The Rembrandts,1990,243893,False,48
Remember Me - Sure Is Pure 7 Inch Edit,"Blue Boy, Sure Is Pure",1997,229626,False,2
Can't Take My Eyes Off of You - (I Love You Baby),Ms. Lauryn Hill,1998,221466,False,68
Don't Give Up,Peter Gabriel,1986,394826,False,58
Never Forget You,"Zara Larsson, MNEK",2015,213427,False,0
Caught Out There,Kelis,1999,291706,False,0
Chick-a-Boom (Don't Ya Jes Love It),Daddy Dewdrop,2012,171533,False,12
Fast Car,Tracy Chapman,1988,296800,False,78
Bang Bang,"Jessie J, Ariana Grande, Nicki Minaj",2014,199320,False,0
Lose You To Love Me,Selena Gomez,2019,206458,False,22
Water,Tyla,2023,200255,False,84
All We Got (feat. KIDDO),"Robin Schulz, KIDDO",2020,190218,True,58
Riverside,Sidney Samson,2009,323066,False,0
Sadie The Cleaning Lady,John Farnham,1995,198506,False,29
Skin Deep,The Stranglers,1990,235266,False,0
Anyone Who Had a Heart - 2003 Remaster,Cilla Black,2003,171373,False,43
Roll With It,Oasis,1995,239826,False,0
Faded,ZHU,2014,223484,False,58
Never Forget,Take That,1996,384093,False,0
Se a Vida E (That's the Way Life Is) - 2001 Remaster,Pet Shop Boys,1996,241200,False,0
Rather Be (feat. Jess Glynne),"Clean Bandit, Jess Glynne",2014,227833,False,70
Super Freaky Girl,Nicki Minaj,2022,170977,False,41
Leave Me Alone (I'm Lonely),P!nk,2006,198653,True,0
Lover Lover,Jimmy Barnes,1996,210573,False,0
Too Young,Donny Osmond,1972,186506,False,28
Afternoon Delight,Starland Vocal Band,1976,193040,False,0
Lump,The Presidents Of The United States Of America,1995,134200,False,1
Where Them Girls At - feat. Nicki Minaj & Flo Rida,"David Guetta, Flo Rida, Nicki Minaj",2011,210080,False,0
Over Now (with The Weeknd),"Calvin Harris, The Weeknd",2020,210795,False,35
F**kin' Perfect,P!nk,2010,213413,True,0
Walk On Water,Thirty Seconds To Mars,2017,188227,False,0
Too Good At Goodbyes,Sam Smith,2017,201000,False,82
"The Good, the Bad and the Ugly - From ""The Good, the Bad and the Ugly""","Hugo Montenegro & His Orchestra, Hugo Montenegro",1999,165693,False,33
Take Me to Church,Hozier,2014,241693,False,80
New Year's Day,U2,2006,258093,False,0
Lay Me Down,"Sam Smith, John Legend",2015,219662,False,0
Wait for You,Elliott Yamin,2007,261320,False,55
"Operation Blade (7"" Radio Edit)",Public Domain,2001,186066,False,49
"Do You Mind (feat. Nicki Minaj, Chris Brown, August Alsina, Jeremih, Future & Rick Ross)","DJ Khaled, Nicki Minaj, Chris Brown, August Alsina, Jeremih, Future, Rick Ross",2016,325614,True,60
Bust A Move,Young MC,2000,265666,False,0
Comfortably Numb,Pink Floyd,1979,382296,False,71
Jai Ho! (You Are My Destiny),"A.R. Rahman, The Pussycat Dolls, Nicole Scherzinger",2008,222413,False,0
Cool Kids,Echosmith,2013,237626,False,71
Daddy Don't You Walk So Fast,Wayne Newton,1994,206333,False,25
You Don't Know Me,"Jax Jones, RAYE",2016,211935,True,0
Don't Let Go (Love),En Vogue,1997,291880,False,61
Cheerleader (Felix Jaehn Remix) - Radio Edit,"OMI, Felix Jaehn",2014,180021,False,55
If We Try,Don McLean,2000,214866,False,28
High - Original Mix,"Peking Duk, Nicole Millar",2014,228000,False,0
Savage Love (Laxed - Siren Beat),"Jawsh 685, Jason Derulo",2020,171374,False,57
Key To My Heart,Craig David,2000,253026,False,0
Drunk,Ed Sheeran,2011,200093,False,60
99 Luftballons,Nena,1984,233000,False,0
Hey Boys and Girls (Truth of the World Pt. 2),Evermore,2009,348386,False,0
1993 (No Chill),"Paces, Jess Kent",2016,184688,False,11
Let's Go To Bed,The Cure,1983,214160,False,54
Dangerous Woman,Ariana Grande,2016,235946,False,0
Before I Fall in Love,CoCo Lee,1999,224200,False,50
"Together In Electric Dreams - Remastered 2003 / From ""Electric Dreams"" Original Motion Picture Soundtrack","Phil Oakey, Giorgio Moroder",1985,232666,False,60
My Sharona,The Knack,1979,295400,False,69
Never Tear Us Apart,INXS,2011,184586,False,52
Would I Lie To You?,Charles & Eddie,2008,204386,False,0
Differences,Ginuwine,2001,265533,False,65
Juju on That Beat (TZ Anthem),"Zay Hilfigerrr, Zayion McCall",2016,144244,False,56
Lifestyle (feat. Adam Levine),"Jason Derulo, Adam Levine",2021,153865,False,30
Slave,James Reyne,1991,253360,False,42
Good Life,"Kanye West, T-Pain",2007,206840,False,0
Chicken Tikka Masala,Joe Publick,2020,185325,False,0
Stockholm Syndrome,One Direction,2014,214720,False,65
Geronimo,Sheppard,2014,218227,False,59
Without You Here,The Goo Goo Dolls,2006,229400,False,46
If It Makes You Happy,Sheryl Crow,1996,324840,False,61
Lady Willpower,Gary Puckett & The Union Gap,1968,159533,False,34
Fuck You,CeeLo Green,2010,223694,True,61
Rollover DJ,Jet,2003,196600,False,0
Hide Away,Daya,2016,192376,False,0
This Fire,Birds Of Tokyo,2013,287067,False,31
Mess Is Mine,Vance Joy,2014,223640,False,0
I Write The Songs,Barry Manilow,2007,239186,False,38
Jailbreak,Back In Black,2012,276291,False,11
Lean On (feat. MØ & DJ Snake),"Major Lazer, MØ, DJ Snake",2015,176561,False,16
Because Of You,Ne-Yo,2007,266840,False,0
Satisfaction - Uk Radio Edit,"Benny Benassi, The Biz",2002,143933,True,55
Miracles (Someone Special),"Coldplay, Big Sean",2017,276906,False,58
Runnin',"2Pac, The Notorious B.I.G.",2013,293653,True,0
Summer Paradise (feat. Sean Paul) - Single Version,"Simple Plan, Sean Paul",2011,234786,False,58
I Will Come To You,Hanson,2005,250653,False,0
Elastic Heart,Sia,2014,257200,False,77
Live Like You Were Dying,Tim McGraw,2004,300333,False,65
Make Me an Island - 1969 Recording,Joe Dolan,1993,178960,False,0
Scar,Missy Higgins,2004,213733,False,55
My Sacrifice,Creed,2001,294600,False,0
We Belong Together,Mariah Carey,2005,201400,False,0
If You Love Me,Brownstone,1993,304160,False,60
Now You're In Heaven,Julian Lennon,1989,219373,False,24
Emotion,"Samantha Sang, Bee Gees",1977,237293,False,57
Kokomo,The Beach Boys,2012,215573,False,0
Two Pina Coladas,Brooks Jefferson,2015,215295,False,49
"1,2,3 Red Light",1910 Fruitgum Company,2001,128160,False,14
Bubblegum (feat. Tyga),"Jason Derulo, Tyga",2013,205971,False,30
Long Road To Ruin,Foo Fighters,2009,228346,False,41
Save The Best For Last,Vanessa Williams,2007,220040,False,20
Hoops,The Rubens,2015,158973,False,0
Show Me,Aston Merrygold ,2016,204795,False,15
"Let Me Go (with Alesso, Florida Georgia Line & watt)","Hailee Steinfeld, Alesso, Florida Georgia Line, WATT",2017,174800,False,70
Sunny Afternoon - Mono Version,The Kinks,2014,214592,False,0
In The Arms Of A Stranger - Grey Remix,"Mike Posner, Grey",2017,212626,False,38
Car Wash (Shark Tale Mix),"Christina Aguilera, Missy Elliott",2004,228666,False,0
What's Your Flava? - Radio Edit,Craig David,2002,215960,False,45
Dear One,Larry Finnegan,2012,183562,False,0
What Do I Have to Do,Kylie Minogue,2006,213760,False,11
Give In to Me,Michael Jackson,1991,328626,False,60
You Ruin Me,The Veronicas,2014,230693,False,25
All Along The Watchtower,Jimi Hendrix,2009,239666,False,0
Get Back - Remastered 2009,The Beatles,1970,189386,False,66
If I Ever Feel Better,Phoenix,2000,266600,False,66
Stir Fry,Migos,2018,190288,False,30
Hand on Heart,Olly Murs,2012,196946,False,0
"""The Take Over, The Breaks Over""",Fall Out Boy,2007,213586,False,0
Coco Jamboo - Radio Version,Mr. President,1996,218733,False,0
The Globe,Big Audio Dynamite,1991,364640,False,37
Sunny and 75,Joe Nichols,2013,207120,False,0
Four Walls,BROODS,2014,208346,False,25
Mobile,Avril Lavigne,2002,211933,False,49
Fox on the Run,Sweet,1974,285693,False,20
Gimme Three Steps,Lynyrd Skynyrd,1973,267173,False,66
Don't Let Me Get Me - Radio Edit,P!nk,2001,210626,False,0
Breakeven,The Script,2008,261426,False,63
Rhiannon,Fleetwood Mac,1975,252773,False,74
The Morning After - Single Version,Maureen McGovern,2012,141484,False,0
Get Up and Boogie - That's Right,Silver Convention,2010,172066,False,37
Band On The Run - 2010 Remaster,"Paul McCartney, Wings",1973,313026,False,68
My Immortal,Evanescence,2003,262533,False,0
Lollipop (Candyman),Aqua,1997,216666,False,0
Chances,Five For Fighting,2010,215200,False,0
Never Meant to Fail,Alex Lloyd,2005,226813,False,25
Eyes Without A Face,Billy Idol,1983,299240,False,0
Don't Blame the Children - 2016 Remaster,Sammy Davis Jr.,2016,210906,False,8
Open Your Eyes,Snow Patrol,2006,341280,False,0
This Feeling (feat. Kelsea Ballerini),"The Chainsmokers, Kelsea Ballerini",2018,199226,False,0
Theme From Shaft,Isaac Hayes,2012,276037,False,0
Foundations - Edit,Kate Nash,2019,224266,False,4
For The Love Of Him,Bobbi Martin,2011,155720,False,16
Leave It Alone,Operator Please,2007,218920,False,12
You Don't Own Me (feat. G-Eazy),"SAYGRACE, G-Eazy",2015,199314,True,57
Good Timin,Jimmy Jones,2015,129306,False,2
You,"Regard, Troye Sivan, Tate McRae",2021,233386,False,37
"Stayin' Alive - From ""Saturday Night Fever"" Soundtrack",Bee Gees,1979,285373,False,75
"Don't Cry For Me Argentina - From ""Evita""","Julie Covington, Andrew Lloyd Webber, Tim Rice",2018,324720,False,33
Love Me For A Reason,Boyzone,1995,218133,False,58
Best Day Of My Life,American Authors,2013,194093,False,0
Picture Of You,Boyzone,1996,206040,False,58
Breaking Up Is Hard to Do,Neil Sedaka,2003,136266,False,46
Shine Ya Light,Rita Ora,2012,210840,False,0
Beautiful Soul - Radio Edit,Jesse McCartney,2004,198293,False,34
How You Love Me Now,Hey Monday,2008,197760,False,47
lovely (with Khalid),"Billie Eilish, Khalid",2018,200185,False,86
Lonely Together (feat. Rita Ora),"Avicii, Rita Ora",2017,181812,False,1
Do You Wanna Make Love,Peter McCann,2016,211772,False,23
The Two of Us,"Jackie Trent, Tony Hatch",2005,190026,False,0
Barbara Ann (Mono),The Beach Boys,1965,205786,False,17
Caught Up,USHER,2004,224640,False,63
Dilemma,"Nelly, Kelly Rowland",2002,289160,True,78
Heavy Heart,You Am I,1998,191600,False,39
Bad Boys,Wham!,1986,199240,False,32
Girls on Film - 2010 Remaster,Duran Duran,1981,212853,False,63
Picture Frames,Georgia Fair,2009,178853,False,23
Blow,Kesha,2010,219973,False,69
Thank You,Leona Lewis,2015,242079,False,0
That's The Way A Woman Feels,Tina Arena,1994,261600,False,24
Pop Muzik - 12 Inch Version,"M, Robin Scott, Nick Launay",1979,296466,False,0
Pieces Of Me,Ashlee Simpson,2004,217440,False,0
Hold Back The River,James Bay,2015,238746,False,69
She's Kinda Hot,5 Seconds of Summer,2015,216454,False,61
We Belong,Sheppard,2018,207991,False,21
Makes Me Wonder,Maroon 5,2007,211080,True,0
Motor's Too Fast,James Reyne,1988,253000,False,41
Let's Stay Together,Al Green,1972,199400,False,0
Turn Around (feat. Ne-Yo),"Conor Maynard, Ne-Yo",2012,232385,False,48
Boyfriend,Justin Bieber,2012,171333,False,0
Pumped Up Kicks,Foster The People,2011,239600,False,84
In My Little Corner Of The World,Anita Bryant,2010,160080,False,0
Shine,Collective Soul,1994,306040,False,0
Up on the Roof,The Drifters,2005,155053,False,41
drivers license,Olivia Rodrigo,2021,242013,False,13
My Generation - Stereo Version,The Who,1965,198706,False,61
No Say In It,Machinations,1985,201173,False,32
All I Know So Far,P!nk,2021,280275,False,34
I Won't Let You Down,Ph.D.,1981,242534,False,48
Miss Divine,ICEHOUSE,1990,258480,False,30
I Saw Her Again - Single Version,The Mamas & The Papas,1966,193746,False,46
You Needed Me,Anne Murray,1978,220266,False,62
Lightnin' Strikes,Lou Christie,1993,180600,False,15
This Is Me,"Keala Settle, The Greatest Showman Ensemble",2017,234706,False,66
This Is What You Came For,"Calvin Harris, Rihanna",2016,222160,False,78
"A Hard Rain's A-Gonna Fall - US 7"" Version",Bryan Ferry,2009,204453,False,0
Rock and Roll Dreams Come Through,Jim Steinman,1981,387266,False,32
Surfin' Safari - Mono/Remastered 2001,The Beach Boys,1962,126640,False,52
Round Round,Sugababes,2002,236426,False,56
We've Got Tonight,"Kenny Rogers, Sheena Easton",1993,231800,False,22
Bounce (feat. Kelis) - Radio Edit,"Calvin Harris, Kelis",2012,222186,False,59
One,John Farnham,2003,171000,False,0
Bridges,BROODS,2014,191807,False,37
Androgyny - Remastered 2021,Garbage,2001,190105,False,12
My Way,Calvin Harris,2016,219159,False,73
If You Wanna Stay,The Griswolds,2014,159847,False,18
Sweet Like Chocolate (Radio Edit),Shanks & Bigfoot,1999,210960,False,47
Tell Me a Story,1927,1990,253760,False,0
Julie Anne,Kenny,2016,181693,False,19
I'm All Yours,"Jay Sean, Pitbull",2012,218573,False,0
Paint The Town Red,Doja Cat,2023,231750,True,79
Anchor,Birds Of Tokyo,2015,216096,False,39
On The Floor - Radio Edit,"Jennifer Lopez, Pitbull",2011,230906,False,72
Mockingbird,Rob Thomas,2009,240320,False,40
Strangers,Kenya Grace,2023,172964,False,78
Let's Make It Last All Night,Jimmy Barnes,1990,246706,False,32
Family Affair,Mary J. Blige,2001,265866,False,0
Roll On,J.J. Cale,2009,284360,False,0
This One's For The Girls,Olly Murs,2010,199746,False,0
Lanterns,Birds Of Tokyo,2013,262814,False,50
Holiday,Little Mix,2020,213596,False,0
It Girl,Jason Derulo,2011,192200,False,21
Make It To Me,Sam Smith,2015,162732,False,0
Poison - Radio Edit,Groove Coverage,2003,187493,False,53
Right in the Night (feat. Plavka) - Fall in Love with Music,"Jam & Spoon, Plavka",1993,364400,False,0
All Right Now,Free,1970,330643,False,65
Silly Boy,Eva Simons,2009,202546,False,31
Kiss You,One Direction,2012,182866,False,70
No One,Alicia Keys,2007,253813,False,0
Send Me An Angel,Scorpions,1990,273200,False,0
By My Side,INXS,2011,185026,False,0
Shape of You,Ed Sheeran,2017,233712,False,5
"A Boy Named Sue - Live at San Quentin State Prison, San Quentin, CA - February 1969",Johnny Cash,2002,226893,False,41
TSOP (The Sound of Philadelphia) (feat. The Three Degrees),"MFSB, The Three Degrees",1977,212106,False,24
Cheerleader - Felix Jaehn Remix Radio Edit,"OMI, Felix Jaehn",2015,181826,False,46
My Life Would Suck Without You,Kelly Clarkson,2009,211493,False,64
Stay,Shakespears Sister,2005,227360,False,0
Save Tonight,Eagle-Eye Cherry,1997,242733,False,0
Driving Wheels,Jimmy Barnes,1987,315733,False,0
Southern Sun,Boy & Bear,2013,280046,False,0
Knock You Down,"Keri Hilson, Kanye West, Ne-Yo",2009,326186,False,56
Donna the Prima Donna,Dion,1963,168346,False,40
Smile,Uncle Kracker,2009,201626,False,62
Games People Play,Joe South,1968,215160,False,41
Here Without You,3 Doors Down,2002,238560,False,0
BRING IT ON,"Tones And I, BIA, Diarra Sylla, FIFA Sound",2023,214838,False,30
All Over You,Live,1994,239533,False,37
Endless Summer Nights,Richard Marx,1987,270693,False,56
Replay,Iyaz,2009,182306,False,77
She Kissed Me,Sananda Maitreya,1992,219560,False,21
Sussudio - 2016 Remaster,Phil Collins,1985,263106,False,64
Just Like Fire Would,The Saints,1987,204026,False,0
Million Years Ago,Adele,2015,227065,False,0
I See You Baby,"Groove Armada, Gram'ma Funk",2007,281173,False,0
My Friend,Groove Armada,2001,300266,False,58
Take Yourself Home,Troye Sivan,2020,249369,False,0
The End of the World,Skeeter Davis,1994,157573,False,65
What's Love Got to Do with It,Tina Turner,1991,226880,False,54
We Are The People,Empire Of The Sun,2008,267354,False,0
Dance Monkey,Tones And I,2019,209754,False,2
Shaddap You Face,Joe Dolce,2010,193160,False,41
All You Need Is Love - Remastered 2009,The Beatles,1967,230386,False,63
Post Malone (feat. RANI),"Sam Feldt, RANI",2019,174444,False,61
Purple Pills,D12,2001,304506,True,0
Deja Vu (feat. Jay-Z),"Beyoncé, JAY-Z",2007,240280,False,62
Daddy Cool,Drummond,2019,159853,False,3
Getaway Car,Taylor Swift,2017,233626,False,0
I Feel the Earth Move,Martika,1988,252506,False,0
"You're Gonna Go Far, Kid",The Offspring,2008,177826,True,81
One of Them Ones,"Blxst, Bino Rideaux",2021,165546,True,34
"Say You, Say Me",Lionel Richie,1986,241066,False,0
Roots,Imagine Dragons,2015,174506,False,63
Telephone Line,Electric Light Orchestra,1976,280360,False,61
Nu Flow,Big Brovaz,2003,201480,False,35
What Will My Mary Say,Johnny Mathis,2008,189213,False,0
Pray to God (feat. HAIM),"Calvin Harris, HAIM",2014,232226,False,60
Filter Freak,Denzal Park,2010,313879,False,0
Denim & Lace,Marty Rhone,2016,169520,False,28
We Won't Run,Sarah Blasko,2010,240533,False,0
Wildflower,5 Seconds of Summer,2020,220536,False,0
Better Than Me,Hinder,2005,223533,False,60
Madder Red,Yeasayer,2010,243613,False,0
T.N.T.,AC/DC,1976,214666,False,78
A Lover's Concerto,The Toys,2011,217546,False,6
Live to Tell,Madonna,1986,351920,False,57
"Too Much, Too Little, Too Late (with Deniece Williams)","Johnny Mathis, Deniece Williams",1978,176480,False,35
Ladidi Ladida,S.O.A.P.,1998,182640,False,20
I Know Him So Well,"Elaine Paige, Barbara Dickson",1985,257106,False,46
as long as you care,Ruel,2020,193189,False,48
Love You Goodbye,One Direction,2015,196933,False,0
Lips Are Movin,Meghan Trainor,2015,182666,False,67
"Hey, Soul Sister",Train,2009,216666,False,0
Controlla,Drake,2016,245226,False,44
It's Raining Men - Single Version,The Weather Girls,1982,212680,False,54
Dream Catch Me,Newton Faulkner,2008,236253,False,30
Don't Let Me Be Yours,Zara Larsson,2017,199053,False,40
Million Voices - Radio Edit,Otto Knows,2012,192866,False,0
How Deep Is Your Love,Portrait,2000,240293,False,23
I Need to Be In Love,Dami Im,2016,235986,False,15
Twisted - Single Version; 2007 Remaster,Keith Sweat,2004,253773,False,31
The Entertainer - The Sting/Soundtrack Version/Orchestra Version,Marvin Hamlisch,1974,183360,False,42
Universe,Savage Garden,1997,260040,False,0
Run,OneRepublic,2021,169010,False,66
Hung Up,Hot Chelle Rae,2013,193733,False,38
A Groovy Kind of Love - 2016 Remaster,Phil Collins,2016,210346,False,55
"Hello, This Is Joannie (The Telephone Answering Machine Song)",Paul Evans,2020,192380,False,0
Too Much Heaven,Bee Gees,1979,296000,False,0
Pass Out - Radio Edit,Tinie Tempah,2010,236351,False,38
William Tell,Sounds Incorporated,2012,124720,False,8
Telephone,"Lady Gaga, Beyoncé",2009,220626,False,0
Maps,Maroon 5,2015,189960,False,55
"Let It Go - From ""Frozen""/Soundtrack Version",Idina Menzel,2013,223840,False,0
Starstruck,Olly Alexander (Years & Years),2021,207755,False,44
Fake A Smile,"Alan Walker, salem ilese",2021,168118,False,53
Send Me on My Way,Rusted Root,1996,263333,False,65
Tiny Dancer,Elton John,2002,375853,False,0
Come Out And Play (Keep 'Em Separated) - Live,The Offspring,2010,190906,False,32
Throw Your Hands Up (Dancar Kuduro),"Qwote, Pitbull, Lucenzo",2011,209908,False,42
The Times They Are A-Changin',Bob Dylan,1964,192053,False,63
People Get Ready,Human Nature,1996,197666,False,19
Party Girl,Tommy Roe,2001,156053,False,17
A Little Bit (Double M’s Radio Edit),Pandora,2014,214306,False,31
Total Eclipse of the Heart,Nicki French,1995,235159,False,0
Don't Take It Personal (Just One of Dem Days),Monica,1995,258466,False,54
Collide - Radio Edit,"Leona Lewis, Avicii",2011,239426,False,43
I (Who Have Nothing),Normie Rowe,2007,131706,False,7
Cat People (Putting Out Fire) - 2018 Remaster,David Bowie,1983,309960,False,45
It's Now or Never,Elvis Presley,2022,194600,False,41
City Low,Caramel Blue,2021,259135,False,1
Bounce - Original Version,Sarah Connor,2002,251733,False,0
Jealous Guy,Roxy Music,2001,297306,False,58
She Has to Be Loved,Jenny Morris,1989,247333,False,41
Better Days,Pete Murray,2005,222986,False,51
Head Down,"Lost Frequencies, Bastille",2023,173888,False,66
Am I Ever Gonna See Your Face Again,The Angels,1992,202666,False,1
Embrace,PNAU,2009,329773,False,0
Look What You've Done,Jet,2003,230893,False,0
Can't Smile Without You,Barry Manilow,1978,193440,False,61
Before Too Long,Paul Kelly,2010,203186,False,0
It Girl,Jason Derulo,2011,192200,False,67
19,Paul Hardcastle,2008,210853,False,0
Beating Heart,Birdy,2016,230426,False,26
"All For Love - From ""The Three Musketeers"" Soundtrack","Bryan Adams, Sting, Rod Stewart",1999,280026,False,0
Troublemaker (feat. Flo Rida),"Olly Murs, Flo Rida",2012,185586,False,0
House of Love,East 17,1993,269626,False,0
If You Can't Give Me Love - 2017 Remaster,Suzi Quatro,1978,232994,False,0
Good Time,"Owl City, Carly Rae Jepsen",2012,205933,False,0
Message In A Bottle - Remastered 2003,The Police,1979,290280,False,0
What Would You Do? - Radio Edit,City High,2017,176440,False,20
Toxic,Britney Spears,2003,198800,False,0
You Pick Me Up,Pete Murray,2008,272546,False,16
Frozen,Madonna,1998,367333,False,60
My Boyfriend's Back,The Angels,2001,155271,False,8
This Ain't a Love Song - Radio Edit,Scouting For Girls,2013,188586,False,0
Down Under,Men At Work,1981,222320,False,78
The Middle,Jimmy Eat World,2001,168253,False,1
Dinosaur,Kisschasy,2009,188720,False,31
Bad Influence,P!nk,2008,216293,False,0
Thong Song,Sisqo,1999,253733,True,69
Rock and Roll Ain't Noise Pollution,AC/DC,1980,266040,False,60
So What,P!nk,2008,215160,True,45
Lover Please,Clyde McPhatter,2010,116240,False,0
Superman (It's Not Easy),Five For Fighting,2000,220773,False,34
This Boys In Love,The Presets,2008,251986,False,41
2 Hearts,Kylie Minogue,2007,171266,False,21
"(I've Had) The Time of My Life - From ""Dirty Dancing"" Soundtrack","Bill Medley, Jennifer Warnes",2004,289066,False,57
Ray of Light,Madonna,1998,322000,False,58
She Cried,Jay & The Americans,2009,157453,False,15
Big Time Operator,"Jeff St John, The ID",1967,153333,False,0
Jukebox in Siberia - 2015 Remaster,Skyhooks,2015,232960,False,32
When You Walk In the Room - Mono Version,The Searchers,1964,140480,False,0
One Crowded Hour,Augie March,2006,290266,False,46
Body Like A Back Road,Sam Hunt,2017,165386,False,66
Second Chance,38 Special,1988,304693,False,0
Do You See What I See?,Hunters & Collectors,1987,217680,False,0
Here Comes the Hotstepper,iNi Kamoze,2014,249066,False,42
Maria Elena,Los Indios Tabajaras,2000,190160,False,22
Faithfully,Journey,1983,267080,False,5
Can't Take My Eyes off You,Frankie Valli,2003,203240,False,68
Lazy Love,Ne-Yo,2012,197333,False,0
Can't Take My Eyes Off You,Lady A,2008,285160,False,39
Can't Take My Eyes Off You,Frankie Valli,2016,203680,False,0
Semi-Charmed Life,Third Eye Blind,1997,268360,False,74
Seven Nation Army,The White Stripes,2003,231733,False,3
Radioactive,Rita Ora,2012,251226,False,0
Hangover,"Taio Cruz, Flo Rida",2011,244906,True,48
Tightrope,Illy,2013,292466,True,49
I Never Told You,Colbie Caillat,2009,232960,False,45
Cats In The Cradle,Ugly Kid Joe,1992,242173,False,0
It's Not My Time,3 Doors Down,2008,241960,False,0
Its Alright,Deni Hines,2002,213360,False,36
Cosby Sweater,Hilltop Hoods,2014,217720,True,62
"Folsom Prison Blues - Live at Folsom State Prison, Folsom, CA - January 1968",Johnny Cash,2002,162906,False,37
American Psycho,Treble Charger,2001,204573,False,37
Hooray! Hooray! It's A Holi-Holiday - Radio Edit,Boney M.,1999,202000,False,41
9 to 5,Dolly Parton,1980,162466,False,78
Kung Fu Fighting,"Bus Stop, Carl Douglas",1972,232840,False,0
The Chain - 2004 Remaster,Fleetwood Mac,1977,270213,False,80
Bed Of Roses,Bon Jovi,2010,395520,False,0
Push The Button,Sugababes,2005,218240,False,51
Slice of Heaven,"Dave Dobbyn, Herbs",2005,278986,False,0
Addicted,Stevie Hoang,2007,257000,False,44
22 Steps,Damien Leith,2007,215120,False,5
PILLOWTALK,ZAYN,2016,203686,True,60
I Don't Wanna Go On With You Like That,Elton John,1988,275373,False,0
Just One Look,Doris Troy,2014,152894,False,16
Great Southern Land,ICEHOUSE,2011,317200,False,0
If You Had My Love,Jennifer Lopez,1999,266000,False,0
Walk Me Home,P!nk,2019,177390,False,57
Do You Really Want To Hurt Me,Culture Club,1982,262173,False,65
Holiday,Madonna,2009,368280,False,56
Finally Found,Honeyz,1999,289533,False,0
Roxanne - Remastered 2003,The Police,1978,191946,False,0
Bloke,Chris Franklin,2020,257693,True,32
Someone To You,BANNERS,2017,219800,False,67
Better,Khalid,2018,229320,False,67
With Or Without You,U2,1987,296160,False,0
Will I Ever,Alice Deejay,2000,194072,False,55
Good Vibrations (Mono),The Beach Boys,1967,219146,False,18
Don't Turn Off The Lights,Enrique Iglesias,2008,226653,False,0
Undressed,Kim Cesarion,2014,219733,False,12
Mousetrap Heart,Thirsty Merc,2010,213466,False,31
Say My Name,"Peking Duk, Benjamin Joseph",2015,186977,False,0
Runaway,The Corrs,1995,265133,False,60
Weather With You,Crowded House,1991,224466,False,68
Lemonade,"Internet Money, Gunna, Don Toliver, NAV",2020,195428,False,0
Get Down on It,Peter Andre,1996,286533,False,19
Sweet Jane,Garrett Kato,2015,200433,False,0
I Live For You,Chynna Phillips,1995,227266,False,23
Early Warning,Baby Animals,2008,236106,False,0
Material Girl,Madonna,1984,240706,False,56
The Rhythm of the Night,Corona,1994,264280,False,70
The A Team,Ed Sheeran,2011,258373,False,65
Photograph,Ringo Starr,1973,239760,False,52
Polyester Girl,Regurgitator,1997,210840,True,37
Run This Town,"JAY-Z, Rihanna, Kanye West",2009,267520,True,76
Shut Up & Kiss Me,Reece Mastin,2012,204733,False,39
Secret Love Song,"Lovey James, Daniel Seavey",2016,244220,False,32
Renegade,Styx,1978,257226,False,66
Live Without It,Killing Heidi,2000,191333,False,0
Bad Blood,Bastille,2013,212613,False,36
22,Taylor Swift,2012,232120,False,0
You’ll Be Mine,"Havana Brown, R3HAB",2013,250017,False,26
Hollywood,"LA Vision, Gigi D'Agostino",2020,199655,False,56
San Francisco (You've Got Me),Village People,1978,317866,False,32
Second Chance,Shinedown,2008,222066,False,69
"Because I Got High - From ""Jay And Silent Bob Strike Back"" Soundtrack",Afroman,2010,199013,True,0
Silence (feat. Sarah McLachlan) - DJ Tiësto's In Search of Sunrise Edit,"Delerium, Sarah McLachlan, Tiësto",2004,235200,False,0
Where's The Love,Hanson,2005,252346,False,0
Teenage Dirtbag,Wheatus,2000,241666,False,67
Shallow,"Lady Gaga, Bradley Cooper",2018,215733,False,0
Bad Boy for Life (feat. Black Rob & Mark Curry) - 2016 Remaster,"Diddy, Black Rob, Mark Curry",2016,253106,True,28
Grenade,Bruno Mars,2010,222091,False,79
Got My Mind Set On You - Remastered 2004,George Harrison,1987,234653,False,4
In The Midnight Hour,The Commitments,1991,143240,False,38
The Wild One - Single Version,Suzi Quatro,1974,171826,False,0
Jump - 2015 Remaster,Van Halen,1984,241599,False,76
Groove Is in the Heart,Deee-Lite,1990,231786,False,68
Save the Last Dance for Me,The Drifters,1962,154960,False,62
Can't Say No,Conor Maynard,2012,194304,False,36
Midlife Crisis,Faith No More,1992,259866,False,48
Coin Laundry,Lisa Mitchell,2009,191773,False,34
Ex-Girlfriend,No Doubt,2000,211666,False,0
Bum Like You,Robyn,2005,207853,False,10
Can You Feel It,Timomatic,2012,196760,False,24
"Take My Breath Away - Love Theme from ""Top Gun""",Berlin,2014,251840,False,1
Sing It Back,Moloko,1998,264266,False,0
Devil Inside,INXS,1987,315480,False,27
Read All About It,"Professor Green, Emeli Sandé",2011,235735,True,31
Firework,Katy Perry,2012,227880,False,69
Things,Bobby Darin,2004,151413,False,27
Sick and Tired,Anastacia,2004,210133,False,54
I'm into Something Good,Herman's Hermits,2004,153240,False,49
Love Is,Alannah Myles,1989,216106,False,40
I Love You Love Me Love,Gary Glitter,2011,195386,False,21
Light It Up (feat. Static Revenger),"Stan Walker, Static Revenger",2011,210520,False,19
When Love Comes To Town,"U2, B.B. King",1988,254266,False,0
I Love You Always Forever,Donna Lewis,1996,239960,False,68
Homemade Dynamite - REMIX,"Lorde, Khalid, Post Malone, SZA",2017,214254,False,0
When the Beat Drops Out,Marlon Roudette,2014,204026,False,35
Our House,Madness,1983,201133,False,57
Strong Enough,Cher,1998,224000,False,65
Don't Cha,"The Pussycat Dolls, Busta Rhymes",2005,272080,False,0
Love Story,Taylor Swift,2008,235266,False,63
Waves - Robin Schulz Radio Edit,"Mr. Probz, Robin Schulz",2014,208133,False,3
Come with Me,Ricky Martin,2013,217813,False,0
How I Got This Way,Taxiride,2002,210173,False,17
Inner Ninja (feat. Olly Murs) - Remix,"Classified, Olly Murs",2013,191907,False,12
Madness,Muse,2012,281040,False,66
Don't Think I'm Not,Kandi,2000,243533,False,50
The Way You Look Tonight - Remastered,The Lettermen,1987,142426,False,24
Never Never Never - 2000 Remaster,Shirley Bassey,2013,218866,False,21
Over You,Gary Puckett & The Union Gap,1968,144293,False,34
Solo (feat. Demi Lovato),"Clean Bandit, Demi Lovato",2018,222706,False,68
Hero Of The Day,Metallica,1996,261906,False,0
Keep Talking,Cyrus Villanueva,2016,204647,False,16
We Will Rock You - Remastered 2011,Queen,1977,122066,False,70
House of Fun - 2000 Remastered Version,Madness,1982,171706,False,0
Dancing in the Moonlight - 2001 Remix,Toploader,2002,232440,False,43
Yeah 3x,Chris Brown,2010,241093,True,3
Tired of Being Alone,Al Green,1971,172320,False,0
Harper Valley P.T.A.,Jeannie C. Riley,2013,194400,False,50
"This Is It - 7"" Version",Dannii Minogue,2013,219600,False,24
Mamma Mia,ABBA,1975,215266,False,0
Words,Missing Persons,1982,267866,False,43
Way Down,Elvis Presley,2002,157333,False,39
I Know What You Did Last Summer,"Shawn Mendes, Camila Cabello",2015,223826,False,0
Young Girl,Gary Puckett & The Union Gap,1968,194493,False,47
DONTTRUSTME,3OH!3,2008,192573,True,70
Leaning on a Lamp Post - 2002 Remaster,Herman's Hermits,2008,154253,False,8
Loser,Beck,1994,234960,False,0
Last Friday Night (T.G.I.F.),Katy Perry,2012,230746,False,72
Swamp Thing,The Grid,2014,237520,False,37
Heart Of Glass - Special Mix,Blondie,1981,275733,False,65
Don't Go Breaking My Heart,Backstreet Boys,2018,215724,False,48
Bring Me Some Water,Melissa Etheridge,1988,233000,False,47
Wisemen,James Blunt,2005,221773,True,48
Under The Boardwalk - Mono,The Rolling Stones,1966,167506,False,13
The Candy Man - 2016 Remaster,Sammy Davis Jr.,2016,188653,False,12
One Time,Justin Bieber,2009,215866,False,0
Hold Me,P.J. Proby,1964,163480,False,28
Perfectly Lonely,John Mayer,2009,268093,False,54
They Don't Know Us,Kilter,2017,195356,False,17
Tequila,A.L.T. And The Lost Civilization,1992,243800,False,33
Footloose,Kenny Loggins,1997,220706,False,71
With Or Without You,U2,1998,295200,False,0
Faded White Dress,Amy Meredith,2010,188600,False,0
Teen Angel,Mark Dinning,2012,160320,False,0
Most Girls,Hailee Steinfeld,2017,204400,False,0
One,U2,2006,275400,False,0
Let It Be,Labrinth,2014,186253,False,0
Electric Feel,MGMT,2007,229640,False,0
21 Guns,Green Day,2009,321093,False,74
True Blue,John Williamson,1982,245000,False,47
The Lazy Song,Bruno Mars,2010,189109,False,72
Stars On 45 - Original Single Version,Stars On 45,1981,286666,False,38
Virtual Insanity - Remastered 2006,Jamiroquai,2006,229360,False,1
Meet Her At The Love Parade,Da Hool,2015,213466,False,0
Walk of Life,Dire Straits,1985,252466,False,60
Promised You A Miracle - Remastered 2002,Simple Minds,1982,267706,False,35
Gotta Be Somebody,Nickelback,2008,252653,False,64
Such a Night,Elvis Presley,1960,178760,False,52
WITHOUT YOU,The Kid LAROI,2020,161384,False,0
This Town,Niall Horan,2017,232852,False,0
HEAT,"Paul Woolford, Amber Mark",2021,187277,False,44
Pretty Fly (For A White Guy),The Offspring,1998,188106,False,0
Paper Tiger,Sue Thompson,2015,144875,False,0
Shot Me Down (feat. Skylar Grey) - Radio Edit,"David Guetta, Skylar Grey",2014,191412,False,56
Biding My Time,Busby Marou,2011,243066,False,0
As Usual,Brenda Lee,1964,156360,False,21
Tom Sawyer,Rush,1981,276880,False,68
Losing Friends over Love,Eskimo Joe,2009,217946,False,13
Lego House,Ed Sheeran,2011,185093,False,70
You Don't Own Me (feat. G-Eazy),"SAYGRACE, G-Eazy",2016,201493,True,72
The Unforgiven,Metallica,1991,387133,False,0
Mockingbird (With Margaret McLaren),Johnny O'Keefe,2008,164720,False,11
Gimme Gimme - Original,Whigfield,1996,224626,False,1
Wildest Dreams,Taylor Swift,2014,220440,False,64
Light Surrounding You,Evermore,2006,236586,False,0
Boulevard of Broken Dreams,Green Day,2017,262333,True,71
The Greatest,"Sia, Kendrick Lamar",2016,210226,False,0
U + Ur Hand,P!nk,2006,214386,True,0
Money For Nothing,Dire Straits,1985,510933,False,0
The Ballad Of The Green Berets,Sgt. Barry Sadler,1966,146400,False,41
Nothing Compares 2 U,Sinéad O'Connor,1990,280040,False,3
Over And Over - Album Version / Explicit,"Nelly, Tim McGraw",2004,253933,True,0
Feels like the First Time - 2008 Remaster,Foreigner,2015,232333,False,48
747,Lady A,2014,207413,False,2
Neither One of Us (Wants to Be the First to Say Goodbye),Linda George,1974,211786,False,0
This Girl Is a Woman Now,Gary Puckett & The Union Gap,1968,189160,False,24
One More Night - 2016 Remaster,Phil Collins,1985,288973,False,68
If I Could Turn Back Time,Cher,1989,239826,False,69
Overdrive,Conan Gray,2021,183070,False,29
Run the World (Girls),Beyoncé,2011,236093,False,69
Levels - Radio Edit,Avicii,2011,199906,False,78
Lovefool,twocolors,2020,190487,False,68
Call On Me - Ryan Riback Remix,"Starley, Ryan Riback",2016,222000,False,6
Spirit in the Sky,Doctor & The Medics,2003,208106,False,0
Do Ya,Electric Light Orchestra,1976,225106,False,55
Fighter,Christina Aguilera,2002,245960,False,65
The Birds and the Bees,Jewel Akens,1965,127507,False,16
Escape,Enrique Iglesias,2001,208626,False,0
Who Are You,The Who,1978,381626,False,0
Harlem Shuffle,The Rolling Stones,1986,204426,False,0
Under Pressure - Remastered 2011,"Queen, David Bowie",1982,248440,False,80
What Do You Mean? - Acoustic,Justin Bieber,2015,203800,False,0
P.I.M.P.,50 Cent,2003,249480,True,77
Good Vibrations,"Marky Mark And The Funky Bunch, Loleatta Holloway",2017,269946,False,26
Is It Over Now? (Taylor's Version) (From The Vault),Taylor Swift,2023,229477,False,76
Harlem Shake,Baauer,2012,196664,False,0
Too Young to Be Married - 1999 Remaster,The Hollies,1970,239373,False,0
Ghetto Supastar (That is What You Are) (feat. Ol' Dirty Bastard & Mýa),"Pras, Ol' Dirty Bastard, Mýa",1998,261133,False,66
Smooth (feat. Rob Thomas),"Santana, Rob Thomas",1999,294986,False,67
It's My Party,Lesley Gore,1963,140000,False,0
Uptown Girl,Billy Joel,2001,194866,False,58
Splish Splash,Bobby Darin,1958,131719,False,56
Decode - Twilight Soundtrack Version,Paramore,2009,261959,False,48
Gangnam Style (강남스타일),PSY,2012,219493,False,0
Techno Fan,The Wombats,2011,239200,False,38
All I Wanna Do Is Make Love To You,Heart,1990,310893,False,66
Lady Rose,Mungo Jerry,1970,190826,False,0
Daddy's Home - 2003 Remaster,Cliff Richard,2015,173746,False,0
Myself,Bazzi,2018,167552,False,61
Say Goodbye,Chris Brown,2005,289760,False,0
Don't You Worry,Madasun,2000,241720,False,24
I Like Me Better,Lauv,2017,197436,False,2
Love Letters,Ketty Lester,2012,156734,False,31
It's Like That,Mariah Carey,2005,203360,False,0
Hello,"Stafford Brothers, Lil Wayne, Christina Milian",2012,207013,True,0
Talking to the Moon,Bruno Mars,2010,217866,False,82
I Wanna Rock,Twisted Sister,1984,179760,False,68
Bones,Imagine Dragons,2022,165264,False,82
My Name Is Prince,Prince,1992,398333,True,31
Convoy,C.W. McCall,1990,230600,False,59
Can't Stop the Music,Village People,1980,218000,False,44
The Distance,CAKE,1996,179600,False,59
Let The Night Roll On,The Angels,1990,244360,False,0
Honest,Kodaline,2015,218933,False,37
Where Have You Been,Rihanna,2011,242680,False,73
Burn Your Name,Powderfinger,2011,232080,False,19
no tears left to cry,Ariana Grande,2018,205946,False,0
Welcome Home,Peters & Lee,1989,238866,False,21
Two For My Seconds,Operator Please,2007,240720,False,8
Play That Song,Train,2017,243253,False,61
'Til You Do Me Right,After 7,1997,294600,False,32
To the Door of the Sun,Al Martino,2014,192012,False,0
Chocolate,The 1975,2013,224666,False,0
Don't Call Me Up,Mabel,2019,178480,False,71
Turn Me On,Norah Jones,2002,154800,False,70
"Girls Talk Boys - From ""Ghostbusters"" Original Motion Picture Soundtrack",5 Seconds of Summer,2016,216098,False,46
I Only Wanna Be with You,Jessica Andersson,2009,206832,False,18
With Or Without You,U2,1987,295515,False,78
Best of You,Foo Fighters,2009,254973,False,53
"Taller, Stronger, Better - Radio Mix",Guy Sebastian,2010,204933,False,21
Sweet December,Short Stack,2010,234614,False,0
Swalla (feat. Nicki Minaj & Ty Dolla $ign),"Jason Derulo, Nicki Minaj, Ty Dolla $ign",2017,216408,True,69
Wild World,"Maxi Priest, John Gallen",2008,216133,False,31
The War Song - Remastered 2003,Culture Club,1984,253986,False,40
Pony Time,Chubby Checker,1962,147426,False,32
Stop Callin' Me,Shakaya,2002,218493,False,32
Something I Need,OneRepublic,2014,240080,False,43
New Americana,Halsey,2015,183808,False,0
Rasputin,"Majestic, Boney M.",2021,186209,False,78
Careful,Paramore,2009,230440,False,44
Small Town,John Mellencamp,1985,221626,False,62
Me Against the Music (feat. Madonna) - LP Version / Video Mix,"Britney Spears, Madonna",2003,223773,False,57
Ooh La La,Normie Rowe,2007,144693,False,11
Skeleton Dance,Children Collide,2008,211760,False,25
Pick You Up,Powderfinger,2011,260626,False,18
My Kind of Girl,Michael Bublé,2016,246440,False,36
Beautiful,"Akon, Colby O'Donis, Kardinal Offishall",2008,312986,False,0
All I Ever Need,Austin Mahone,2014,213746,False,63
She's My Baby,Johnny O'Keefe,2008,125226,False,12
We Are All Made Of Stars,Moby,2002,273213,False,0
It's Four in the Morning,Faron Young,2000,164234,False,25
The Other Side (from Trolls World Tour),"SZA, Justin Timberlake",2020,188186,False,59
I'm Still Standing,Elton John,1983,183440,False,0
Ringo,Lorne Greene,1964,214213,False,40
Black Betty - Edit,Spiderbait,2004,207560,False,0
Ring Ring - English Version,ABBA,1973,184733,False,56
I Want You,Savage Garden,1997,232000,False,0
Walkin' On The Sun,Smash Mouth,2001,205826,False,0
Mashed Potato,Billy Thorpe & The Aztecs,2014,150240,False,0
Puppy Love,Donny Osmond,1972,184973,False,42
Natalie Don't,RAYE,2020,194346,False,51
Would You Ever,"Skrillex, Poo Bear",2017,234285,False,57
Your Song Saved My Life - From Sing 2,U2,2021,210280,False,50
Let Me Love You,"DJ Snake, Justin Bieber",2016,205946,False,1
Lucky,"Jason Mraz, Colbie Caillat",2008,189613,False,66
California Girls,David Lee Roth,1985,171826,False,47
Monster - Transformers Soundtrack Version,Paramore,2011,200146,False,57
Lightning Crashes,Live,1994,325600,False,67
Heartbeat Song,Kelly Clarkson,2015,198733,False,58
Calm Down,Killing Heidi,2004,222040,False,23
(Everything I Do) I Do It For You,Bryan Adams,1999,393733,False,0
Feel The Love,Cut Copy,2008,267546,False,0
What's Up?,4 Non Blondes,1992,295533,False,79
Turn Me On (feat. Vula),"Riton, Oliver Heldens, Vula",2019,208473,False,67
Lonely,Akon,2004,235800,True,0
What's My Age Again?,blink-182,1999,148573,False,1
We Are Young (feat. Janelle Monáe),"fun., Janelle Monáe",2012,250626,False,77
"Feels (feat. Pharrell Williams, Katy Perry & Big Sean)","Calvin Harris, Pharrell Williams, Katy Perry, Big Sean",2017,223413,True,56
Smooth Criminal,Alien Ant Farm,2001,209266,False,0
Creep,TLC,1994,268533,False,65
Business,Eminem,2002,251760,True,1
I Can't Wait,Nu Shooz,2019,218826,False,57
Up/Down,Jessica Mauboy,2009,205146,False,21
How Do You Do!,Roxette,1992,189093,False,0
Tik Tok (Parody),The Midnight Beast,2011,212000,True,24
The Sky's the Limit,Jason Derulo,2010,222826,False,41
Son Of A Preacher Man,Dusty Springfield,1969,148053,False,74
Whip It! (feat. Chloe Angelides),"LunchMoney Lewis, Chloe Angelides",2015,242973,False,48
My Kind of Girl,Matt Monro,1992,177600,False,21
Horses,"Teddy Cream, Szabo",2017,208087,False,22
Heal the World,Michael Jackson,1991,384306,False,68
Take a Walk,Passion Pit,2012,264493,False,63
Fight Song,Rachel Platten,2015,202506,False,49
Everything Is Beautiful - 1970 #1 Billboard chart hit,Ray Stevens,1970,212773,False,0
Our Lips Are Sealed,The Go-Go's,1994,165626,False,41
(I Can't Help) Falling In Love With You,UB40,2000,208826,False,49
9 PM (Till I Come) - Radio Edit,ATB,1998,199520,False,41
Evidence,Faith No More,1995,294240,False,43
Learn To Let Go,Kesha,2017,217546,False,46
Tip Of My Tongue,Diesel,1992,254640,False,51
The Lion Sleeps Tonight,Tight Fit,2010,192666,False,48
All That She Wants,Ace of Base,1993,211213,False,76
Carrie Anne - 1998 Remaster,The Hollies,1998,175893,False,1
Freak,Silverchair,1997,226106,False,56
Just The Two Of Us,Will Smith,1997,315506,False,47
S&M,Rihanna,2010,243533,True,70
Negative Things,Selwyn,2002,271520,False,29
Brandy (You're a Fine Girl),Looking Glass,1972,186826,False,76
Dark Horse,"Katy Perry, Juicy J",2013,215672,False,73
Weak,AJR,2017,201159,False,0
Underneath the Radar,Underworld,1988,367453,False,42
Carry On,fun.,2012,278373,False,53
On My Mind,Ellie Goulding,2015,213445,False,63
"Let's Hear It for the Boy - From ""Footloose"" Soundtrack",Deniece Williams,1984,261893,False,52
Mony Mony - Live,Billy Idol,2009,247666,False,31
Dance Off (feat. Idris Elba & Anderson .Paak),"Macklemore & Ryan Lewis, Macklemore, Ryan Lewis, IDRIS, Anderson .Paak",2016,229680,True,50
Lust For Life (with The Weeknd),"Lana Del Rey, The Weeknd",2017,264066,False,70
You Keep Me Hangin' On,Vanilla Fudge,2004,179573,False,42
Locked out of Heaven,Bruno Mars,2012,233478,False,87
Needles and Pins - Mono,The Searchers,1964,131360,False,0
stayinit,"Fred again.., Lil Yachty, Overmono",2024,274925,False,60
Juice,Lizzo,2019,194935,False,35
Into the Blue,Kylie Minogue,2014,248680,False,22
Hi Honey Ho,Daddy Cool,1972,413986,False,7
You Ain't Thinking (About Me),"D. Pritzker, Sonia Dada",1992,239306,False,26
Whisper Your Name,Human Nature,1996,259269,False,20
Grenade,Bruno Mars,2010,222091,False,76
Bounce (feat. N.O.R.E.) - Radio Version,"MSTRKRFT, N.O.R.E.",2008,171632,False,0
Year of the Cat - 2001 Remaster,Al Stewart,1991,401400,False,58
The Ballroom Blitz,Sweet,1974,242200,False,48
Le Freak,CHIC,1978,327573,False,0
Sail,AWOLNATION,2011,259102,False,0
Heartbreaker,Dionne Warwick,1982,258266,False,38
Soldier,Samantha Jade,2013,202400,False,42
Burn so Bright,The Sundance Kids,2009,254213,False,6
Laid,James,2008,157293,False,29
"Danger Zone - From ""Top Gun"" Original Soundtrack",Kenny Loggins,1997,215133,False,72
Sunshine Of Your Love,Cream,1967,250000,False,0
Brand New Day,Alex Lloyd,2005,246573,False,16
Marea (we’ve lost dancing),"Fred again.., The Blessed Madonna",2021,285375,False,66
Keep Your Head Up,Andy Grammer,2011,190493,False,0
Somebody to Love - Main Club Mix,Boogie Pimps,2003,312773,False,39
Don’t Feel Like Crying,Sigrid,2019,157010,False,38
Wasted,Peking Duk,2018,182370,False,46
Fever for the Flava,Hot Action Cop,2003,249133,False,51
You'll Never Know,1927,1988,221493,False,0
Treaty - Radio Mix,Yothu Yindi,1991,243933,False,45
Lolita,The Veronicas,2012,205413,False,25
Versace on the Floor,Bruno Mars,2016,261240,False,52
Technologic,Daft Punk,2005,284280,False,53
Kiss The Bride,Elton John,1983,262066,False,38
100 Years,Five For Fighting,2004,244600,False,45
If I Ever Fall In Love,"Shai, Bill Appleberry",1992,289693,False,0
Hold On Tight,Electric Light Orchestra,1981,186600,False,57
Twilight Time,Billy Thorpe & The Aztecs,1995,213946,False,0
Free,Mýa,2000,318733,False,28
Lovesong,Amiel,2003,209840,True,38
Sorrento Moon (I Remember),Tina Arena,1994,293866,False,45
Just The Thing,"Paul Mac, Peta Morris",2001,238400,False,33
Live Your Life,"T.I., Rihanna",2008,338853,True,72
Colors Of The Wind - End Title,Vanessa Williams,1995,257933,False,45
How Deep Is Your Love,Bee Gees,2020,241093,False,60
Hurt Somebody (With Julia Michaels),"Noah Kahan, Julia Michaels",2018,168640,False,0
Treaty - Radio Mix,Yothu Yindi,1991,243933,False,0
Spaceman,Nick Jonas,2021,196999,False,0
Mother-in-Law - 2002 Remaster,Ernie K-Doe,2002,153600,False,17
Something Happened On The Way To Heaven,Phil Collins,1998,291373,False,0
Cotton Fields,The Highwaymen,2007,134439,False,16
Lovelight,Robbie Williams,2006,242044,False,10
Funky Cold Medina,Tone-Loc,1989,248160,False,41
Kansas City,Sneaky Sound System,2008,236333,False,29
Bored To Death,blink-182,2016,235613,False,0
Drive,Shannon Noll,2004,238986,False,36
Dirrty,"Christina Aguilera, Redman",2006,298853,False,0
Enemy (with JID) - from the series Arcane League of Legends,"Imagine Dragons, JID, Arcane, League of Legends",2021,173381,False,73
Another Day - 2012 Remaster,"Paul McCartney, Linda McCartney",1971,222533,False,53
Come Undone,Duran Duran,1993,256519,False,68
Does Your Chewing Gum Lose It's Flavour (On The Bedpost Overnight)?,Lonnie Donegan,1992,166933,False,10
Girls on the Avenue,Richard Clapton,1975,242133,False,47
Waka Waka (This Time for Africa) [The Official 2010 FIFA World Cup (TM) Song] (feat. Freshlyground),"Shakira, Freshlyground",2010,202626,False,6
Gettin' Over You (feat. Fergie & LMFAO),"David Guetta, Chris Willis, Fergie, LMFAO",2010,187426,False,0
Buffalo Stance,Neneh Cherry,2013,246320,False,36
Laugh Now Cry Later (feat. Lil Durk),"Drake, Lil Durk",2020,261492,True,73
Stairway to Heaven - 1990 Remaster,Led Zeppelin,1971,478173,False,1
Drown (feat. Clinton Kane),"Martin Garrix, Clinton Kane",2020,174062,False,60
Second Hand Rose,Barbra Streisand,1965,129199,False,17
Along Came Jones,Ray Stevens,2014,227533,False,0
Yummy,Justin Bieber,2020,210426,False,65
Sucker,Jonas Brothers,2019,181040,False,1
Ebony Eyes,Bob Welch,1977,212760,False,47
You Say,Lauren Daigle,2018,274693,False,73
Bonfire Heart,James Blunt,2013,238000,False,65
Eloise,Barry Ryan,1992,345173,False,40
Sure Be Cool If You Did,Blake Shelton,2013,215720,False,38
Love Don't Cost a Thing,Jennifer Lopez,2001,221226,False,65
Baby,Madison Beer,2020,207734,False,52
In The Air - Axwell Radio Edit,"TV Rock, Rudy, Axwell",2009,166253,False,43
My Hero,Foo Fighters,2009,258973,False,53
A Pub With No Beer - 1979 Version,Slim Dusty,1981,180906,False,42
"Lose Yourself - From ""8 Mile"" Soundtrack",Eminem,2002,321960,False,47
Already Gone,Powderfinger,1998,208466,False,0
Owner of a Lonely Heart,Yes,1983,268506,False,68
Smile,Lily Allen,2006,197026,False,34
If Looks Could Kill,Timomatic,2012,218906,False,30
Summer Of '69,Bryan Adams,1984,216053,False,0
Do You Want Me,Salt-N-Pepa,1990,232266,False,0
One Life Stand,Hot Chip,2010,321496,False,42
Forever (feat. Post Malone & Clever),"Justin Bieber, Post Malone, Clever",2020,219933,False,63
When I'm Gone,Simple Plan,2008,229653,False,49
rockstar,"Post Malone, 21 Savage",2017,218320,True,12
Freefall,"POOLCLVB, DOOLIE",2018,213054,False,0
Tonight Again,Guy Sebastian,2015,203339,False,35
The Girls - Radio Edit,Calvin Harris,2007,234146,False,7
I’m Still Hot - Original,Luciana,2011,186182,False,15
Come As You Are,Nirvana,2002,219026,False,0
Every Little Thing She Does Is Magic - Remastered 2003,The Police,1981,260573,False,0
The Boxer,Simon & Garfunkel,1970,308520,False,68
My House,Kids Of 88,2011,238626,False,3
Moon River,Henry Mancini,2009,164986,False,18
Supersoaker,Kings of Leon,2013,230226,False,59
Calcutta,Lawrence Welk,2013,132371,False,10
I'm Yours,Jason Mraz,2008,242946,False,75
Dammit,blink-182,1998,166933,False,0
Alive,Pearl Jam,1991,340907,False,73
Earthquake feat. Tinie Tempah,Labrinth feat. Tinie Tempah,2013,216386,True,0
All I Want Is You,U2,1988,389933,False,0
Magic Carpet Ride,Steppenwolf,1991,267933,False,0
One Last Time,Ariana Grande,2014,197266,False,0
10:35,"Tiësto, Tate McRae",2022,172252,False,73
I Made It (Cash Money Heroes),"Kevin Rudolf, Birdman, Jay Sean, Lil Wayne",2010,258813,True,31
Tobacco Road,The Nashville Teens,2008,147733,False,20
Bop Girl,Pat Wilson,2011,237500,False,31
California Love - Original Version,"2Pac, Roger, Dr. Dre",1998,285026,False,56
Life Goes On,LeAnn Rimes,2003,213360,False,31
Who Can It Be Now?,Men At Work,2000,200293,False,54
Don't Bring Me Down,Electric Light Orchestra,1979,243373,False,77
West End Riot,The Living End,1998,233800,False,0
Pride (In The Name Of Love),U2,1998,228466,False,0
Angel,Madonna,1984,236133,False,46
"Just Like Fire (From the Original Motion Picture ""Alice Through The Looking Glass"")",P!nk,2016,215413,False,67
"Hey, Soul Sister",Train,2009,216773,False,0
Breakeven,The Script,2008,262653,False,0
Half of My Heart,John Mayer,2009,250373,False,62
Sunny Came Home,Shawn Colvin,1996,264200,False,52
It's My Life,Bon Jovi,2000,224493,False,79
Shoop,Salt-N-Pepa,1993,248573,False,0
"Love Rollercoaster (From ""Beavis and Butthead Do America"")",The Funky Groove Connection,2019,268000,False,37
Push Th' Little Daisies,Ween,1992,169960,False,0
Moonshadow,Yusuf / Cat Stevens,2000,170960,False,38
Young Love,Donny Osmond,1996,145053,False,17
Dream Lover,Glenn Shorrock,2007,238320,False,0
Somebody's Crying,Chris Isaak,1995,166466,False,1
A Little Bitty Tear,Burl Ives,2014,123480,False,2
The Last Farewell,Roger Whittaker,1985,220600,False,43
GIRL LIKE ME,"Black Eyed Peas, Shakira",2020,222522,True,44
Everyday Is A Winding Road,Sheryl Crow,1996,256826,False,0
All Day and All of the Night,The Kinks,1964,141506,False,3
Clarity,"Zedd, Foxes",2012,271426,False,73
Cheap Thrills,Sia,2016,211666,False,0
Under The Milky Way,The Church,1988,298426,False,51
Amazing,George Michael,2004,265826,False,56
(Lover) You Don't Treat Me No Good,"D. Pritzker, Sonia Dada",1992,247626,False,51
"Endless Love - From ""The Endless Love"" Soundtrack","Lionel Richie, Diana Ross",1981,265986,False,0
Live Louder,Nathaniel,2016,189640,False,2
Butter,BTS,2021,164441,False,0
Everybody Hurts,R.E.M.,1992,318240,False,0
"Gonna Fly Now - Theme From ""Rocky""",Bill Conti,1976,167533,False,63
Don't Know Much (with Aaron Neville),"Linda Ronstadt, Aaron Neville",1989,211973,False,62
rockstar (feat. 21 Savage),"Post Malone, 21 Savage",2018,218146,True,80
Desire,U2,1988,179360,False,0
It Must Have Been Love,Roxette,2002,259866,False,0
I'll Show You,Justin Bieber,2015,199946,False,0
Good Without,Mimi Webb,2021,182121,False,57
Trick Me,Kelis,2003,206106,True,2
Moody River,Pat Boone,1964,153586,False,28
Don't You Wanna Feel,Rogue Traders,2007,196093,False,12
Time After Time,Cyndi Lauper,1983,241333,False,79
Remedy,The Black Crowes,2010,333280,False,26
I Can't Stay Mad at You,Skeeter Davis,2008,126080,False,20
Breathe (feat. Sean Paul) - Rap Version,"Blu Cantrell, Sean Paul",2003,228000,False,71
Let Me Blow Ya Mind,"Eve, Gwen Stefani",2001,229933,True,0
So Am I,Ava Max,2019,183026,False,1
Perfect,Vanessa Amorosi,2008,286560,False,0
Love Foolosophy - Radio Edit,Jamiroquai,2001,224493,False,59
Finally,CeCe Peniston,2007,249066,False,52
Gimme! Gimme! Gimme! - Sgt Slick's Melbourne Recut - Edit,Sgt Slick,2020,182500,False,47
Hollaback Girl,Gwen Stefani,2004,199853,True,70
I Like Love (I Love Love) - Radio,Solitaire,2003,229506,False,35
We like to Party! (The Vengabus),Vengaboys,2009,222458,False,0
Should've Been Me,"Naughty Boy, Kyla, Popcaan",2016,244041,False,0
Sweet Lullaby,Deep Forest,2017,233824,False,0
Bailamos,Enrique Iglesias,1999,214066,False,54
One More Night,Maroon 5,2012,219546,False,77
I Want It All - Single Version,Queen,1989,242093,False,1
Mambo No. 5 (A Little Bit of...),Lou Bega,2002,219600,False,1
I'm Coming Home - Single Version,Tom Jones,2005,186786,False,0
Love Not Lovers,The Script,2017,224200,False,34
Boppin' the Blues,Blackfeather,1972,192093,False,0
Headlights (feat. Ilsey),"Robin Schulz, Ilsey",2015,209208,False,51
Blood on the Dance Floor,Michael Jackson,1997,253000,False,60
Rule The World - Radio Edit,Take That,2007,237760,False,55
I've Got a Little Something for You,MN8,2014,220213,False,13
"Another Brick in the Wall, Pt. 2",Pink Floyd,1979,238746,False,74
A Hundred Pounds Of Clay - 1995 Digital Remaster,Gene McDaniels,1995,143600,False,16
Never Be Amazing,David Franj,2003,285666,False,4
God Gave Rock 'N' Roll To You II,KISS,1992,320203,False,0
Acceptable in the 80's,Calvin Harris,2007,333680,False,52
Sand in My Shoes,Dido,2003,299173,False,48
Only the Lonely,Roy Orbison,1961,145533,False,63
A World Without Love - 2002 Remaster,Peter And Gordon,1964,175200,False,5
Missing Piece,Vance Joy,2021,217408,False,46
If I Ain’t Got You - Live,Maroon 5,2010,240786,False,34
Proud Mary,Creedence Clearwater Revival,1969,187213,False,75
Stand By You,Marlisa,2014,192106,False,17
The Reeling,Passion Pit,2009,287906,False,0
Never Say Never,"Justin Bieber, Jaden",2011,227853,False,0
Sometimes,Alex Lloyd,2005,258346,False,10
Why,Frankie Avalon,2013,157520,False,18
"The Island, Pt. II (Dusk)",Pendulum,2010,249853,False,44
Place Your Hands,Reef,1997,218426,False,50
"Tom's Diner - 7"" Version","DNA, Suzanne Vega, Neal Slateford, Nick Batt",1998,227866,False,61
Believer,Guy Sebastian,2020,225493,False,44
The Magic Friend,2 Unlimited,2014,225001,False,0
Silver Lady,David Soul,1977,224426,False,2
I Dig Rock and Roll Music - 2004 Remaster,"Peter\, Paul and Mary",2005,151613,False,27
Burning Love,Elvis Presley,2007,176413,False,36
Scars,Papa Roach,2004,208186,False,67
My Home Town,Paul Anka,2006,153444,False,9
Ghost Town,Adam Lambert,2015,208330,True,60
Radio Mix,F.C.B,1998,239226,False,4
Feel This Moment (feat. Christina Aguilera),"Pitbull, Christina Aguilera",2012,229506,False,34
Wind Of Change,Scorpions,1990,313226,False,0
Forever In Blue Jeans,Neil Diamond,1978,217533,False,60
All Stars,Grafton Primary,2008,263960,False,30
Run To Me,Bee Gees,1972,191600,False,56
Passenger,Powderfinger,1998,261149,False,44
Touch Me,Starley,2017,208920,False,0
Magic - Live,Olivia Newton-John,2018,274053,False,16
Dare Me,The Pointer Sisters,1985,259120,False,36
Waves,Dean Lewis,2016,241292,False,0
I'm on My Way,The Proclaimers,1988,225586,False,60
Sweet Disposition,The Temper Trap,2009,236333,False,0
Bad Romance,Lady Gaga,2009,294573,True,82
She Looks So Perfect,5 Seconds of Summer,2014,202496,False,56
Kiss The Dirt (Falling Down The Mountain),INXS,2011,233480,False,0
Heaven,Avicii,2019,277261,False,62
Trains and Boats and Planes,"Billy J. Kramer, The Dakotas",1991,169680,False,35
Angel of Mine,Monica,1998,250173,False,62
Everlong,Foo Fighters,2009,249986,False,54
Father And Son - New Steve Mac with Strings,"Ronan Keating, Yusuf",2004,201733,False,0
Naughty Girl - Radio Edit,Mr G,2008,201466,True,17
We Don't Need Another Hero (Thunderdome),Tina Turner,1984,255186,False,64
Wild Thing,Tone-Loc,1989,263573,False,0
I Can't Dance - Remastered 2007,Genesis,1991,241360,False,11
I'll Be There,Jess Glynne,2018,193923,False,57
Un-Break My Heart,Toni Braxton,2007,270773,False,0
Smokin',Boston,1976,261385,False,58
Walking On A Dream,Empire Of The Sun,2008,198440,False,78
All The Man That I Need,Whitney Houston,1990,251426,False,53
All Your Reasons,Matchbox Twenty,2007,160840,False,28
Turn Around (feat. Ne-Yo),"Conor Maynard, Ne-Yo",2012,232385,False,23
Jalebi Baby (Tesher x Jason Derulo),"Tesher, Jason Derulo",2021,169154,False,35
Everything You Need - Original Mix - Edit,Madison Avenue,2000,222306,False,0
We Run The Night,"Havana Brown, Pitbull",2013,228188,True,40
One Touch,"Jess Glynne, Jax Jones",2018,197875,False,51
American Boy,"Estelle, Kanye West",2008,284733,True,4
Roll Over Lay Down,Status Quo,1973,342760,False,41
Shout It Out,Reece Mastin,2012,213626,False,33
Pack Up,Eliza Doolittle,2010,191026,False,36
Shapes of Things,The Yardbirds,1965,145960,False,26
Can't Help Myself,Flowers,1982,190080,False,40
Ghost,Ella Henderson,2014,213213,False,60
Put A Little Love In Your Heart,Jackie DeShannon,1968,156826,False,48
Song For Guy,Elton John,1978,413866,False,49
Australia,Gyroscope,2008,229426,False,29
Some Type of Love,Charlie Puth,2015,185608,False,38
Fire,Ohio Players,1974,276333,False,0
Babe,Styx,1979,265973,False,62
Who Dat Girl (feat. Akon),"Flo Rida, Akon",2010,200880,False,55
Mad About You,Belinda Carlisle,1986,218226,False,0
Running,Evermore,2006,262213,False,0
"Shout, Pts. 1 & 2",The Isley Brothers,1999,267333,False,41
Black Widow,"Iggy Azalea, Rita Ora",2014,209423,True,0
Meant to Be (feat. Florida Georgia Line),"Bebe Rexha, Florida Georgia Line",2017,163870,False,69
Sorry,Justin Bieber,2015,200786,False,83
Wolves,"Selena Gomez, Marshmello",2017,197993,False,75
Magnets,"Disclosure, Lorde",2015,199245,False,61
Animals - Radio Edit,Martin Garrix,2013,164746,False,0
Rain Over Me (feat. Marc Anthony),"Pitbull, Marc Anthony",2011,231573,False,69
03' Bonnie & Clyde,"JAY-Z, Beyoncé",2002,205560,True,68
Stay With Me,Sam Smith,2014,172723,False,0
When Will I Be Famous?,Bros,2004,241986,False,37
Shake Your Bon-Bon,Ricky Martin,1999,192333,False,42
One,U2,1991,276186,False,0
True Blue,Madonna,1986,257466,False,57
U R The Best Thing,D:Ream,1993,264840,False,0
Affirmation,Savage Garden,2000,296986,False,0
San Franciscan Nights,Eric Burdon & the Animals,1992,195173,False,16
Blow Your Mind (Mwah),Dua Lipa,2016,178583,False,28
Holly Holy - Single Version,Neil Diamond,1969,280306,False,0
Don't Tell Me The Time,Martha Davis,1987,211880,False,22
Get Off Of My Cloud - Mono Version,The Rolling Stones,1965,175080,False,53
Hey Baby (Drop It to the Floor) (feat. T-Pain),"Pitbull, T-Pain",2011,234453,False,74
'74-'75,The Connells,1993,278973,False,0
Little Wonders - Radio Version,Rob Thomas,2007,225506,False,44
Sos,Nils Landgren Funk Unit,2004,285253,False,14
Air Balloon,Lily Allen,2014,228349,False,29
Around the World - Radio Edit [Radio Edit],Daft Punk,2006,241466,False,47
With Or Without You - Remastered,U2,1987,295520,False,0
Best Song Ever,One Direction,2013,200106,False,74
Hips Don't Lie (feat. Wyclef Jean),"Shakira, Wyclef Jean",2005,218093,False,85
You'll Lose A Good Thing,Barbara Lynn,1963,159866,False,59
Looking for a Better Thing,Ruby Velle & The Soulphonics,2012,240837,False,0
All You Wanted,Michelle Branch,2001,217680,False,57
Armstrong,Reg Lindsay,1969,161826,False,27
Everything About You,Ugly Kid Joe,1991,254400,True,0
Little Wonders,Rob Thomas,2007,224720,False,54
Blue On Blue,Bobby Vinton,2006,149200,False,10
Don't Let Me Down,"The Chainsmokers, Daya",2016,208373,False,81
Do It Now - Radio Edit,Mashd N Kutcher,2014,166942,False,28
Whip My Hair,WILLOW,2010,193960,False,0
All Day and Night - Jax Jones & Martin Solveig Present Europa,"Jax Jones, Martin Solveig, Madison Beer, Europa",2019,169303,False,32
Breathe Life,Jack Garratt,2016,262853,False,0
The Village of St. Bernadette,Andy Williams,2009,199546,False,0
All We Know,"The Chainsmokers, Phoebe Ryan",2016,194080,False,66
Angel,Amanda Perez,2003,218760,False,48
Do You Remember,"Jay Sean, Sean Paul, Lil Jon",2009,210800,False,68
"Holding Out for a Hero - From ""Footloose"" Soundtrack",Bonnie Tyler,1984,348333,False,1
Sucker DJ - Radio Edit,"Dimples D., Ben Liebrand",1990,223211,False,30
Take Me Home Tonight,Eddie Money,1986,211160,False,66
Another Saturday Night,Yusuf / Cat Stevens,2000,149200,False,40
Rockabilly Rebel,Matchbox,1979,167040,False,39
Flash Delirium,MGMT,2010,255906,False,42
When Will I Be Famous?,Bros,2013,240066,False,43
Jack and Jill,"Ray Parker Jr., Raydio",2018,275213,False,12
Never Again,Kelly Clarkson,2007,217293,False,43
Higher,Creed,2004,326293,False,0
Quarter To Three,Gary U.S. Bonds,1998,150400,False,0
Guantanamera,The Sandpipers,1966,194933,False,30
Yo (Excuse Me Miss),Chris Brown,2005,229040,False,0
Jellyhead,Crush,1997,262600,False,31
Blind Faith,"Chase & Status, Liam Bailey",2011,233666,False,0
Some Girls,Racey,2003,207480,False,43
Mother & Father,BROODS,2014,187710,False,34
Going On,Gnarls Barkley,2008,174040,False,42
What You're On,Rogue Traders,2007,296266,False,11
Into the Night (feat. Chad Kroeger),"Santana, Chad Kroeger",2007,222440,False,55
Out of Time (Stereo Version),Chris Farlowe,1966,194826,False,32
Friday on My Mind,The Easybeats,1965,163293,False,1
Little Arrows,Leapy Lee,2018,163840,False,0
she's all i wanna be,Tate McRae,2022,207120,False,77
What Took You So Long?,Emma Bunton,2001,241000,False,51
Where Are You Now,"Lost Frequencies, Calum Scott",2021,148197,False,76
Everyday,Slade,1974,190493,False,0
Bad Girls,M.I.A.,2013,227520,False,71
We're Going Home,Vance Joy,2018,207906,False,0
Fast Car,"Jonas Blue, Dakota",2015,212424,False,0
I'll Be Your Baby Tonight (feat. UB40),Robert Palmer,2000,205640,False,18
The Reason,Hoobastank,2007,233013,False,46
Wand'rin' Star,Lee Marvin,1977,268293,False,0
Stitches,Shawn Mendes,2015,206880,False,48
Renegades,X Ambassadors,2015,195199,False,0
Feel Like Makin' Love,Roberta Flack,1975,175400,False,61
Adore You,Miley Cyrus,2013,278746,False,66
Sweat - Remix,"Snoop Dogg, David Guetta",2011,195986,False,68
I Have Nothing,Whitney Houston,1992,289160,False,73
Break on Through (To the Other Side),The Doors,1967,145866,False,70
Love the One You're With,"Crosby\, Stills & Nash",1980,184653,False,55
NO BAD DAYS (feat. Collett),"Macklemore, Collett",2023,173453,True,61
Take Good Care of Her,Adam Wade,2015,152240,False,0
Dr. Heckyll & Mr. Jive,Men At Work,1996,276893,False,21
Evie (Part One),Stevie Wright,1974,240000,False,0
My Friends,Red Hot Chili Peppers,1995,248640,False,59
Johnny Angel,Shelley Fabares,2012,141296,False,1
If You Could Read My Mind,Stars On 54,1998,206773,False,0
Hello Mary Lou,Creedence Clearwater Revival,1972,132866,False,54
Sex (Cheat Codes X Kris Kross Amsterdam),"Cheat Codes, Kris Kross Amsterdam",2016,228361,True,0
Hands To Myself,Selena Gomez,2015,200680,False,65
I Don't Belong In This Club,"Why Don't We, Macklemore",2019,222620,False,0
You Make My Dreams (Come True),Daryl Hall & John Oates,1980,190626,False,80
5.7.0.5,City Boy,2015,193400,False,14
Banana Boat (Day-O),Harry Belafonte,1956,183133,False,67
The Scientist,Coldplay,2002,309600,False,85
Bleeding Love,Leona Lewis,2007,262466,False,74
Motivation,Normani,2019,193837,False,64
Crazy for You,Madonna,1995,224520,False,45
Can't Help Myself,Flowers,2011,190200,False,0
Lot to Learn,Luke Christopher,2015,248337,True,54
Like I'm Gonna Lose You,Jasmine Thompson,2015,232338,False,61
"December, 1963 (Oh What a Night!)",Frankie Valli & The Four Seasons,2003,201093,False,56
Isn't It Time,The Babys,1977,243920,False,0
Heat Waves,Glass Animals,2020,238805,False,7
Love Generation - Radio Edit,Bob Sinclar,2009,204892,False,47
2step (feat. Leto),"Ed Sheeran, Leto",2022,154453,False,30
Say My Name,Destiny's Child,1999,271333,False,79
Creep,Radiohead,1993,238640,True,25
Hello,Adele,2015,295502,False,1
That's When I Think of You,1927,1988,253253,False,0
Shackles,Mary Mary,2015,198480,False,0
Bootylicious,Destiny's Child,2001,207906,False,60
If You're Not The One,Daniel Bedingfield,2010,257333,False,0
Put A Little Love In Your Heart,"Al Green, Annie Lennox",1994,228560,False,34
Oh Yeah,Yello,1985,185043,False,0
The Mess I Made,Parachute,2009,230613,False,0
Push,Matchbox Twenty,1996,238666,False,73
Cornflake Girl - 2015 Remaster,Tori Amos,1994,305533,False,34
Let Me Love the Lonely,James Arthur,2016,172386,False,49
One Way Or Another,Blondie,1998,208360,False,50
Intentions (feat. Quavo),"Justin Bieber, Quavo",2020,212866,False,74
Don't Wait,The Beautiful Girls,2010,196586,False,17
A Life To Remember,"Zephyr Alabama, Abishi Taylor",2021,194193,False,0
Just A Feeling,Maroon 5,2010,226506,False,46
Malibu,Hole,1998,230040,False,62
Lights Down Low,Jessie James Decker,2015,197946,False,0
Opinions Won't Keep You Warm At Night,Kisschasy,2007,186200,False,42
Achy Breaky Heart,Billy Ray Cyrus,1997,204960,False,0
Dangerous Woman,Ariana Grande,2016,235946,False,0
Burnin' for You,Blue Öyster Cult,1972,271066,False,0
All the Way,"Marcus Santoro, The Potbelleez",2014,221240,False,11
Hold Me Tight,Johnny Nash,2006,162866,False,21
Heroes (we could be),Alesso,2014,209866,False,0
It's All Coming Back to Me Now,Céline Dion,1996,456866,False,0
Jumpin' Jack Flash - (Original Single Mono Version),The Rolling Stones,2005,217973,False,38
Every Morning - Remastered,Sugar Ray,2005,220200,False,51
Judas,Lady Gaga,2011,249066,False,80
positions,Ariana Grande,2020,172324,True,2
Everyone's at It,Lily Allen,2009,275273,False,10
I Like That,"Houston, Chingy, Nate Dogg, I-20",2004,236520,False,58
You're The One That I Want - From “Grease”,"John Travolta, Olivia Newton-John",2005,167613,False,0
You Are The Reason - Duet Version,"Calum Scott, Leona Lewis",2018,190760,False,64
Heather,Conan Gray,2020,198040,False,83
Wild Wild West - Album Version - No Intro,"Will Smith, Dru Hill, Kool Moe Dee",2002,245533,False,45
The Night Out,Martin Solveig,2011,283165,False,11
Lay Me Down,"Sam Smith, John Legend",2015,219662,False,0
Funhouse - Main Version - Clean,P!nk,2009,203933,False,17
Born Free,Matt Monro,1967,168333,False,0
Waking Up In Vegas,Katy Perry,2008,199186,False,44
One Day At A Time,"Thierry Von Der Warth, Jay Mason",2023,151632,False,53
Call My Name,Cheryl,2012,207975,False,52
Cruel Summer,Taylor Swift,2019,178426,False,90
Love Sex Magic (feat. Justin Timberlake) (Manon Dave Remix),"Ciara, Manon Dave",2009,282622,False,12
Last Friday Night (T.G.I.F.),Katy Perry,2010,230733,False,65
Ambling Alp,Yeasayer,2010,235440,False,0
One More Time - Radio Edit [Short Radio Edit],Daft Punk,2006,235466,False,54
Slice of Heaven,"Dave Dobbyn, Herbs",1988,277360,False,0
Last Night,The Mar-Keys,2017,158480,False,2
No Limit,2 Unlimited,1993,224220,False,64
In The Summertime,"Shaggy, Rayvon",1995,238360,False,59
Streets Of Your Town,The Go-Betweens,1988,216880,False,44
Peg,Steely Dan,1977,240293,False,0
One Said To The Other,The Living End,2003,165560,False,0
The Other Woman,Ray Parker Jr.,1982,247960,False,33
Carrie Anne,The Hollies,1978,175893,False,6
Complicated,Avril Lavigne,2002,244506,False,81
Reelin' and Rockin' - 2019 - Remaster,The Dave Clark Five,2020,167373,False,0
When I Get There,P!nk,2023,200173,False,59
Jump - 2004 Remaster,Van Halen,2007,244106,False,52
Crash & Burn,Rebecca Levy,2021,204359,False,18
Alone Again (Naturally),Gilbert O'Sullivan,1972,216840,False,3
Sympathy For The Devil,The Rolling Stones,2005,377573,False,0
For Your Love,The Yardbirds,1965,150626,False,42
Relax,Frankie Goes To Hollywood,2000,237933,False,0
Naked,"Jonas Blue, MAX",2020,210921,False,43
Photograph,Nickelback,2005,258920,False,65
Crying In the Chapel,Elvis Presley,1967,145400,False,46
Dear Lady Twist,Gary U.S. Bonds,2012,150569,False,0
I Like It,"Enrique Iglesias feat. Pitbull, Jason Nevins",2010,216133,False,0
(If You're Not In It For Love) I'm Outta Here!,Shania Twain,1995,270026,False,50
Making Your Mind Up,Bucks Fizz,2004,158440,False,45
Pretty Blue Eyes,Steve Lawrence,2011,114472,False,0
Sweetest Thing - The Single Mix,U2,1998,179973,False,43
Hold On Loosely,38 Special,1987,279240,False,40
The Good Life,The Collective,2014,218240,False,13
View From a Bridge,Kim Wilde,1996,210946,False,12
Love Don't Live Here Anymore,Rose Royce,1978,238306,False,49
The Rain The Park And Other Things,The Cowsills,1967,184240,False,52
bad guy,Billie Eilish,2019,194087,False,81
Only You,Yazoo,1982,194173,False,2
Fraction Too Much Friction,Tim Finn,1983,254666,False,20
Like Only A Woman Can,Brian McFadden,2008,234613,False,30
(Baby I've Got You) On My Mind,Powderfinger,2011,201066,False,0
Mercy,Shawn Mendes,2017,208733,False,78
Can You Feel the Love Tonight - End Title,Elton John,1994,241013,False,58
Burnin' Up,Jonas Brothers,2009,173986,False,0
Oh! Hark!,Lisa Mitchell,2009,271880,False,20
Stay Another Day,East 17,1994,267480,False,0
Kiss Me More (feat. SZA),"Doja Cat, SZA",2021,208866,False,50
All Shook Up,Elvis Presley,2022,118066,False,37
You Can Depend On Me,Brenda Lee,2000,212426,False,0
The Rhythm of the Jungle,The Quick,1982,245659,False,16
Steal My Sunshine - Single Version,LEN,1999,211466,False,52
The Happening,The Supremes,2005,169866,False,30
Somewhere Only We Know,Keane,2004,237146,False,83
Wake Me Up Before You Go-Go,Wham!,1984,230693,False,0
Real Love,"Clean Bandit, Jess Glynne",2014,219691,False,45
I Got You Babe,Sonny & Cher,1965,190080,False,63
Chanson d'Amour,The Manhattan Transfer,1976,173280,False,0
I Need A Lover,John Mellencamp,1978,337226,False,48
Honey Come Back,Glen Campbell,2011,178000,False,32
Euphoria,Loreen,2012,214133,False,66
Lego House,Ed Sheeran,2011,185093,False,49
Shake It Off,Mariah Carey,2005,232840,False,0
I Miss You,blink-182,2003,227253,False,0
You Light Up My Life,Debby Boone,1977,216286,False,54
Just Like a Pill,P!nk,2001,237040,False,0
Have You Ever,Brandy,1998,273440,False,59
Feels Like I'm in Love,Kelly Marie,1980,256666,False,43
Uptown Girl - Radio Edit,Westlife,2001,186000,False,0
World Where You Live,Crowded House,1986,184640,False,0
Multiplication,Bobby Darin,2007,135733,False,10
People Everyday - Metamorphosis Mix,Arrested Development,2001,296333,False,54
All We Have,Natalie Bassingthwaighte,2011,196906,False,14
Cocaine,J.J. Cale,2007,171760,False,0
Beautiful Girls,Sean Kingston,2007,225373,False,77
Watermelon Sugar,Harry Styles,2019,174000,False,83
If the World Was Ending (feat. Julia Michaels),"JP Saxe, Julia Michaels",2019,208687,False,72
Leave a Light On,Tom Walker,2017,185863,False,67
Where Do You Go To (My Lovely),Peter Sarstedt,2016,284706,False,44
Are 'Friends' Electric?,Tubeway Army,1979,325200,False,0
Loose Ends (feat. G Flip),"Illy, G Flip",2020,236855,False,31
A Moment Like This,Leona Lewis,2007,257293,False,51
Every You Every Me,Placebo,1998,213800,False,2
Janie's Got A Gun,Aerosmith,1994,329626,False,0
Doo Wop (That Thing),Ms. Lauryn Hill,1998,320266,False,0
Fly Me To The Moon,"Frank Sinatra, Count Basie",2015,147146,False,61
Not Afraid,Eminem,2010,248133,True,4
Help Me Make It Through The Night,Sammi Smith,1996,155533,False,44
Orchard Road,Leo Sayer,1975,269720,False,24
Route 66,Chuck Berry,1961,171413,False,58
Evie Part 1 Let Your Hair Hang Down,Stevie Wright,2009,240413,False,0
Animal,Neon Trees,2010,212306,False,62
Live And Let Die,Wings,2016,193773,False,32
Like a Rolling Stone,Bob Dylan,1965,369600,False,70
Hollywood Seven,Jon English,1979,293426,False,5
Just A Little,Liberty X,2002,236133,False,51
Boys In Town,Divinyls,1983,171826,False,0
Ready for the Weekend,Calvin Harris,2009,217133,False,45
TiK ToK,Kesha,2010,199693,False,83
What Happened to Us (feat. Jay Sean),"Jessica Mauboy, Jay Sean",2011,200853,False,27
Ain't That A Shame,Fats Domino,1959,152200,False,57
Questions I Can't Answer,Heinz,2013,142076,False,1
I Alone,Live,1994,231688,False,39
"My Heart Will Go On - Love Theme from ""Titanic""",Céline Dion,1997,280000,False,1
Suffocate - Superclean,J. Holiday,2007,220053,False,56
Dare You To Move,Switchfoot,2000,247893,False,58
Dancing In The Storm,Boom Crash Opera,2013,251253,False,0
Pray,Sam Smith,2017,221595,True,0
I Wanna Sex You Up,Color Me Badd,2015,246360,False,0
Valentine,5 Seconds of Summer,2018,196628,False,55
Everything,Michael Bublé,2007,212373,False,70
Spoonman,Soundgarden,2010,246653,False,0
I Hate This Part,The Pussycat Dolls,2008,218386,False,0
Infinity,Guru Josh,1990,241506,False,52
She Will Be Loved,Maroon 5,2002,257133,False,0
#Beautiful,"Mariah Carey, Miguel",2013,202640,False,0
Starstruck (with Kylie Minogue),"Olly Alexander (Years & Years), Kylie Minogue",2021,206039,False,30
Closer,Travis,2007,240626,False,0
King Of The Mountain - Remastered,Midnight Oil,2012,229560,False,32
Not Pretty Enough,Kasey Chambers,2001,199986,False,0
Blurred Lines,"Robin Thicke, T.I., Pharrell Williams",2013,263053,False,52
A Simple Life,John Farnham,2003,232760,False,14
Closer,Ne-Yo,2008,234360,False,0
Heathens,Twenty One Pilots,2016,195920,False,81
Blowin' in the Wind,"Peter\, Paul and Mary",1963,177360,False,50
I Only Wanna Be with You,Bay City Rollers,1976,216906,False,45
Before the Worst,The Script,2008,203066,False,44
Fairground,Simply Red,2015,332413,False,0
Louie Louie,The Kingsmen,2006,165381,False,61
Hooked On Classics (Parts 1 & 2),Royal Philharmonic Orchestra conducted by Louis Clark,2008,306133,False,31
What You've Done to Me,Samantha Jade,2012,212960,False,40
No Diggity,"Blackstreet, Dr. Dre, Queen Pen",1996,304600,False,76
Enter Sandman,Metallica,1991,331573,False,2
Roar,Katy Perry,2013,223546,False,1
She's My Winona,Fall Out Boy,2008,231493,False,40
Viva Forever,Spice Girls,1997,310666,False,59
Shake It Out,Florence + The Machine,2011,277637,False,0
I Only Want to Be with You,The Tourists,1997,144026,False,35
Boom Boom (Let's Go Back to My Room) - Rerecorded,Paul Lekakis,2010,281420,False,21
Because They’re Young,Duane Eddy,2016,124506,False,0
Smooth (feat. Rob Thomas),"Santana, Rob Thomas",2007,295986,False,46
International Smile,Katy Perry,2013,227820,False,0
Stay - Original Single Edit,"Sash!, La Trec",1997,212560,False,54
Wrecking Ball,Miley Cyrus,2013,223240,False,0
Into You (feat. Tamia),"Fabolous, Tamia",2003,295773,True,60
Waiting for Superman,Daughtry,2013,266960,False,57
Ain't It Fun,Paramore,2013,296520,False,72
Back In Black,AC/DC,1980,255493,False,84
It's Five O'Clock Somewhere,"Alan Jackson, Jimmy Buffett",2010,230133,False,62
Real Wild Child (Wild One),Iggy Pop,1986,218306,False,57
Love in This Club (feat. Young Jeezy),"USHER, Jeezy",2008,259720,False,74
Cinderella Rockefella,Esther and Abi Ofarim,1992,148666,False,28
"Home (with Machine Gun Kelly, X Ambassadors & Bebe Rexha)","mgk, X Ambassadors, Bebe Rexha",2017,202804,False,69
Something,Lasgo,2001,220973,False,44
I Get Around (Mono),The Beach Boys,1964,134386,False,63
With You,Jessica Simpson,2003,191826,False,50
Solitude Is Bliss,Tame Impala,2010,235840,False,0
Last Night,Good Charlotte,2010,220826,False,47
What Do You Mean?,Justin Bieber,2015,205680,False,79
The Way You Make Me Feel - 2012 Remaster,Michael Jackson,1987,298120,False,68
Never on the Day You Leave,John Mayer,2017,220866,False,46
Same Old Girl,Darryl Cotton,1980,291025,False,18
Scream,"Michael Jackson, Janet Jackson",1995,278293,True,58
Way Down Yonder In New Orleans,Freddy Cannon,2012,153360,False,0
Little Secrets,Passion Pit,2009,238973,False,0
If I Could Change Your Mind,HAIM,2013,230453,False,46
Harley & Rose,The Black Sorrows,1990,234800,False,44
Manic Monday,The Bangles,1986,184160,False,57
End Of The Line,Traveling Wilburys,1988,209520,False,0
Love on the Weekend,John Mayer,2017,211840,False,30
SoulMate,Justin Timberlake,2018,196231,False,37
I'm Too Sexy,Right Said Fred,1992,170466,False,1
Slow Twistin',Chubby Checker,1962,164853,False,24
Take Me Out,Franz Ferdinand,2004,239026,False,0
Shakedown,Bob Seger,2003,241946,False,0
London Still - Original,The Waifs,2002,226733,False,0
I'm Yours,Elvis Presley,1962,140840,False,24
Take Cover,Jordie Ireland,2017,246363,False,0
Together Again,Janet Jackson,1997,301200,False,1
I've Never Been To Me,Charlene,1982,234773,False,58
Wake up,Benedict,2021,246464,False,0
Beep Beep Beep,Tiga,2009,229760,False,0
Streets Of Your Town,The Go-Betweens,2012,219360,False,30
Never Gonna Fall in Love Again - Live,Mark Holden,2005,300240,False,6
Trust Fund Baby,Why Don't We,2018,184460,False,58
Echo Beach,Martha and the Muffins,1980,219866,False,55
Only Want You (feat. 6LACK),"Rita Ora, 6LACK",2019,192439,False,37
Lonely Boy,The Black Keys,2011,193653,False,77
Change in Mood,Kids In The Kitchen,1985,225333,False,33
I Wanna Sex You Up - Single Mix,Color Me Badd,1991,236946,False,60
Last Song,Edward Bear,2011,190266,False,19
Anywhere For You,John Martin,2014,213928,False,0
If I Could,1927,1988,221733,False,0
Believe,Cher,1998,239026,False,77
Don't Be Stupid (You Know I Love You),Shania Twain,1997,213693,False,0
Talk Like That,The Presets,2008,220906,False,0
Where I'm Going,Cut Copy,2011,214106,False,0
Absolute Beginners - 2002 Remaster,David Bowie,1986,337666,False,51
Let's Hang On,Barry Manilow,2010,186906,False,16
21,Hunter Hayes,2015,194480,False,1
Hey Girl,"Lady Gaga, Florence Welch",2016,255413,False,0
This Is Me (From the Greatest Showman),Kesha,2017,234886,False,51
Praise You,Fatboy Slim,2006,227973,False,0
What Do You Mean?,Justin Bieber,2015,207546,False,0
When I'm With You,Sparks,1980,348733,False,33
Black and Blue,Chain,2007,291266,False,21
Monster (Shawn Mendes & Justin Bieber),"Shawn Mendes, Justin Bieber",2020,178994,False,67
Thinking out Loud,Ed Sheeran,2014,281560,False,80
Sign of the Times,Harry Styles,2017,340706,False,1
Bust Your Windows,Jazmine Sullivan,2008,266306,False,60
"Still Falling For You - From ""Bridget Jones's Baby""",Ellie Goulding,2016,240867,False,66
You Were Right,RÜFÜS DU SOL,2016,239417,False,46
Have I the Right,The Honeycombs,1993,178040,False,36
First Of May,Bee Gees,1969,170493,False,0
Wide Awake,Katy Perry,2012,220946,False,75
I Kissed A Girl,Katy Perry,2008,179640,False,58
It's a Long Way to the Top,Highway to Hell,2012,339653,False,7
Linger,The Cranberries,2002,274773,False,0
Always On Time,"Ja Rule, Ashanti",2001,244970,False,51
Calling Occupants Of Interplanetary Craft (The Recognized Anthem Of World Contact Day),Carpenters,1977,425893,False,0
You Make Me Feel... (feat. Sabi),"Cobra Starship, Sabi",2011,215693,False,69
Latch,"Disclosure, Sam Smith",2013,255631,False,0
Invincible (feat. Kelly Rowland),"Tinie Tempah, Kelly Rowland",2010,201026,False,36
Jailhouse Rock,Elvis Presley,1958,146480,False,65
Last Nite,The Strokes,2001,193506,False,74
Happiness,Alexis Jordan,2011,243666,False,57
Bring It All Back,S Club,1999,213600,False,0
I'm Like A Bird,Nelly Furtado,2008,243160,False,0
Another Love Song,Ne-Yo,2017,211022,False,0
Why Don't You,Gramophonedzie,2010,171020,False,0
Innocent Eyes,Delta Goodrem,2003,233693,False,37
Days Go By - Radio Edit,Dirty Vegas,2002,222800,False,42
Run to Paradise,Choirboys,1987,251586,False,59
Down Under,Men At Work,1996,220866,False,66
Head over Feet - 2015 Remaster,Alanis Morissette,2015,267293,False,33
Search My Heaven,Aleesha Rome,2000,234226,False,0
You Took The Words Right Out of My Mouth (Hot Summer Night),Meat Loaf,1977,304440,False,55
Oh Na Na,"Camila Cabello, Myke Towers, Tainy",2021,203652,False,51
Careless Whisper,George Michael,1998,300106,False,78
Hey Mama,Black Eyed Peas,2003,214893,False,0
Bizarre Love Triangle,New Order,1986,263213,False,64
"Swan Song - From the Motion Picture ""Alita: Battle Angel""",Dua Lipa,2019,182074,False,54
It Hurts To Be In Love,Gene Pitney,2019,154026,False,0
One's On The Way - Single Version,Loretta Lynn,2006,157573,False,0
Early Warning,Baby Animals,1991,236106,False,38
Bent - 2007 Remaster,Matchbox Twenty,2007,257399,False,26
This City - Luca Schreiner Remix,"Sam Fischer, Luca Schreiner",2020,176666,False,36
Cool for the Summer,Demi Lovato,2015,214739,False,44
Firestarter,Samantha Jade,2013,197106,False,35
Never Say Never,The Fray,2009,256613,False,66
Young And Beautiful [Lana Del Rey vs. Cedric Gervais] - Cedric Gervais Remix Radio Edit,"Lana Del Rey, Cedric Gervais, Carlos Cid",2014,227114,False,0
Price Tag,"Jessie J, B.o.B",2011,221240,False,44
It Just Won't Do - Radio Edit,"Tim Deluxe, Sam Obernik",2011,198000,False,60
Jet Lag (feat. Natasha Bedingfield),"Simple Plan, Natasha Bedingfield",2011,204526,False,62
Shut Up,Black Eyed Peas,2003,296186,False,0
Unholy (feat. Kim Petras),"Sam Smith, Kim Petras",2022,156943,False,77
When I Look At You,Alex Edmonds,2011,245761,False,27
Pills N Potions,Nicki Minaj,2014,268000,False,36
Someone New,Hozier,2014,222813,False,74
Kokomo,The Beach Boys,2003,217692,False,69
Take Me Home,Phil Collins,1998,352573,False,0
Water Song/Janie's Got A Gun,Aerosmith,1989,338840,False,42
Treat You Better,Shawn Mendes,2016,187973,False,0
Yesterday Once More,Carpenters,1973,233533,False,0
"Girl, You'll Be a Woman Soon",Urge Overkill,1992,189626,False,0
Round Round,Sugababes,2002,237053,False,0
Mess Her Up,Amy Shark,2018,208240,False,44
The Sound of Silence - Electric Version,Simon & Garfunkel,1966,185253,False,49
"Sitting, Waiting, Wishing",Jack Johnson,2005,183720,False,66
A Well Respected Man - Mono Mix,The Kinks,1997,161880,False,0
The King of Wishful Thinking,Go West,1992,241760,False,0
Mack the Knife,Bobby Darin,1959,184333,False,59
Wind Beneath My Wings,Bette Midler,1988,293853,False,60
"I See Fire - From ""The Hobbit - The Desolation Of Smaug""",Ed Sheeran,2013,300840,False,8
What It's Like,Everlast,1998,304306,False,0
Stan,"Eminem, Dido",2005,404426,True,0
She's A Lady,Tom Jones,1971,174146,False,65
When I'm Gone,Eminem,2005,281133,True,0
Showing Out (Get Fresh At the Weekend) [7''Version],Mel & Kim,1991,214866,False,0
Far Away,Cut Copy,2008,296320,False,0
Stickwitu - Avant Mix,"The Pussycat Dolls, Avant",2006,194693,False,0
Shake It Off,Taylor Swift,2014,219200,False,69
On Top,Johnny Ruffo,2012,219080,False,24
Happy Now,"Zedd, Elley Duhé",2018,207029,False,62
Good Golly Miss Molly,Creedence Clearwater Revival,1969,161853,False,56
Thunderstruck,AC/DC,1990,292880,False,84
It's Hard to Be Humble,Mac Davis,1974,256720,False,42
Are You Gonna Be My Girl?,Jet,2003,213800,False,0
Please Forgive Me,Bryan Adams,2013,355626,False,0
Bad Memories,"MEDUZA, James Carter, Elley Duhé, FAST BOY",2023,147629,False,73
human,Christina Perri,2013,250706,False,51
Breakaway,Kelly Clarkson,2004,237000,False,60
Modern Girl - 2014 Remastered Version,James Freud,2016,201360,False,0
Lovefool,The Cardigans,1996,193953,False,79
Let Me Love You (Until You Learn To Love Yourself),Ne-Yo,2012,251626,False,67
Candida,"The Dawn, Tony Orlando & Dawn",1970,182973,False,47
"Eh, Eh (Nothing Else I Can Say)",Lady Gaga,2008,175360,False,49
Rip It Up,28 Days,2000,219053,True,44
GDFR (feat. Sage the Gemini & Lookas),"Flo Rida, Sage The Gemini, Lookas",2015,190185,False,69
All Star,Smash Mouth,1999,200373,False,78
Beautiful to Me,Little Birdy,2004,209693,False,0
(Remember The Days Of The) Old Schoolyard,Yusuf / Cat Stevens,1977,164826,False,0
Rise & Fall,Justice Crew,2012,223360,False,28
Superheroes,The Script,2014,243906,False,0
Insensitive,Jann Arden,1994,256026,False,0
The Happiest Girl in the Whole U.S.A.,Donna Fargo,2000,149250,False,8
Brimful of Asha,Cornershop,1997,247960,False,0
That Don't Impress Me Much,Shania Twain,1997,238706,False,0
Anywhere,Passenger,2016,216206,False,53
All Night Long (All Night) - Single Version,Lionel Richie,2003,260426,False,55
Softly Whispering I Love You,Mike Curb Congregation,1972,180446,False,18
Walk Of Life,Dire Straits,1985,249960,False,0
TV In The Morning,DNCE,2018,224600,False,35
Regulate,"Warren G, Nate Dogg",2015,251826,False,0
One (Remastered),Metallica,1988,447440,False,0
Everybody Loves Me But You,Brenda Lee,2000,151066,False,0
Purple Hat,Sofi Tukker,2019,178369,False,2
Too Close,Alex Clare,2011,256613,False,59
Into The Galaxy,Midnight Juggernauts,2007,294480,False,0
Boogie Woogie Bugle Boy,Bette Midler,1972,137173,False,36
Promiscuous,"Nelly Furtado, Timbaland",2006,242293,False,82
Popcorn,Crazy Frog,2005,192373,False,0
Joy You Bring,Shaggy,2000,209093,False,32
When You Know,Robbie Williams,2016,260813,False,20
I Don't Care (with Justin Bieber),"Ed Sheeran, Justin Bieber",2019,219946,False,72
Goodbye,Spice Girls,2000,275426,False,52
In the Year 2525 (Exordium & Terminus),Zager & Evans,1969,199653,False,46
Faded,Alan Walker,2015,212626,False,1
my ex's best friend (with blackbear),"mgk, blackbear",2020,138970,True,0
You're My World (Il Mio Mondo) - Mono,Cilla Black,2009,178653,False,5
It's All Been Done,"Barenaked Ladies, Tom Lord-Alge",1998,206000,False,54
King Of The Road,Roger Miller,1965,147306,False,60
Somebody To Love - Remastered 2011,Queen,1976,296480,False,0
Bodies,Robbie Williams,2009,243859,False,46
I'm a Mess,Bebe Rexha,2018,195519,False,0
Little Red Rooster,Sam Cooke,1963,171826,False,35
Chariots Of Fire,Vangelis,1989,211208,False,0
Wired for Sound - 2001 Remaster,Cliff Richard,1981,218400,False,37
Shine,Shannon Noll,2005,213986,False,36
Who Are You,The Who,1978,378706,False,0
Paradise,Bazzi,2019,168080,False,43
Spicks and Specks - 2012 Remaster,Bee Gees,1966,181453,False,36
Rock DJ,Robbie Williams,2000,258560,False,66
To Be With You,Mr. Big,2000,208066,False,0
When We Were Young,Adele,2016,290900,False,0
"Hello Muddah, Hello Fadduh! (A Letter from Camp)",Allan Sherman,2016,174653,False,2
Come Out and Play,The Offspring,1994,197800,False,71
Belfast Child - Remastered 2002,Simple Minds,1989,402173,False,53
Beast of Burden,Bette Midler,1983,225866,False,47
El Paso,Marty Robbins,1996,261466,False,23
Charlie Brown,Coldplay,2011,285159,False,69
Big Me,Foo Fighters,2009,132333,False,42
Every Time I Think of You,The Babys,1978,239160,False,0
Kissin' in the Back Row of the Movies,The Drifters,2004,211720,False,40
Long Live the Summer,Shannon Noll,2019,203105,False,17
Grace Kelly,MIKA,2006,187733,False,69
Take Back The City,Snow Patrol,2008,278306,False,45
"Right Here, Right Now",Fatboy Slim,1998,388026,False,0
Children Of The Revolution,T. Rex,1973,150133,False,40
You Raise Me Up,Westlife,2005,241066,False,0
You Give Love A Bad Name,Bon Jovi,1986,222706,False,81
Sky High,Jigsaw,1975,171586,False,0
Around the World (La La La La La) - Radio Version,"A Touch Of Class, Pete Konemann",2000,214533,False,67
Pride and Joy,Normie Rowe,2007,121466,False,2
Hush Hush; Hush Hush,The Pussycat Dolls,2008,253600,False,0
Can't You See,The Marshall Tucker Band,1973,365093,False,65
Cigarettes Will Kill You,Ben Lee,1998,230373,False,0
Made You Look,Meghan Trainor,2022,134256,False,80
And I Love Her - Remastered,The Beatles,1964,149693,False,0
"Believe It or Not (Theme from ""Greatest American Hero"")",Joey Scarbury,1981,195293,False,51
Candle,Guy Sebastian,2016,196262,False,16
Alone,Alan Walker,2016,161200,False,60
Killing Me Softly With His Song,Fugees,1996,298773,False,0
The Way,Fastball,1998,257093,False,62
Boogie Wonderland (with The Emotions),"Earth\, Wind & Fire, The Emotions",1992,287866,False,0
Oh (feat. Ludacris),"Ciara, Ludacris",2004,256346,False,64
Addicted To Love - Remix,"Robert Palmer, Eric 'ET' Thorngren",1989,265266,False,31
Never Be The Same Again - Single Mix,"Melanie C, Lisa ""Left Eye"" Lopes",1999,254973,False,34
Love Will Never Do (Without You),Janet Jackson,1989,349693,False,39
Farewell Rocketship,Children Collide,2008,225840,False,35
Pretty Flamingo,Manfred Mann,1966,150106,False,0
Wake Me Up - Radio Edit,Avicii,2013,247426,False,3
Spin That Wheel - First Feel Mix,"Hi Tek 3, Ya Kid K",2011,220360,False,0
What's Your Flava? - Radio Edit,Craig David,2017,218413,False,24
We Are Done,The Madden Brothers,2014,216467,False,0
No Particular Place To Go,Chuck Berry,1964,163000,False,62
Just A Little Bit Of Your Heart,Ariana Grande,2014,232586,False,20
I Don't Think So,Kelis,2006,182973,False,0
Streets,Doja Cat,2019,226986,False,44
My First Kiss (feat. Ke$ha),"3OH!3, Kesha",2010,192440,False,59
Harlem Shake,Baauer,2013,196664,False,53
Gonna Make You a Star,David Essex,1974,212906,False,35
Touch,Noiseworks,1992,303533,False,31
Stop Me (feat. Daniel Merriweather),"Mark Ronson, Daniel Merriweather",2007,232946,False,41
The Horses - 2017 Remastered,Daryl Braithwaite,2017,256959,False,22
"Tonight My Love, Tonight",Paul Anka,2000,128066,False,30
Play,"DR., Kaelo Mula, Big Steppa",2021,195996,True,0
Lookin' Out My Back Door,Creedence Clearwater Revival,1970,152453,False,57
Without Me,Eminem,2005,291213,True,0
Give Me One Reason - 2015 Remaster,Tracy Chapman,2015,268240,False,39
Clark Griswold,"Hilltop Hoods, Adrian Eagle",2018,227106,False,0
Champagne Showers,"LMFAO, Natalia Kills",2011,264093,False,51
Jump Around,House Of Pain,1994,214946,False,2
California King Bed,Rihanna,2010,251613,False,57
Straight Lines,Silverchair,2007,258413,False,54
Unwell - 2007 Remaster,Matchbox Twenty,2007,237266,False,54
Wonderful Life,Black,1987,287933,False,64
Some Nights,fun.,2012,277040,True,67
Grenade - Acoustic,Bruno Mars,2011,249535,False,0
Do It With Madonna,The Androids,2003,227760,False,0
I Love You Always Forever,Betty Who,2017,223160,False,51
Best of You,Foo Fighters,2005,255626,False,73
Free Fallin',Tom Petty,1989,256000,False,75
Red Roses for a Blue Lady (Rerecorded),Vic Dana,2008,163786,False,7
Under The Water,Merril Bainbridge,1995,253266,False,31
She's The One,Robbie Williams,1998,258026,False,66
Don't You Know Who I Am? - Remastered,Small Mercies,2008,236146,False,2
Blue (Da Ba Dee) - DJ Ponte Ice Pop Radio,Eiffel 65,1998,283747,False,0
E.T.,"Katy Perry, Kanye West",2012,229573,False,65
Brown Sugar - Remastered 2009,The Rolling Stones,1971,228666,False,65
Flowers,Miley Cyrus,2023,200454,False,27
Lay Back in the Arms of Someone,Smokie,1977,245106,False,50
Letter,Marques Houston,2009,223613,False,8
Chase the Sun,Planet Funk,2002,233040,False,0
The Real Thing,Russell Morris,1978,380333,False,37
"For All We Know - From ""Lovers And Other Strangers"" Soundtrack",Carpenters,1971,158933,False,0
New Sensation,INXS,2012,220160,False,0
Mad World,Tears For Fears,1983,215400,False,0
Skyfall,Adele,2012,286480,False,84
It Wasn't Me,"Shaggy, Rik Rok",2008,227546,False,56
Nobody's Fool,Cinderella,1986,287400,False,0
Level of Concern,Twenty One Pilots,2020,220051,False,62
Bad Influence,P!nk,2008,216293,False,40
Lay Down Your Guns,Jimmy Barnes,1990,241560,False,36
A Swingin' Safari,Billy Vaughn,1992,133773,False,19
Jackie Chan,"Tiësto, Dzeko, Preme, Post Malone",2018,215675,False,44
Jack & Diane,John Mellencamp,1982,254493,False,71
Don't Stop (Color on the Walls),Foster The People,2011,174920,False,59
Don't Stop Movin' - Radio Mix,"Livin' Joy, A. Manetta",1997,215226,False,47
Rock On,David Essex,1996,202600,False,36
Reeling In The Years,Steely Dan,1985,278800,False,38
I'm Not Alone - Radio Edit,Calvin Harris,2009,210973,False,56
Love Is Like Oxygen,Sweet,2015,224946,False,44
imagine,Ariana Grande,2018,212266,False,31
Wheels,Foo Fighters,2009,278213,False,59
Theme from S-Express,S'Express,2007,234080,False,34
Damn I Wish I Was Your Lover,Sophie B. Hawkins,2003,323400,False,45
Down Again,The Superjesus,1998,313226,False,37
Kings & Queens,Ava Max,2020,162398,False,1
Ruby,Kaiser Chiefs,2007,204200,False,0
willow - dancing witch version (Elvira remix),"Taylor Swift, ELVIRA",2020,184819,False,54
Georgia,Vance Joy,2014,230506,False,60
I'll Take You Home Again Kathleen,Lieutenant Pigeon,2008,170986,False,11
If I Were a Boy,Beyoncé,2008,249866,False,67
Slow,Kylie Minogue,2003,193666,False,33
Heaven & Hell - US Single Version,The Easybeats,1967,162106,False,0
Tightrope,WALK THE MOON,2012,209186,False,23
Omen,"Disclosure, Sam Smith",2015,230250,False,0
Have You Ever Been in Love - 2010 Remastered Version,Leo Sayer,2010,228226,False,14
Don't Trust Me,3OH!3,2019,194613,False,32
One Chance To Dance,"Naughty Boy, Joe Jonas",2017,204480,False,0
Ca plane pour moi,Plastic Bertrand,1998,182133,False,1
Lost It All,Birdy,2016,227160,False,26
Love Story,Taylor Swift,2008,235280,False,54
Heart-Shaped Box,Nirvana,2002,279040,False,0
Doctor Jones - Original Version,Aqua,1997,203200,False,0
Beatnik Fly,"Johnny & The Hurricanes, Johnny Paris",2010,134773,False,0
Thunderstruck,Highway to Hell,2012,295395,False,20
Hold Me,Fleetwood Mac,1988,225333,False,61
Single Ladies (Put a Ring on It),Beyoncé,2008,192586,False,68
Never Gonna Give You Up,Rick Astley,1987,212826,False,2
Will You Be There (In The Morning),Heart,1993,269800,False,37
Beautiful Day,U2,2000,248400,False,71
What Lovers Do (feat. SZA),"Maroon 5, SZA",2017,199849,False,0
Hit 'Em Up Style (Oops!),Blu Cantrell,2003,250493,False,49
Calypso,Spiderbait,1996,111293,False,51
Turn Me Loose (feat. Savage),"Young Divas, Savage",2007,230453,False,34
Don't Cry - Remastered,Human Nature,2001,267946,False,9
I'm Real,Jennifer Lopez,2001,297973,False,41
Malibu Nights,LANY,2018,286928,False,73
Fools Gold - Remastered 2009,The Stone Roses,1989,594453,False,57
I Get a Kick Out of You,Gary Shearston,1974,222120,True,8
Abuse Me,Silverchair,1997,239893,False,43
Break Up Song,Little Mix,2020,200299,False,0
Ice Ice Baby,Vanilla Ice,1990,271466,False,60
The Ballad of Mona Lisa,Panic! At The Disco,2011,226680,False,65
Day 'N' Nite,"Kid Cudi, Crookers",2020,166600,False,20
Riptide,Vance Joy,2014,201733,False,70
Devil Inside,INXS,1987,313706,False,53
Royals,Lorde,2013,190185,False,0
The Special Two,Missy Higgins,2004,265173,False,49
The Longest Time,Billy Joel,1983,217906,False,63
Heartbreaker (feat. Jay-Z),"Mariah Carey, JAY-Z",1999,285706,False,62
Circus - Remastered,Britney Spears,2014,191746,False,30
Down,"Jay Sean, Lil Wayne",2009,212106,False,2
Listen With Your Heart,Casey Donovan,2004,241786,False,0
No Rain,Blind Melon,1992,217106,False,74
Tell Her About It,Billy Joel,1983,229200,False,56
I Like It Like That (feat. New Boyz),"Hot Chelle Rae, New Boyz",2011,188200,False,55
Love Sex Magic (feat. Justin Timberlake),"Ciara, Justin Timberlake",2009,220426,False,53
Touch It,Monifah,2017,283933,False,24
Everytime,Britney Spears,2003,230306,False,64
Can I Get A Witness,"Sam Brown, Pete Brown",1988,181600,False,17
Wooden Heart,Joe Dowell,2013,124447,False,0
You Keep Me Hangin' On,The Supremes,1967,163280,False,54
Tutti Frutti,Little Richard,1957,144226,False,63
Everybody's Fool,Evanescence,2003,195880,False,0
Sunroof,"Nicky Youre, dazy",2021,163025,False,11
Be Alright,Ariana Grande,2016,179293,False,0
Never Let You Go,Evermore,2006,257453,False,0
That's the Way It Is,Céline Dion,2008,242893,False,0
Jerk It Out,Caesars,2002,195666,False,68
We Belong,Pat Benatar,1984,221133,False,66
Mr Mysterious - Single Version,"Vanessa Amorosi, Seany B",2010,224133,False,0
Escaping,Margaret Urlich,1989,276933,False,32
Time of Our Lives,"Pitbull, Ne-Yo",2014,229360,True,83
Kentucky Rain,Elvis Presley,1969,195720,False,51
If I Ain't Got You,Alicia Keys,2003,228706,False,0
One,Harry Nilsson,2017,141960,False,0
Magic,Ladyhawke,2009,207106,False,39
Said I Loved You...But I Lied,Michael Bolton,2009,302853,False,0
Two of Hearts,Stacey Q,1986,239693,False,60
Give Me Everything (feat. Nayer),"Pitbull, AFROJACK, Ne-Yo, Nayer",2011,252306,False,85
All For You,Keith Urban,2010,217942,False,16
Planets,Short Stack,2010,211866,False,0
We Don't Talk Anymore - 2001 Remaster,Cliff Richard,1979,257160,False,51
Hideaway,Kiesza,2014,251986,False,63
See the Day,Dee C. Lee,1986,281573,False,29
Come to Me (feat. Nicole Scherzinger),"Diddy, Nicole Scherzinger",2006,276786,True,49
Breaking Up the Girl - Remastered 2021,Garbage,2001,213136,False,10
"Puff, the Magic Dragon","Peter\, Paul and Mary",1963,206866,False,55
Stimulation,Wa Wa Nee,1986,235760,False,28
Ladies Night - Single Version,Kool & The Gang,2005,207533,False,0
Straight Back Down,Dean Lewis,2019,205346,False,43
Where Do Broken Hearts Go,Whitney Houston,2012,276680,False,0
Don't Be so Hard on Yourself,Jess Glynne,2015,211460,False,58
The Star,Ross D. Wylie,2016,211826,False,19
Logic,Operator Please,2010,208600,False,10
OK Not To Be OK,"Marshmello, Demi Lovato",2020,159862,False,60
Mo Money Mo Problems,"The Notorious B.I.G., Mase, Diddy",2015,253000,False,0
Save Your Kisses For Me,Brotherhood of Man,2005,184733,False,25
Teardrop,"Massive Attack, Elizabeth Fraser",1998,330773,False,70
I Feel Love,Donna Summer,1977,355173,False,54
How Do You Sleep?,Sam Smith,2019,202204,False,66
Sucker DJ (I Will Survive),Dimples D.,2013,305586,False,0
So Good (feat. Ty Dolla $ign),"Zara Larsson, Ty Dolla $ign",2017,166706,False,46
(Everything I Do) I Do It For You,Bryan Adams,1991,393640,False,0
Your Love Still Brings Me To My Knees,Marcia Hines,1981,212773,False,28
Girl On Fire (feat. Nicki Minaj) - Inferno Version,"Alicia Keys, Nicki Minaj",2012,270720,False,52
"I'm Not a Girl, Not Yet a Woman",Britney Spears,2001,231066,False,57
Despacito - Remix,"Luis Fonsi, Daddy Yankee, Justin Bieber",2019,230413,False,68
Something New,"Axwell /\ Ingrosso, Axwell, Sebastian Ingrosso",2017,247146,False,54
drivers license,Olivia Rodrigo,2021,242013,True,19
She Wolf (Falling to Pieces) [feat. Sia],"David Guetta, Sia",2012,222500,False,65
This Girl - Kungs Vs. Cookin' On 3 Burners,"Kungs, Cookin' On 3 Burners",2016,195561,False,0
Part 3 Into Paper Walls,Russell Morris,2013,422213,False,8
It's Like That,"Run–D.M.C., Jason Nevins",2007,249786,False,36
Soldier Boy,The Shirelles,2009,162013,False,0
Travelin' Man - Remastered,Ricky Nelson,1991,142933,False,36
Have A Nice Day,Bon Jovi,2005,229106,False,0
California Blue,Roy Orbison,1989,235906,False,50
Back Street Pick Up,The Angels,1990,262640,False,0
Why Can't This Be Love,Van Halen,1986,227693,False,65
Falling Up,Dean Lewis,2021,206947,False,51
I Love You More and More Every Day - Remastered,Al Martino,2018,135709,False,0
Midnight Memories,One Direction,2013,176320,False,63
The Reason,Hoobastank,2010,233053,False,0
Time (Clock Of The Heart) - Remastered 2003,Culture Club,2002,224493,False,34
See You Again (feat. Charlie Puth),"Wiz Khalifa, Charlie Puth",2016,229525,False,55
Price Tag,"Jessie J, B.o.B",2011,223053,False,59
Eyes Closed,Ed Sheeran,2023,194848,False,4
How To Be Lonely,Rita Ora,2020,175213,False,23
Beating Heart,Ellie Goulding,2014,212125,False,40
Let The Four Winds Blow - Remastered 2002,Fats Domino,2007,140106,False,15
How Do You Do It? - Mono,Gerry & The Pacemakers,1997,114986,False,46
BED,"Joel Corry, RAYE, David Guetta",2021,178088,False,50
Escape (The Pina Colada Song),Rupert Holmes,1979,276493,False,73
Hurts So Good,Astrid S,2016,208728,False,0
bury a friend,Billie Eilish,2019,193143,False,0
Prisoner of Society,Freedom Under XRay,2004,238733,False,2
A-Punk,Vampire Weekend,2008,137760,False,20
Mission Bell,Donnie Brooks,2014,148613,False,18
Saturday Night at the Movies,The Drifters,1965,153626,False,54
Bad Medicine,Bon Jovi,2010,316520,False,0
Daydream Believer,The Monkees,1968,179613,False,65
Living In A Child's Dream,The Master's Apprentices,1988,158066,False,16
Love An Adventure,Pseudo Echo,1985,256281,False,20
Kissin' Cousins - 2003 Sony Remaster,"Elvis Presley, The Jordanaires",2007,131746,False,9
Unbelievable,EMF,1991,209813,True,0
Run to You,Whitney Houston,1992,264333,False,62
Hell No!,Ricki-Lee,2008,194351,False,2
"I Can't Help Myself (Sugar Pie, Honey Bunch)",Four Tops,1965,160280,False,0
Reuben James,Kenny Rogers & The First Edition,2016,169106,False,0
"Flashlight - From ""Pitch Perfect 2"" Soundtrack",Jessie J,2015,208666,False,67
I Wanna Be the Only One (feat. Bebe Winans),"Eternal, Bebe Winans",2002,216693,False,36
Hungry Like the Wolf - 2009 Remaster,Duran Duran,1982,220626,False,72
Coz I Luv You,Slade,1973,205626,False,0
Somebody Dance with Me,DJ BoBo,2014,212893,False,0
Blame It on Me,George Ezra,2014,195546,False,0
Apeman - 2014 Remastered Version,The Kinks,2014,233400,False,0
Lily Was Here (feat. Candy Dulfer),"Dave Stewart, Candy Dulfer",1990,260200,False,52
Turn Me On (feat. Nicki Minaj),"David Guetta, Nicki Minaj",2012,199680,False,65
Where Or When,Dion & The Belmonts,2001,157800,False,0
My Own Way - 2009 Remaster,Duran Duran,1982,290746,False,40
I Miss You (feat. Julia Michaels),"Clean Bandit, Julia Michaels",2017,205747,False,0
Rock & Roll I Gave You The Best Years Of My Life,Kevin Johnson,1972,326331,False,0
Because I Love You (The Postman Song),Stevie B,2014,306828,False,22
Let Go,Brian Cadd,2018,258986,False,0
Sealed with a Kiss,Bobby Vinton,2004,168866,False,44
Omen - Radio Edit,"Disclosure, Sam Smith",2015,196817,False,0
The Loco-Motion,Little Eva,2001,148089,False,1
edamame,"bbno$, Rich Brian",2021,133706,True,6
Redbone,Childish Gambino,2016,326933,True,0
Ben - Single Version,Michael Jackson,1972,165160,False,59
The Zephyr Song,Red Hot Chili Peppers,2002,231933,False,47
Under Pressure - Remastered 2011,"Queen, David Bowie",1982,248440,False,71
The Buzz (feat. Mataya & Young Tapz),"Hermitude, Mataya, TAPZ GALLANTINO",2016,221857,False,0
Mustang Sally,"The Commitments, Andrew Strong",1991,241866,False,55
"Me, Myself & I","G-Eazy, Bebe Rexha",2015,251466,True,80
Hurricane,Parachute,2013,250880,False,22
Body II Body,Samantha Mumba,2000,239400,False,31
Centuries,Fall Out Boy,2015,228360,False,79
Señorita,Justin Timberlake,2002,294866,False,66
Love & Pride,King,1984,201386,False,46
Original Sin,INXS,2011,317240,False,44
Body,"Loud Luxury, Brando",2018,163216,False,1
The Business,Tiësto,2020,164000,False,72
You Ain't Seen Nothing Yet,Bachman-Turner Overdrive,1993,232466,False,0
Dakota,Stereophonics,2008,298253,False,0
Blackout,Breathe Carolina,2011,210200,False,0
The Sound Of Breaking Up,Paul Mac,2001,205960,False,18
Thrift Shop (feat. Wanz),"Macklemore & Ryan Lewis, Macklemore, Ryan Lewis, Wanz",2012,235982,False,51
Gold,Kiiara,2015,225882,False,49
Paris,The Chainsmokers,2017,221520,False,63
Tragedy,Steps,1998,271920,False,0
The Show,Lenka,2008,235693,False,55
Psycho,Mia Rodriguez,2020,176160,False,0
One Perfect Day,The Little Heroes,1982,220685,False,38
Hey Joe,Jimi Hendrix,1997,209813,False,45
Nobody but Me,Michael Bublé,2016,179640,False,43
The Power Of Love,Huey Lewis & The News,2006,234333,False,74
Say So,Doja Cat,2019,237893,True,74
The Best We Got,The Rubens,2012,234710,False,0
Higher Ground,Stevie Wonder,1973,222600,False,63
Glory Days,Bruce Springsteen,1984,254733,False,71
Ring My Bell,Collette,1989,210600,False,16
Try to Remember,New World,2011,180773,False,0
Can't You See That She's Mine - 2019 - Remaster,The Dave Clark Five,1964,141880,False,0
I Wanna Love You Forever,Jessica Simpson,1999,263800,False,52
"Shout, Pts. 1 & 2",The Isley Brothers,1959,268560,False,55
Hey There Lonely Girl,Shaun Cassidy,1977,215066,False,20
Mr. Know It All,Kelly Clarkson,2011,232520,False,46
Harder to Breathe,"Love\, Marco",2020,165666,False,19
If I Were A Carpenter,Swanee,1982,208993,False,15
It's a Heartache,Bonnie Tyler,2006,209760,False,2
This Ole House,Shakin' Stevens,1981,185866,False,44
I'd Do Anything For Love (But I Won't Do That) - Single Edit,Meat Loaf,1993,316466,False,58
Always,"Waze & Odyssey, George Michael, Mary J. Blige, Tommy Theo",2020,186300,False,45
Love Again,Dua Lipa,2021,258004,False,63
With Ur Love (feat. Mike Posner),"Cher Lloyd, Mike Posner",2011,226320,False,18
Only for Sheep,The Bureau,2005,219466,False,22
You Can't Always Get What You Want,The Rolling Stones,1969,448720,False,0
Breakaway,Kelly Clarkson,2004,237000,False,0
Style,WickedStranger,2021,181524,False,0
Instruction,"Jax Jones, Demi Lovato, Stefflon Don",2017,166426,False,0
Fast Fuse,Kasabian,2009,249946,False,42
Fast Car,Luke Combs,2023,265493,False,82
Sweet Surrender,Wet Wet Wet,2013,262573,False,0
Poison & Wine,The Civil Wars,2012,219466,False,42
"Lemonade (feat. Gunna, Don Toliver & NAV)","Internet Money, Gunna, Don Toliver, NAV",2020,195428,True,5
Blue (Da Ba Dee),Eiffel 65,1999,283747,False,1
Light My Fire,Amii Stewart,2012,235906,False,0
Flashing Lights,Havana Brown,2013,260806,False,9
From a Distance,Bette Midler,1990,276346,False,53
Ring Of Fire,Eric Burdon & the Animals,1968,297080,False,0
Hello Mary Lou (Goodbye Heart),Ricky Nelson,2008,139280,False,43
I Remember You,Skid Row,1989,313693,False,16
Post Malone (feat. RANI),"Sam Feldt, RANI",2019,174444,False,62
If U Seek Amy,Britney Spears,2008,216520,False,69
He Ain't Heavy He's My Brother,The Hollies,1978,258800,False,10
Breaking up Is Hard to Do,The Partridge Family,1974,153640,False,31
Baby Blue,The Echoes,2006,156813,False,22
Bang Bang,"Rita Ora, Imanbek",2021,179578,False,44
On & On,Illy,2013,187108,False,21
Mouldy Old Dough,Lieutenant Pigeon,2008,167813,False,31
You Found Me,The Fray,2008,243506,False,0
Clocks,Coldplay,2002,307879,False,82
Only Girl (In The World),Rihanna,2010,235493,False,70
What's New Pussycat?,Tom Jones,1966,128800,False,49
Officially Missing You,Tamia,2004,242466,False,49
Love Shack,The B-52's,1989,320680,False,69
If You Don't Mean It,Dean Geyer,2007,192120,False,0
Stay Awake - Radio Edit,Example,2011,204195,False,23
We Connect,Stacey Q,1986,254973,False,32
"Back in Time - featured in ""Men In Black 3""",Pitbull,2012,207440,False,22
Back for Good - Radio Mix,Take That,1995,242266,False,0
Radioactive,Imagine Dragons,2012,186813,False,72
Tribal Dance,2 Unlimited,2014,218899,False,0
Let's Go,The Cars,1979,213173,False,55
Down Among The Dead Men,Flash and the Pan,1995,289160,False,0
Peppermint Twist,Sweet,1974,208520,False,28
If I Knew,Bruno Mars,2012,132640,False,67
The Flame,Cheap Trick,1988,338800,False,63
Check On It (feat. Bun B & Slim Thug),"Beyoncé, Bun B, Slim Thug",2006,210453,False,59
Almost Is Never Enough,"Ariana Grande, Nathan Sykes",2013,327773,False,65
You're An Ocean,Fastball,2000,197866,False,37
True - Single Edit,Spandau Ballet,2008,329146,False,67
Wild Thing,The Troggs,1966,155333,False,61
Party Girl,StaySolidRocky,2020,147800,False,69
Raining In My Heart,"Buddy Holly, The Crickets",2006,167866,False,47
Right Round (feat. Ke$ha),"Flo Rida, Kesha",2009,202680,False,60
Mr. Perfectly Fine (Taylor’s Version) (From The Vault),Taylor Swift,2021,277591,False,64
Dirty Deeds Done Dirt Cheap,AC/DC,1976,231933,False,72
Attracting Flies,AlunaGeorge,2013,188592,False,0
Solo Dance,Martin Jensen,2016,174933,False,0
Superheroes,The Script,2014,245466,False,72
Sunday Morning Coming Down - Live,Johnny Cash,2002,249866,False,42
(Glad I'm Not) a Kennedy,Shona Laing,1987,207293,False,0
No One Knows,Queens of the Stone Age,2002,255066,False,0
Call on Me - Radio Mix,Eric Prydz,2004,171360,False,75
Do to You,Machinations,1988,253066,False,18
Rock Me Amadeus,Falco,1985,202236,False,63
Quicksand - Standard Version,La Roux,2009,185693,False,0
Rude,MAGIC!,2014,224840,False,82
I Shot The Sheriff,Eric Clapton,1974,263746,False,60
Let's Kiss (Like Angels Do),Wendy Matthews,1990,209466,False,27
And I Am Telling You (with Nicole Scherzinger),"Sam Bailey, Nicole Scherzinger",2014,260013,False,22
Hold Me Now,Thompson Twins,1988,429173,False,0
Sheila,Tommy Roe,2008,127773,False,24
Long As I Live,Toni Braxton,2018,290906,False,52
Blame (feat. John Newman),"Calvin Harris, John Newman",2014,212960,False,79
She Is,Lady A,2014,201426,False,0
Give It Up,Cut 'N' Move,1993,265200,False,40
Global Concepts,Robert DeLong,2012,278160,True,0
When You're Gone,Avril Lavigne,2007,240866,False,0
Nothin' But A Good Time - Remastered 2006,Poison,2009,223666,False,45
Sweet Dreams,La Bouche,2007,204586,False,61
Mr. Jones,Counting Crows,1993,272506,False,0
The Sign,Ace of Base,1993,191240,False,72
Can't Buy Me Love - Remastered 2009,The Beatles,1964,131866,False,65
Good For You,"Selena Gomez, A$AP Rocky",2015,221280,False,69
Don't Miss You,Amy Pearson,2007,199586,False,19
Peace Train,Yusuf / Cat Stevens,1971,251333,False,0
You're the Voice,John Farnham,1986,300733,False,63
Who's Gonna Save Us?,The Living End,2003,201293,False,0
Fade To Grey,Visage,1980,239359,False,0
Keep Searchin' (We'll Follow the Sun),Del Shannon,1965,128973,False,32
Sukiyaki,4 P.M.,2019,162093,False,0
Hard Times,Paramore,2017,182693,False,72
More Than We Know,Alicia Keys,2016,275786,False,29
Shut Up!,Simple Plan,2004,182986,False,56
I Want It That Way,Backstreet Boys,1999,213306,False,83
Purpose,Justin Bieber,2015,210160,False,0
Psycho,Puddle Of Mudd,2007,210653,False,63
My Baby Loves Lovin',White Plains,1994,165560,False,0
Only Love Can Hurt Like This,Paloma Faith,2014,232893,False,77
Working Class Man,Jimmy Barnes,2014,251093,False,0
Hot Chilli Woman,Noiseworks,1992,203120,False,22
To All the Girls I've Loved Before (with Willie Nelson),"Julio Iglesias, Willie Nelson",2015,211493,False,28
Busted,Claes Janson,2009,189173,False,6
You Beat Me To The Punch - Stereo Version,Mary Wells,1963,165333,False,0
2 Become 1,Spice Girls,1996,241026,False,63
Rock and Roll (Part 1),Gary Glitter,2011,184840,False,34
Eye of the Tiger,Survivor,1985,245640,False,74
The Day You Went Away,Wendy Matthews,1992,282866,False,41
"Boom, Boom, Boom, Boom! !",Vengaboys,2011,205840,False,0
Slide,The Goo Goo Dolls,2007,213200,False,49
Wherever I Go,OneRepublic,2016,169773,False,66
Hey St. Peter,Flash and the Pan,1995,264626,False,0
You Got It (The Right Stuff),New Kids On The Block,1988,249960,False,53
1973,James Blunt,2007,280026,False,68
Symphonies feat Kid Cudi,Dan Black,2010,222706,False,0
Angels,Robbie Williams,1997,265333,False,60
You've Made Me So Very Happy,"Blood\, Sweat & Tears",1968,255906,False,0
Play That Funky Music,Vanilla Ice,1990,285800,False,38
Dueling Banjos,"Eric Weissberg, Steve Mandell",1973,194879,False,47
And I Love You So,Perry Como,2004,194733,False,21
Surfin' U.S.A. - Remastered 2001,The Beach Boys,1963,149373,False,71
Bohemian Like You,The Dandy Warhols,2000,211706,False,3
The Hustle,Van McCoy & The Soul City Symphony,2001,242040,False,49
Slave To The Music,Twenty 4 Seven,2011,244066,False,34
Almost Persuaded,George Jones,2005,178026,False,12
Two Of Us,Birds Of Tokyo,2020,207015,False,35
Theme from Rush,Brian May & The ABC Showband,2017,120466,False,7
How Long Will I Love You - Bonus Track,Ellie Goulding,2014,154435,False,50
Surfin' Bird,The Trashmen,1987,137133,False,52
TiK ToK,Kesha,2010,199693,False,0
Rehab,Amy Winehouse,2006,213760,False,0
Style,Taylor Swift,2014,231000,False,77
Its A Miracle - Remastered 2012,Culture Club,1983,205360,False,47
Sealed with a Kiss,Jason Donovan,2007,152826,False,10
Whistle (While You Work It),Katy Tiz,2015,215032,False,42
Don't Start Now,Dua Lipa,2020,183290,False,81
NO,Meghan Trainor,2016,213506,False,46
All at Once,Whitney Houston,1985,268600,False,57
You should be sad,Halsey,2020,205473,True,66
Viva Las Vegas,Elvis Presley,1968,144840,False,59
Masterpiece,Jessie J,2014,220653,False,0
Sail,AWOLNATION,2011,259093,False,72
+1 (Radio Edit) [feat. Sam White],"Martin Solveig, SAM WHITE",2015,193280,False,8
Don't Forget About Us,Mariah Carey,2015,233840,False,0
Chase That Feeling,Hilltop Hoods,2009,209266,True,52
Shut Up and Dance,WALK THE MOON,2014,199080,False,59
Forever Young,Youth Group,2006,238866,False,0
I Love To Love,La Bouche,1996,237066,False,24
Boys In Town,Divinyls,1991,171973,False,28
All I Have (feat. LL Cool J),"Jennifer Lopez, LL COOL J",2002,254466,False,57
Never Tear Us Apart,INXS,1987,184586,False,72
Disturbia,Rihanna,2008,238626,False,0
I Am...I Said - Single Version,Neil Diamond,1971,213200,False,0
The Power of Love,Gabrielle Aplin,2013,245160,False,44
Live And Let Die,Guns N' Roses,1991,183973,False,0
Don't Leave Me This Way,Thelma Houston,1998,217733,False,54
"Take Me Home, Country Roads - Rerecorded",John Denver,1997,197813,False,0
Mr. Bojangles - Remastered 2001,Nitty Gritty Dirt Band,2001,215400,False,51
I Cry,Flo Rida,2012,223800,False,67
I Know,Barbara George,2013,145214,False,0
Build Me up Buttercup (Re-Recorded),The Foundations,2007,185480,False,0
Hate That I Love You,"Rihanna, Ne-Yo",2007,218946,False,56
24K Magic,Bruno Mars,2016,225983,False,57
Real World,Matchbox Twenty,2013,231693,False,41
Ain't No Doubt,Jimmy Nail,1992,247800,False,44
Money (That's What I Want) - Single Version / Mono,Barrett Strong,2004,158493,False,58
The Fear,Lily Allen,2009,207120,True,31
(I Just) Died In Your Arms,Cutting Crew,2008,275680,False,0
NDA,Billie Eilish,2021,195776,False,0
It Should Have Been Me,Yvonne Fair,2017,207373,False,9
deja vu,Olivia Rodrigo,2021,215507,False,9
Blue Jeans - 2015 Remaster,Skyhooks,2015,151693,False,29
Ashes to Ashes,Faith No More,1997,217333,False,45
That Ain't Bad,Ratcat,1990,244760,False,16
She Makes My Day,Robert Palmer,1988,262146,False,39
Burning Up,Madonna,1983,225333,False,43
Into The Night,Benny Mardones,1980,271800,False,55
Drag Me Down,One Direction,2015,192106,False,0
"Can You Feel It - 7"" Version",The Jacksons,2005,230773,False,47
The Ballad of Bonnie & Clyde,Georgie Fame,2002,188960,False,12
On The Floor - Radio Edit,"Jennifer Lopez, Pitbull",2011,230906,False,0
Lean On (feat. MØ & DJ Snake),"Major Lazer, MØ, DJ Snake",2015,176561,False,5
Some Nights,fun.,2012,277040,True,67
Upside Down,Diana Ross,1980,244826,False,0
Thrift Shop (feat. Wanz),"Macklemore & Ryan Lewis, Wanz",2012,235613,True,0
Savage,Megan Thee Stallion,2020,155497,True,65
DARE,Gorillaz,2005,244999,False,76
I Want To Hold Your Hand - Remastered 2015,The Beatles,2000,145746,False,62
Call Me When You're Sober,Evanescence,2006,214706,False,0
Amigo,Caramel Blue,2021,154737,False,0
Go Crazy,"Chris Brown, Young Thug",2020,176960,True,72
Star Wars Theme/Cantina Band,Meco,1977,212306,False,33
One Last Cry,Brian McKnight,1992,295357,False,0
Feel Like Making Love,Bad Company,2010,406023,False,38
Burn For You,INXS,2011,297826,False,24
Mountain Sound,Of Monsters and Men,2012,211453,False,61
How We Do (Party),Rita Ora,2012,246173,False,0
He's so Shy,The Pointer Sisters,1980,218320,False,50
The Wedding,Julie Rogers,2020,146040,False,0
All I Am,Jess Glynne,2018,218868,False,49
Love My Way,The Psychedelic Furs,2003,214053,False,40
Build Me Up Buttercup,The Foundations,1968,178226,False,0
We Run The Night,Havana Brown,2011,216217,False,31
You Are Not Alone - Single Version,Michael Jackson,2005,295986,False,47
Change the World - 2015 Remaster,Eric Clapton,2015,234813,False,0
You Are The Reason,Calum Scott,2018,204326,False,0
Hurt,Timi Yuro,1992,148466,False,36
Shackles (Praise You),Mary Mary,2000,196240,False,53
Astronaut In The Ocean,Masked Wolf,2019,132780,False,0
I Won't Give Up,Jason Mraz,2012,240165,False,57
You Are Everything,"The Stylistics, Russell Thompkins\, Jr.",1971,177093,False,0
Puppet On A String,Sandie Shaw,2018,146186,False,0
Flaws,Bastille,2013,218800,False,0
If I Can't Have You,Kim Wilde,2001,209373,False,0
Loud Like Love,Placebo,2013,291720,False,0
Right Here - Human Nature Radio Mix,SWV,1992,226946,False,61
Make Me Lose Control,Eric Carmen,1997,285946,False,56
Eat It,"""Weird Al"" Yankovic",2009,200626,False,43
"That Sunday, That Summer",Nat King Cole,1963,190666,False,26
Stone Cold Sober,Paloma Faith,2009,174333,False,0
Nothing's Gonna Change My Love for You,Glenn Medeiros,1987,232066,False,0
Where's Your Head At,Basement Jaxx,2001,283533,False,0
The Cave,Mumford & Sons,2009,218000,False,58
She's Like A Comet,Jebediah,2011,222893,False,0
Never Ending Song of Love,Delaney & Bonnie,1971,200466,False,37
Beds Are Burning - Remastered,Midnight Oil,1987,255680,False,69
Don't Wanna Go to Bed Now,Gabriella Cilmi,2008,189386,False,9
Shot Through The Heart,Bon Jovi,1984,265933,False,45
Mowgli's Road,MARINA,2009,192560,False,44
Anyone Who Had a Heart,Dionne Warwick,1964,184226,False,42
Superstar (feat. Matthew Santos),"Lupe Fiasco, Matthew Santos",2007,289000,False,67
Get Up Offa That Thing,James Brown,1991,250200,False,0
a thousand years,Christina Perri,2011,285120,False,53
Rubberneckin' - Paul Oakenfold Remix / Radio Edit,Elvis Presley,2003,209240,False,34
Annie's Song,John Denver,1974,180693,False,0
Bless You,Tony Orlando,2012,127066,False,5
Chicken Fried,Zac Brown Band,2008,238146,False,18
Big Yellow Taxi,"Counting Crows, Vanessa Carlton",2003,225426,False,46
We've Got Tonight,"Lulu, Ronan Keating",2004,217360,False,25
All the Wrong Places - Radio Edit,Example,2014,207866,False,26
Heaven Is A Place On Earth,Belinda Carlisle,1987,247093,False,69
80s Mercedes,Maren Morris,2015,212093,False,0
Everybody Talks,Neon Trees,2012,177280,True,76
One Week,Barenaked Ladies,1998,169760,False,18
Angel Eyes,Paulini,2004,241440,False,19
If You're Not The One,Daniel Bedingfield,2002,257026,False,0
You're So Strong,Mental As Anything,1985,209133,False,24
(I Can't Get No) Satisfaction - Mono Version / Remastered 2002,The Rolling Stones,1989,222840,False,0
Promises (with Sam Smith),"Calvin Harris, Sam Smith, Jessie Reyez",2018,213309,False,70
Somethin' Stupid,"Frank Sinatra, Nancy Sinatra",1967,162493,False,76
Never Tear Us Apart,INXS,2012,184586,False,0
Make Me (Cry),"Noah Cyrus, Labrinth",2016,242081,False,62
Stay Awake,Dean Lewis,2019,185546,False,0
Before Too Long,"Paul Kelly, The Messengers",1986,202253,False,50
Bon appétit,"Katy Perry, Migos",2017,227821,False,0
He Walks Like A Man,Jody Miller,1965,157847,False,12
O Yeah,End Of Fashion,2005,179768,False,0
O.P.P.,Naughty By Nature,2015,272200,False,0
Runaway Train (2022 Remaster),Soul Asylum,1992,266560,False,69
Blow Up The Pokies,The Whitlams,2008,204506,False,0
Sad Movies Make Me Cry,Sue Thompson,2011,199346,False,37
IDGAF,Dua Lipa,2017,217946,True,77
Mr. Big Stuff,Jean Knight,1971,164560,False,63
Happy Ending,MIKA,2007,273800,False,0
The Feeling,"Justin Bieber, Halsey",2015,244906,False,0
"Hey Baby (Uhh, ahh)","Anton, DJ Ötzi",2010,218773,False,47
Sunday Bloody Sunday,U2,1998,279493,False,0
2 Be Loved (Am I Ready),Lizzo,2022,187107,False,65
Stop,Spice Girls,1997,204753,False,65
Bitter Sweet Symphony,The Verve,2004,359546,False,60
Candy Shop,"50 Cent, Olivia",2005,209106,True,0
Mrs Brown You've Got a Lovely Daughter - 1997 Remaster,Herman's Hermits,1965,165266,False,34
Believe,Lenny Kravitz,2000,295066,False,39
Poison Ivy,Billy Thorpe & The Aztecs,2007,185026,False,24
Next To Me,Emeli Sandé,2012,196746,False,55
Talk Dirty (feat. 2 Chainz),"Jason Derulo, 2 Chainz",2013,177685,True,71
Somebody That I Used To Know,"Gotye, Kimbra",2011,244884,False,78
Sweet Sweet Love - Radio Edit,Russell Morris,1978,266640,False,31
I Hear Motion,Models,2010,331493,False,21
Own This Club,Marvin Priest,2011,201680,False,30
I Love Rock 'N Roll,Joan Jett & the Blackhearts,1981,175173,False,77
Fool in Love,Jeff St John,1978,174960,False,0
The Crusher,The Atlantics,2005,184226,False,14
Lost Cause,Billie Eilish,2021,212496,False,0
Raise Your Glass,P!nk,2010,203333,True,2
You've Never Been This Far Before,Conway Twitty,2004,181932,False,41
Right On Track,Breakfast Club,2009,256946,False,0
The Safety Dance,Men Without Hats,2013,164866,False,59
Younger Now,Miley Cyrus,2017,248773,False,50
After All These Years,Silverchair,2002,604266,False,23
"Downtown (feat. Melle Mel, Grandmaster Caz, Kool Moe Dee & Eric Nally)","Macklemore & Ryan Lewis, Macklemore, Ryan Lewis, Grandmaster Melle Mel, Grandmaster Caz, Kool Moe Dee, Eric Nally",2016,292593,True,64
Hallelujah,Alicia Keys,2016,189733,False,30
Read About It - Remastered Version,Midnight Oil,1982,232466,False,35
Be the One,Dua Lipa,2017,202914,False,64
Slow Hand,The Pointer Sisters,1981,231960,False,56
Slipping Away,"Max Merritt, The Meteors",1975,327387,False,36
Up All Night,Khalid,2019,157220,False,53
Black & Gold - Radio Edit,Sam Sparro,2008,211266,False,0
Knockin' On Heaven's Door,Guns N' Roses,1991,336000,False,77
Supalonely,"BENEE, Gus Dapperton",2019,223480,True,65
I Want To Know What Love Is - Single Edit,Tina Arena,2004,295653,False,21
The Belle of St. Mark,Sheila E.,1984,306573,False,30
Sweet Soul Music,Arthur Conley,2007,141066,False,37
Church Of The Poison Mind - Remastered 2002,Culture Club,1983,212146,False,43
Sugar Man,"Yolanda Be Cool, DCup",2014,183780,False,34
Close,"Nick Jonas, Tove Lo",2016,234213,False,45
Maggie May,Rod Stewart,1971,350266,False,0
In the Midnight Hour,Ray Brown And The Whispers,1988,147760,False,11
Sorry,The Easybeats,1966,154000,False,0
Rise & Fall (feat. Sting),"Craig David, Sting",2017,287586,False,30
More Money for You and Me - Medley,The Four Preps,2007,388466,False,4
On Top Of The World,Imagine Dragons,2012,189840,False,68
Lay Low,Tiësto,2023,153442,False,73
Need You Now,Lady A,2010,236786,False,0
Karma Chameleon - Remastered 2002,Culture Club,1983,252773,False,74
Get Down (feat. Stush & Red Rat) - Radio Edit,"Groove Armada, Stush, Red Rat",2017,202040,False,22
Burning Bridges,Jack Scott,2016,162333,False,0
Something Good,Utah Saints,1992,355880,False,0
Uprising,Muse,2009,304840,False,75
Eastside (with Halsey & Khalid),"benny blanco, Halsey, Khalid",2018,173799,False,71
Islands In The Stream,Kenny Rogers with Dolly Parton,1997,251600,False,0
When We Were Young,"Andy Black, Juliet Simms",2017,285506,False,44
I Like That,"Houston, Chingy, I-20, Nate Dogg",2004,390653,False,22
Battlefield,Jordin Sparks,2009,241920,False,53
Touch The Fire,ICEHOUSE,1987,226480,False,35
What Lovers Do (feat. SZA),"Maroon 5, SZA",2017,199849,False,0
Notion,Kings of Leon,2008,180840,False,56
Al di là,Emilio Pericoli,2016,197137,False,0
Higher,"Taio Cruz, Kylie Minogue",2011,187666,False,43
Don't Let the Sun Go Down on Me,"George Michael, Elton John",1998,346813,False,64
All Stars,"Martin Solveig, ALMA",2017,170322,False,0
From the Inside,Marcia Hines,2007,208466,False,12
Stuck In The Middle With You,Stealers Wheel,2009,203893,False,61
Hit Me With Your Rhythm Stick,"Ian Dury, The Blockheads",2010,223133,True,0
Mad About You,Bruce Ruffin,2018,208360,False,0
Seasons,Olly Murs,2014,217253,False,0
Friends & Lovers,"Gloria Loring, Carl Anderson",2008,213013,False,33
Shivers,The Screaming Jets,1992,266773,False,36
Thong Song,Sisqo,2017,253200,False,25
The Tide Is High - Radio Mix,Atomic Kitten,2003,205360,False,58
Green Tambourine,The Lemon Pipers,2001,147000,False,36
Now That We Found Love,"Heavy D & The Boyz, Aaron Hall",1991,258200,False,58
"No More ""I Love You's""",Annie Lennox,1995,291333,False,60
Need You Tonight,INXS,1987,180517,False,64
Everything Has Changed,"Taylor Swift, Ed Sheeran",2012,245413,False,0
Feelings,Morris Albert,2004,224386,False,52
Learning To Fly,Tom Petty and the Heartbreakers,1991,242106,False,0
When We Were Young,Adele,2015,290900,False,1
Wide Open Road,The Triffids,1986,248533,False,0
Hearts On Fire,Cut Copy,2008,292560,False,0
Is This How You Feel?,The Preatures,2014,214093,False,49
I Won't Tell a Soul,Charlie Puth,2015,187884,False,44
Sunsets,Powderfinger,2003,229333,False,0
Nobody I Know - Mono; 2002 Remaster,Peter And Gordon,1964,150933,False,20
Burn It Down,Ricki-Lee,2012,235131,False,1
Let Me Drink (feat. The Hamiltones & Wale),"Guy Sebastian, The HamilTones, Wale",2019,158921,False,28
Randy Scouse Git,The Monkees,2008,153653,False,26
Rivers of Babylon,Boney M.,1978,261266,False,66
Touch,Shift K3Y,2014,180840,False,41
This One's for You (feat. Zara Larsson) (Official Song UEFA EURO 2016),"David Guetta, Zara Larsson",2016,207272,False,69
In The Hall Of The Mountain King,The Offspring,2021,60093,False,35
Whole Lotta Love - 1990 Remaster,Led Zeppelin,1969,333893,False,73
Find You (feat. Jake Reese),"Topic, Jake Reese",2016,209000,False,28
20 Good Reasons,Thirsty Merc,2007,229120,False,50
You Promised Me,In-Grid,2003,222013,False,27
Moonlight Shadow - Remastered,Mike Oldfield,2013,218909,False,0
Mickey,Toni Basil,1997,253199,False,0
Stone Cold,Jimmy Barnes,1996,227666,False,0
Georgia On My Mind,Ray Charles,2012,216613,False,40
Hot In Herre,Nelly,2002,228226,True,0
One,Ed Sheeran,2014,252760,False,57
Remember the Time,Michael Jackson,1991,239226,False,73
Stand by Me,Otis Redding,1964,172333,False,69
It's Probably Me,"Sting, Eric Clapton",1994,302040,False,59
You Needed Me,Boyzone,2003,208773,False,44
Rubber Ball - (1990 - Remastered),Bobby Vee,2011,141866,False,22
Heaven Knows,Rick Price,1992,267573,False,42
Mother,Charlie Puth,2019,162864,False,47
I Wanna Know,"Alesso, Nico & Vinz",2016,240413,False,0
Treatment,Labrinth,2012,270520,False,28
Physical,Dua Lipa,2020,193829,False,74
Spiderwebs,No Doubt,1995,266733,False,0
Bam Bam (feat. Ed Sheeran),"Camila Cabello, Ed Sheeran",2022,206070,False,71
Prisoner (feat. Dua Lipa),"Miley Cyrus, Dua Lipa",2020,169333,False,1
I Send A Message,INXS,1984,202426,False,38
Fallin' For You,Colbie Caillat,2009,217240,False,0
MONTERO (Call Me By Your Name),Lil Nas X,2021,137875,False,47
What Do You Mean?,Justin Bieber,2015,207546,False,0
Something Just Like This,"The Chainsmokers, Coldplay",2017,247160,False,87
Stop And Stare,OneRepublic,2007,223853,False,0
It Ain't Me,"Kygo, Selena Gomez",2017,220773,False,0
Somebody to Love,Jefferson Airplane,1967,174840,False,71
Shadows,Midnight Juggernauts,2007,257173,False,0
"1, 2 Step (feat. Missy Elliott)","Ciara, Missy Elliott",2004,203786,False,75
Lean On (feat. MØ & DJ Snake),"Major Lazer, MØ, DJ Snake",2015,176561,False,0
The High Road,Broken Bells,2010,232200,False,61
Legs - 2008 Remaster,ZZ Top,1983,273906,False,11
Scarborough Fair/Canticle - Original,Sergio Mendes & Brasil '66,2020,200826,False,4
Paperback Writer - Remastered 2009,The Beatles,1973,139186,False,49
Show No Mercy,Mark Williams,2015,263280,False,0
Him & I (with Halsey),"G-Eazy, Halsey",2017,268866,True,75
You Don't Know Me (feat. Duane Harden) - Radio Edit,"Armand Van Helden, Duane Harden",1998,242333,False,62
Heavensent,Killing Heidi,2002,271480,False,24
Throw Your Arms Around Me,Hunters & Collectors,1986,233493,False,0
Kernkraft 400,Zombie Nation,2006,285173,False,51
Run It!,"Chris Brown, Juelz Santana",2005,229866,False,0
My Delirium,Ladyhawke,2009,254480,False,51
Joyride - Single Version,Roxette,2006,241733,False,41
"Hello, Dolly!",Louis Armstrong,1964,147000,False,66
Superstar,"Tim Rice, Andrew Lloyd Webber, Murray Head, The Trinidad Singers",1970,255826,False,23
Follow You,Imagine Dragons,2021,175643,False,62
Hey Now,"Martin Solveig, The Cataracs, KYLE",2013,187500,False,13
Sisters Are Doin' It for Themselves - Remastered Version,"Eurythmics, Annie Lennox, Dave Stewart, Aretha Franklin",1985,357146,False,49
Cradle of Love,Billy Idol,1990,281493,False,0
A Million to One,Jimmy Charles,2013,158432,False,0
Stronger,Britney Spears,2000,203000,False,63
Killing Me Softly With His Song,"Fugees, Ms. Lauryn Hill, Wyclef Jean, Pras",2003,290293,True,51
Green Green Grass Of Home,Tom Jones,1967,184893,False,62
I've Gotta Get A Message To You,Bee Gees,1968,177440,False,53
Bom Bom - Radio Edit,Sam And The Womp,2012,174033,False,51
Around The World,Aqua,2000,209760,False,48
Born Slippy (Nuxx) - Radio Edit,Underworld,1995,264187,False,0
All Along the Watchtower,Jimi Hendrix,1997,238626,False,52
Have A Little Faith In Me,John Hiatt,1998,230826,False,26
All Torn Down,The Living End,1998,248733,False,0
Leaving Your Keys,Fakebitcheshero,2021,103026,True,1
Big When I Was Little,Eliza Doolittle,2013,229199,False,7
My True Story,The Jive Five,1990,153493,False,12
My Best Friend's Girl,The Cars,1978,223253,False,63
Wonderful Life,Hurts,2011,254133,False,53
Make Me Smile (Come up and See Me) - 2014 Remaster,"Steve Harley, Steve Harley & Cockney Rebel",1975,239213,False,0
Already Gone,Powderfinger,2011,208680,False,16
I'm Your Man,Wham!,1986,243093,False,53
Old Time Rock & Roll,Bob Seger,1978,194146,False,0
Better Now,Post Malone,2018,231266,True,78
The Only Thing That Looks Good On Me Is You,Bryan Adams,1999,217400,False,0
Break My Heart,Dua Lipa,2020,221820,False,59
Skippin',Mario,2007,238960,False,0
Push It,Salt-N-Pepa,1986,272133,False,0
Stronger (What Doesn't Kill You),Kelly Clarkson,2011,221946,False,73
You Are The Reason,Calum Scott,2018,204326,False,77
Not Afraid,Eminem,2010,248133,True,78
You - Remastered,Marcia Hines,2005,197133,False,15
"Yester-Me, Yester-You, Yesterday",Stevie Wonder,1969,185293,False,49
Run To The Water,Live,2004,267306,False,28
Inside Outside,Sophie Monk,2003,248266,False,17
Pash,Kate Ceberano,1999,262466,False,0
Times Like These,Foo Fighters,2009,267973,False,50
My Place - Album Version / Explicit,"Nelly, Jaheim",2004,336506,True,0
Never Be Like You,"Flume, kai",2016,233337,True,0
Love At First Night,Kim Hart,1979,205933,False,10
Russians,Sting,1994,236973,False,36
Bumble Bee - Mono Version,The Searchers,1964,132426,False,0
Riders on the Storm,The Doors,1971,434720,False,71
All of Me,John Legend,2013,269560,False,84
(I Just) Died In Your Arms,Cutting Crew,1993,278626,False,62
Never Give Up,Sia,2016,221986,False,63
Sylvia's Mother,Dr. Hook,1972,228333,False,58
Lanterns - Single Version,Birds Of Tokyo,2012,236239,False,27
Dreamworld,Midnight Oil,1987,217106,False,0
Twilight Zone,Golden Earring,2008,478106,False,52
Put Your Hands Up For Detroit,Fedde Le Grand,2015,396000,False,0
To Love Somebody,Michael Bolton,1992,247973,False,59
Sorry,Toni Braxton,2018,236000,False,31
Baby Sittin' Boogie - Radio Version,Buzz Clifford,2016,122958,False,2
Zebra,John Butler Trio,2004,237626,False,52
Everything I Own,Boy George,1987,233426,False,49
Walls,Flowers,2011,262173,False,0
Waterfalls,TLC,1994,279506,False,74
Lose Control (feat. Ciara & Fat Man Scoop),"Missy Elliott, Ciara, Fatman Scoop",2005,226863,True,65
Let It Hurt,Rascal Flatts,2012,233693,False,38
Too Funky - Remastered 2006,George Michael,2006,226253,False,37
Savage Love (Laxed - Siren Beat),"Jawsh 685, Jason Derulo",2020,171374,True,70
All In My Head (Flex) (feat. Fetty Wap),"Fifth Harmony, Fetty Wap",2016,210573,False,60
Hero (feat. Josey Scott),"Chad Kroeger, Josey Scott",2003,200480,False,65
Spinning Around,Kylie Minogue,2012,206626,False,33
No Love,"Eminem, Lil Wayne",2010,299506,False,10
A Sky Full of Stars,Coldplay,2014,267866,False,86
Give Me the Night,George Benson,1981,222626,False,66
Hundred Miles,"YALL, Gabriela Richardson",2015,172413,False,0
Sad Girl Summer,Maisie Peters,2020,164800,False,32
The Other,Lauv,2015,189333,False,0
all the good girls go to hell,Billie Eilish,2019,168839,False,73
Summer Love,Sherbet,2006,215586,False,0
vampire,Olivia Rodrigo,2023,219724,True,18
Keep Your Hands Off My Girl,Good Charlotte,2010,203946,False,30
Free Ride,The Edgar Winter Group,1972,187173,False,55
Wedding Song - There Is Love,Petula Clark,2017,195026,False,0
Strong,London Grammar,2013,274806,False,49
Better Than Me,Hinder,2005,223533,False,0
Dance The Night - From Barbie The Album,Dua Lipa,2023,176579,False,81
Not Afraid,Eminem,2010,248133,False,21
Ramblin' Rose,Nat King Cole,1962,167853,False,42
God's Plan,Drake,2018,198973,True,81
Do The Bartman,The Simpsons,1990,310706,False,0
Start Again,Conrad Sewell,2015,217974,False,42
Umbrella,"Rihanna, JAY-Z",2007,275986,False,65
Our Way Home,Optacure,2021,236084,False,2
The Pretender,Foo Fighters,2007,269373,False,76
Twistin' the Night Away,Sam Cooke,1962,159853,False,59
Thank God I'm A Country Boy,Hampton The Hampster,2000,162786,False,0
Sink the Bismark,Johnny Horton,1989,194400,False,43
"Doin' The Do - 7"" Radio Mix",Betty Boo,1990,222253,False,33
Some Kind of Bliss - Radio Edit,Kylie Minogue,1997,214013,False,21
UFO (Radio Edit),Sneaky Sound System,2007,226440,False,15
DONTTRUSTME,3OH!3,2009,192573,True,51
Side Effects,"Becky Hill, Lewis Thompson",2023,153742,False,52
I Want Your Love,Transvision Vamp,1988,209906,False,44
Pink Cadillac,Natalie Cole,1987,268666,False,0
Starlight,Muse,2006,240213,False,73
Alive,Dami Im,2013,236213,False,26
Breakout,Swing Out Sister,1987,226453,False,0
Ma Belle Amie - US Version,Tee-Set,2013,194856,False,0
Grace Kelly,MIKA,2007,187733,False,0
Things Can Only Get Better,D:Ream,1993,263360,False,0
I'm Gonna Miss You,Milli Vanilli,1988,238866,False,77
Escapee,Architecture In Helsinki,2011,177709,False,0
"Fallin' - Original Song from the TV Series ""The Secret Daughter""",Jessica Mauboy,2017,187574,False,34
Should've Known Better,"Richard Marx, David Cole",1987,250240,False,48
Delta Dawn,Helen Reddy,1987,191093,False,30
You Make Me,Avicii,2013,233346,False,0
Time Is Tight,Booker T. & the M.G.'s,2009,194920,False,0
So Into You,Tamia,1998,261866,False,69
Let Me Love You,Mario,2004,249120,False,75
Whatcha Say,Jason Derulo,2010,221253,False,56
You Belong With Me,Taylor Swift,2008,231146,False,0
No Shame,5 Seconds of Summer,2020,190893,False,0
No Surprises,Radiohead,1997,228533,False,0
On the Beach - 1998 Remaster,Cliff Richard & The Shadows,1998,153000,False,1
16,Sneaky Sound System,2008,222613,False,23
Payphone,"Maroon 5, Wiz Khalifa",2012,231466,True,0
Who Knew,P!nk,2006,208493,False,0
That'll Be The Day - Decca Version,Buddy Holly,1982,150000,False,0
Single Soon,Selena Gomez,2023,171655,False,71
Take Five,The Dave Brubeck Quartet,1959,324133,False,68
September,"Earth\, Wind & Fire",1992,214826,False,2
More Than A Woman,Bee Gees,1979,197213,False,0
Holy (feat. Chance The Rapper),"Justin Bieber, Chance the Rapper",2020,212093,False,67
Good Life (with G-Eazy & Kehlani),"G-Eazy, Kehlani",2017,225525,False,55
Ass Back Home (feat. Neon Hitch),"Gym Class Heroes, Neon Hitch",2011,222213,True,36
(I Can't Help) Falling In Love With You,UB40,1993,207440,False,69
Holiday,Vampire Weekend,2010,138293,False,0
Universally Speaking,Red Hot Chili Peppers,2002,256959,False,59
I Want That Man,Debbie Harry,1989,223533,False,0
Change Your Life,Little Mix,2012,201586,False,0
UP!,Samantha Jade,2014,207040,False,25
Almost Here (Duet with Brian McFadden) (with Brian McFadden),"Delta Goodrem, Brian McFadden",2004,227986,False,40
"Painted, Tainted Rose",Al Martino,2001,165720,False,1
Doctor Jones,Aqua,1997,203440,False,61
Without Me,Eminem,2002,290320,True,86
Look at Me,Geri Halliwell,1999,272160,False,36
FWMGAB,French Montana,2021,187819,True,44
Don't Go Now,Ratcat,1991,191933,False,37
I Love Your Smile,Shanice,1991,257973,False,0
Mr. America,Russell Morris,2013,233480,False,11
Butterfly,Crazy Town,1999,216733,False,73
Come And Get These Memories - Single Version (Mono),Martha Reeves & The Vandellas,1998,147026,False,0
We Are Never Ever Getting Back Together,Taylor Swift,2012,191880,False,57
Get 'Em Girls (feat. Snoop Dogg),"Jessica Mauboy, Snoop Dogg",2010,236853,False,20
Radio Ga Ga - Remastered 2011,Queen,1984,348226,False,72
Rockin' Robin,The Henchmen,1964,130613,False,3
Music Sounds Better With You,"Stardust, Benjamin Diamond, Alan Braxe, Thomas Bangalter",1998,403293,False,69
Tainted Love,Soft Cell,1981,153840,False,57
The Greatest View,Silverchair,2002,245346,False,0
Fallin' in Love - Live,Rocky Burnette,2019,268933,False,0
Titanium (feat. Sia),"David Guetta, Sia",2012,245040,False,80
Bohemian Like You,The Dandy Warhols,2008,208906,False,39
What Is Truth,Johnny Cash,2005,157666,False,27
All I Wanna Do,Dannii Minogue,2016,266960,False,0
Take A Long Line,The Angels,2014,181005,False,0
Treat You Better,Shawn Mendes,2016,187973,False,0
Like a Killer,Sammi Elston,2021,171467,False,0
Don't Look Back in Anger - Remastered,Oasis,1995,289560,False,73
Prada,"cassö, RAYE, D-Block Europe",2023,132359,True,83
Anyone,Justin Bieber,2021,190779,False,64
Pasadena,John Paul Young,2009,198786,False,0
Mr. Bojangles,Neil Diamond,1969,293760,False,38
Listen to the Man,George Ezra,2014,183680,False,0
Your Love,The Outfield,1985,221840,False,73
Hands Of Love,Miley Cyrus,2015,229386,False,41
21 Questions,"50 Cent, Nate Dogg",2003,224440,True,76
Young World - Remastered 2005,Ricky Nelson,2008,146786,False,12
Ride It,Regard,2019,157605,False,80
Somebody Like You,Keith Urban,2002,323040,False,67
Stay With Me - Darkchild Version,Sam Smith,2014,174919,False,26
Stuck With You,Huey Lewis & The News,1986,269573,False,60
Black Suits Comin' (Nod Ya Head),"Will Smith, Traknox",1997,259786,False,23
Hold Me Close,David Essex,1996,232533,False,24
Magical Mystery Tour - Remastered 2009,The Beatles,1967,170106,False,53
Because,Jessica Mauboy,2008,258853,False,19
I Want You Back - Radio Edit,*NSYNC,1997,200440,False,64
Radio - Remastered,The Members,1983,272000,False,0
Stand Tall,Burton Cummings,1976,272293,False,39
Can the Can,Suzi Quatro,1973,214400,False,0
Without You,Johnny Tillotson,2001,128800,False,0
Always,Bon Jovi,2010,353106,False,3
I'll Be Missing You (feat. Faith Evans & 112) - 2014 Remaster,"Diddy, 112, Faith Evans",1997,306560,False,66
Don’t Stop The Party,Black Eyed Peas,2010,367413,False,0
I Believe I Can Fly,R. Kelly,1998,320666,False,58
Don't Go,Yazoo,1982,188466,False,3
Witchcraft,Pendulum,2010,252786,False,59
You've Lost That Lovin' Feelin' - 2006 Digital Remaster,Long John Baldry,2006,204013,False,17
House of the Rising Sun,The Animals,1987,269906,False,74
The Best Things in Life Are Free,Superstar,2015,297906,False,25
Give It To Me - Radio Edit,"Timbaland, Justin Timberlake, Nelly Furtado",2007,212533,False,0
Somethin' 4 Da Honeyz,Montell Jordan,1995,276106,False,0
How to Dance,Bingoboys,2008,227466,False,23
"10,000 Hours (with Justin Bieber)","Dan + Shay, Justin Bieber",2019,167693,False,70
Kiss The World Goodbye,Jesse McCartney,2021,152840,True,0
Paparazzi,Lady Gaga,2008,208306,False,76
Sunset,Marques Houston,2009,238786,False,18
Vincent,Don McLean,1971,243493,False,67
Long Cool Woman (In a Black Dress) - 1999 Remaster,The Hollies,1971,199200,False,31
! (The Song Formerly Known As),Regurgitator,1997,206666,True,43
Say I Love You,Renee Geyer,1981,213040,False,37
Don't Forget To Remember,Bee Gees,1970,207066,False,54
This Is Tomorrow,Bryan Ferry,1977,220133,False,32
Beautiful People (feat. Benny Benassi),"Chris Brown, Benny Benassi",2011,226773,False,0
Monkey Wrench,Foo Fighters,2009,230826,False,45
Mean To Me,Crowded House,1986,196026,False,0
In The Still Of The Nite (I'll Remember),Boyz II Men,2001,169306,False,12
Issues,Julia Michaels,2017,176346,False,0
Too Much,The Easybeats,1966,106293,False,0
Take a Picture,Filter,1999,359520,False,0
Ode To Billie Joe,Bobbie Gentry,1967,255001,False,50
Story of My Life,One Direction,2013,245493,False,82
Regular Touch,Vera Blue,2017,208146,False,0
This Is How We Do It,Montell Jordan,2015,237546,False,0
Swear It Again - Radio Edit,Westlife,2011,247626,False,0
Club Can't Handle Me (feat. David Guetta),"Flo Rida, David Guetta",2010,234560,False,77
Spaceman,The Killers,2008,284546,False,0
Killing Me Softly,C. J. Johnson,2006,251400,False,0
Welcome to Paradise,Green Day,1994,224133,False,68
Thunderball,Tom Jones,1997,171066,False,43
A Whole New World (Aladdin's Theme),"Peabo Bryson, Regina Belle, Disney",2004,250400,False,27
Heat Waves,Glass Animals,2020,238805,False,31
All My Lovin,Johnny Young & Kompany,1992,179626,False,17
Heart Skips a Beat (feat. Rizzle Kicks),"Olly Murs, Rizzle Kicks",2011,202266,False,59
Slow Dancing in a Burning Room,John Mayer,2006,242000,False,0
Back from the Edge,James Arthur,2016,234146,False,45
Rock Hard,Suzi Quatro,1980,200933,False,0
Neopolitan Dreams,Lisa Mitchell,2009,193946,False,29
Shake It Up,The Cars,1981,215440,False,46
3 Nights,Dominic Fike,2018,177666,False,69
Electric Blue,ICEHOUSE,1987,263680,False,55
Secret Garden,Bruce Springsteen,1995,266600,False,0
Come & Go (with Marshmello),"Juice WRLD, Marshmello",2020,205484,True,74
Nasty Girl - Main,Nitty,2005,248466,False,0
Life Goes On,LeAnn Rimes,2015,213360,False,22
Say It,"Flume, Tove Lo",2016,262521,True,0
Alright,Supergrass,1995,180880,False,5
Time of the Season - Mono Version,The Zombies,1968,214026,False,2
Everybody's Free (To Feel Good),Rozalla,2000,211733,False,39
Take Me Over (feat. Safia)),Peking Duk,2015,208121,False,14
Does Your Mother Know,ABBA,1979,193440,False,66
Ring My Bell,Anita Ward,2005,491933,False,60
Where Did You Go? (feat. MNEK),"Jax Jones, MNEK",2022,177689,False,72
Too Bad,Nickelback,2001,232240,False,61
Around the Bend,The Asteroids Galaxy Tour,2008,229112,False,34
Devotion,Bingo Players,2009,215773,False,5
Firework,Katy Perry,2010,227893,False,68
Magic Fountain,Art vs Science,2011,282346,False,0
Wonderful World,Sam Cooke,2015,125789,False,25
Chained To The Rhythm,"Katy Perry, Skip Marley",2017,237734,False,0
Come Fly With Me - Remastered 1998,Frank Sinatra,1958,199093,False,64
Cinderella Rockefella,Anne & Johnny Hawker,1968,151800,False,0
Phoenix,James Arthur,2016,249120,False,36
M.O.B.,Tkay Maidza,2015,194275,False,28
It's a Sin - 2001 Remaster,Pet Shop Boys,1987,300293,False,0
Great Southern Land,ICEHOUSE,1982,317240,False,58
Especially for You (duet with Jason Donovan),"Kylie Minogue, Jason Donovan",2006,236880,False,30
The Wild Colonial Boy,Dr. Hook,2015,266669,False,14
All Apologies,Nirvana,1994,263293,False,0
Stuck On You,Paul Norton,1990,240000,False,27
Everything (feat. John Legend),"Ella Mai, John Legend",2018,181644,False,52
Another Life,The Collective,2013,230973,False,16
Edge of Reality,Elvis Presley,1970,195920,False,33
One,Johnny Farnham,1995,169960,False,24
Jailbreak,AC/DC,1984,280960,False,58
Room Full of Roses,Mickey Gilley,1974,167893,False,30
You're Makin' Me High,Toni Braxton,1996,267440,False,60
Clarity,Vance Joy,2022,227240,False,47
Blue Bayou,Roy Orbison,2008,148800,False,2
Lovers Who Wander,Dion,2001,150200,False,0
Too Shy,Kajagoogoo,1983,221520,False,59
Done For Me (feat. Kehlani),"Charlie Puth, Kehlani",2018,180493,False,0
West End Girls - Faces on Posters Mix,"East 17, Mixed By: Mykaell Riley & Jeremy Allom",1993,267426,False,0
Dancing To The Same Song,Elen Levon,2012,232635,False,12
My Prerogative - Remastered,Britney Spears,2014,213893,False,26
Hooked On A Feeling,"Blue Swede, Björn Skifs",2014,172866,False,68
Break Free,"Ariana Grande, Zedd",2014,214840,False,75
Of The Night,Bastille,2013,214205,False,56
My Baby Just Cares for Me,Michael Bublé,2016,195680,False,31
Only Love Can Hurt Like This,Paloma Faith,2014,232893,False,0
Just A Dream,Nelly,2010,237800,False,72
In Love By Now,Jamie Foxx,2015,185626,False,21
Princess of China - Radio Edit,"Coldplay, Rihanna",2012,217575,False,46
Her Diamonds,Rob Thomas,2009,280000,False,52
"Ob-La-Di, Ob-La-Da - Remastered 2009",The Beatles,1968,188960,False,69
Boss Bitch,Doja Cat,2020,134239,False,74
Aussie As,Matt Scullion,2019,220241,False,0
Girls Like (feat. Zara Larsson),"Tinie Tempah, Zara Larsson",2016,196000,True,59
I'm Not In Love,10cc,1975,366640,False,68
Feel,Robbie Williams,2002,263866,False,72
Bedroom Eyes,Kate Ceberano,1999,236933,False,0
Father And Son,Boyzone,1995,168066,False,0
Return of the Mack,Mark Morrison,1996,213093,False,75
All Along the Watchtower,Jimi Hendrix,1968,240800,False,73
At This Moment,Billy Vera & The Beaters,2008,260746,False,25
Calm Down (with Selena Gomez),"Rema, Selena Gomez",2022,239317,False,79
Cold Water (feat. Justin Bieber & MØ),"Major Lazer, Justin Bieber, MØ",2016,185351,False,2
Everybody Get Up - Radio Edit,Five,2003,183840,False,34
Right Place Right Time,Olly Murs,2012,193293,False,0
Lights & Music,Cut Copy,2008,277360,False,0
Poison,Alice Cooper,1989,270080,False,70
I Love You's,Hailee Steinfeld,2020,216083,False,0
It Ain't Over 'Til It's Over,Lenny Kravitz,2000,242640,False,50
Duncan,Slim Dusty,1981,155026,False,44
Middle,"DJ Snake, Bipolar Sunshine",2016,220573,False,74
What I've Done,Linkin Park,2007,205613,False,28
Accidently Kelly Street,Frente!,1992,201160,False,37
Mama Do The Hump,Rizzle Kicks,2011,216013,False,53
Foreign Land,Eskimo Joe,2009,270826,False,38
You Are Not Alone,Michael Jackson,1995,345600,False,68
Go Now!,The Moody Blues,1960,191013,False,0
I’ll Make Love To You,Boyz II Men,2011,237306,False,0
Since U Been Gone,Kelly Clarkson,2005,188960,False,44
"Let's Dance - Single Version, 2014 Remaster",David Bowie,2014,248586,False,26
Hello - Edited Version,"Stafford Brothers, Lil Wayne, Christina Milian",2012,207013,False,15
Need You Tonight,INXS,1987,181106,False,73
Surrender,Cheap Trick,2007,253826,False,0
The Boys Of Summer,Don Henley,1984,288733,False,73
Bills,LunchMoney Lewis,2015,204600,True,56
My House,Flo Rida,2015,192190,False,75
The Man,Aloe Blacc,2013,255906,False,0
Young Guns (Go for It!),Wham!,1983,236200,False,47
Seemed Like a Good Idea (At the Time),John Farnham,1993,257906,False,15
Price Tag,"Jessie J, B.o.B",2011,223053,False,72
You Know I'm No Good,Amy Winehouse,2006,256946,False,0
She Wolf,Shakira,2009,188866,False,69
Bonnie Please Don't Go (She's Leavin'),Kevin Johnson,2016,201146,False,0
Stickwitu,The Pussycat Dolls,2005,207506,False,0
Centuries - Remix,"Fall Out Boy, Juicy J, Jonathan ""JR"" Rotem",2015,202946,False,48
Everywhere,Michelle Branch,2001,214826,False,64
Baby Jane - 2008 Remaster,Rod Stewart,1983,283493,False,63
Born A Woman,Sandy Posey,2009,114040,False,13
If I Never See Your Face Again - Featuring Rihanna,"Maroon 5, Rihanna",2008,198413,False,0
ily (i love you baby) (feat. Emilee),"Surf Mesa, Emilee",2019,176546,False,73
Rock and Roll - 1990 Remaster,Led Zeppelin,1971,219800,False,0
Sometimes When We Touch,Dan Hill,1977,252707,False,0
That's My Girl,Fifth Harmony,2016,204013,False,70
Be Alright,Dean Lewis,2018,196373,True,73
I Know Where It's At,All Saints,1997,293733,False,3
You've Got What It Takes,Marv Johnson,2013,171676,False,1
Last One Standing,Girl Thing,2014,216826,False,28
Don't Leave Me This Way (with Sarah Jane Morris),"The Communards, Sarah Jane Morris",1986,271066,False,66
Operaa House!,Malcolm McLaren,1990,353760,False,12
Anything,Culture Beat,1993,383600,False,0
Break My Heart,Dua Lipa,2020,221820,False,74
Happy Birthday Helen,Things Of Stone and Wood,1993,228666,False,36
Do Somethin',Britney Spears,2004,202720,False,42
Greatest Love of All,Whitney Houston,1985,291400,False,67
Are You Magnetic?,Faker,2007,230852,False,24
Got 2 Luv U (feat. Alexis Jordan),"Sean Paul, Alexis Jordan",2012,196640,False,65
Just Dance,"Lady Gaga, Colby O'Donis",2008,241933,False,79
Atomic - Remastered/2001,Blondie,1979,280306,False,42
Picking Up Pebbles,Matt Flinders,1974,187840,False,0
Boys from the Bush - Remastered 2017,Lee Kernaghan,1992,168226,False,48
The Letter,"Hoobastank, Vanessa Amorosi",2009,234853,False,28
Pray,MC Hammer,1990,313200,False,38
Undercover Angel,Alan O'Day,2017,211226,False,0
B with Me,Mis-Teeq,2004,268146,False,18
Seven Nation Army,The White Stripes,2003,231920,False,1
The Best - Edit,Tina Turner,1991,255936,False,58
Chasing Fire,Lauv,2018,205267,False,0
Until I Found You (with Em Beihold) - Em Beihold Version,"Stephen Sanchez, Em Beihold",2022,176440,False,79
I Wanna Be With You,Mandy Moore,2000,252600,False,53
Summer (The First Time),Bobby Goldsboro,1973,281000,False,36
Trembling Hands,The Temper Trap,2012,281680,False,0
Cruel Summer,Ace of Base,1998,215360,False,43
Last Hurrah,Bebe Rexha,2019,150333,False,57
The Most Beautiful Girl,Charlie Rich,1973,162866,False,42
Two Hearts - 2016 Remaster,Phil Collins,2016,204253,False,52
Gasolina,Daddy Yankee,2004,192600,False,4
Please Mr. Postman,Carpenters,1975,172733,False,0
Demons,Imagine Dragons,2012,177506,False,84
TiK ToK,Kesha,2010,199693,False,0
Do It To It,"ACRAZE, Cherish",2021,157890,False,76
Zoom,Fat Larry's Band,1982,323866,False,47
Shake It Off,Taylor Swift,2014,219200,False,0
Rapunzel,Drapht,2011,202733,False,0
React,The Pussycat Dolls,2020,204176,False,33
SNAP,Rosa Linn,2022,179551,False,65
Purple Hat,Sofi Tukker,2019,178369,False,41
Love Someone,Jason Mraz,2014,257173,False,55
Desire,"Olly Alexander (Years & Years), Tove Lo",2015,203204,False,55
Sitting on Top of the World,Delta Goodrem,2012,238866,False,41
Dancing in the Moonlight,Toploader,2011,233373,False,0
Free,BROODS,2016,223826,False,33
Give It Away,Red Hot Chili Peppers,1991,282906,False,72
Still into You,Paramore,2013,216013,False,79
Shape of You,Ed Sheeran,2017,233712,False,85
Wild At Heart,Birds Of Tokyo,2010,240800,False,35
I Don't Want You Back,Eamon,2004,225066,False,36
Train Wreck,James Arthur,2016,208826,False,77
Girl From Rio,Anitta,2021,194421,False,51
Love and Other Bruises,Air Supply,1976,223493,False,22
Lil' Red Riding Hood,Sam The Sham & The Pharaohs,2011,162440,False,6
Back in Black,Back In Black,2012,231333,False,29
Bring It Back - Original Mix,"Will Sparks, Joel Fletcher",2013,301854,False,0
Circle,Marques Houston,2007,245026,False,0
The Lighthouse,Amity Dry,2003,279440,False,10
One Way Or Another,Blondie,1978,217364,False,62
Impossible,James Arthur,2013,209440,False,75
Paris,The Chainsmokers,2017,221506,False,73
Drop the Boy,Bros,2013,248066,False,23
Communication Breakdown - Remastered 2015,"Roy Orbison, Alex Orbison, Chuck Turner",1967,181146,False,22
Shine a Little Love,Electric Light Orchestra,1979,281026,False,48
Ashes to Ashes - 2017 Remaster,David Bowie,1980,266160,False,60
Why Don't You Get A Job,The Offspring,1998,172466,True,73
Holy Moses,Meg Washington,2010,216853,False,0
Cinema (feat. Gary Go),Benny Benassi,2011,212760,False,0
You Wear It Well,Rod Stewart,1972,262960,False,0
Kickstart My Heart,Mötley Crüe,2009,282920,False,0
Not Too Late,Ricki-Lee,2017,221991,False,0
Light It Up (feat. Nyla & Fuse ODG) - Remix,"Major Lazer, Nyla, Fuse ODG",2015,166138,False,2
Shilo,Neil Diamond,1968,207333,False,45
I Will Return,Springwater,1977,187226,False,0
Patience,Take That,2006,202066,False,69
HUMBLE.,Kendrick Lamar,2017,177000,True,1
You (with Marshmello & Vance Joy),"benny blanco, Marshmello, Vance Joy",2021,169632,False,51
"Aquarius/Let The Sunshine In (The Flesh Failures) - From the Musical ""Hair""",The 5th Dimension,1969,289293,False,56
Big Girl (You Are Beautiful),MIKA,2007,248000,False,0
The Knight in Rusty Armour - Stereo; 2011 Remaster,Peter And Gordon,1967,158333,False,16
Woman,Neneh Cherry,1996,270400,False,53
I Go To Rio,Peter Allen,1976,202426,False,35
Dancing Queen,ABBA,1976,230400,False,0
Let's Get Ridiculous,Redfoo,2013,215573,False,0
The Best,Tina Turner,2004,330253,False,62
Down Under,Men At Work,2010,219013,False,42
GAW - Zaheer Remix,"Mickie James, Chapel Hart, Zaheer",2021,174154,True,9
Pride (In The Name Of Love) - Remastered 2009,U2,1984,228426,False,68
Out Of Reach,GABRIELLE,2013,197867,False,42
Elle fuit,Myglö,2021,256799,False,0
Linger (feat. Lupe Fiasco),"Guy Sebastian, Lupe Fiasco",2014,253933,False,27
Who's Laughing Now,Ava Max,2020,180348,False,0
The Wanderer,Donna Summer,1980,227173,False,28
It's A Sin To Tell A Lie,Gerry Monroe,1970,140133,False,12
Down from Dover,Dolly Parton,1970,226360,False,25
In Too Deep,Sum 41,2001,207093,False,0
Just Ace,Grinspoon,2005,107386,False,20
No Such Thing,John Mayer,2001,231466,False,59
Sailing,Rod Stewart,1975,277960,False,64
(There's Gotta Be) More To Life,Stacie Orrico,2003,200386,False,55
Addicted To You,Avicii,2013,148386,False,0
"Baby, I'm Jealous (feat. Doja Cat)","Bebe Rexha, Doja Cat",2020,175873,False,53
Sway,Bic Runga,1997,262493,False,55
(I've Had) The Time of My Life,"Bill Medley, Jennifer Warnes",1987,289680,False,0
Sugar Sugar,The Archies,1969,167213,False,69
Land of 1000 Dances,Wilson Pickett,1966,146973,False,62
Hi-De-Ho,"Blood\, Sweat & Tears",1970,263800,False,29
Here You Come Again,Dolly Parton,1977,179491,False,62
Stop Stop Stop - Mono; 1999 Remaster,The Hollies,1966,178160,False,8
The Anthem,Good Charlotte,2010,174213,False,39
I Should Have Known Better - Remastered 2009,The Beatles,1964,163080,False,54
Rumour Mill (feat. Anne-Marie & Will Heard),"Rudimental, Anne-Marie, Will Heard",2015,243783,False,43
Montego Bay,The Allniters,1983,172653,False,0
Beggin',Måneskin,2017,211560,False,82
Eloise - Single Version,The Damned,2020,311320,False,6
Shooting Stars,Bag Raiders,2011,235813,False,0
Hey There Delilah,Plain White T's,2005,232533,False,0
Sing It Back - Boris Dlugosch Mix,"Moloko, Boris Dlugosch, Michael Lange",1998,278000,False,0
Escapade,Janet Jackson,1989,283933,False,45
7 Days,Craig David,2000,235133,False,69
Better Than Ever,"Flight Facilities, Aloe Blacc",2019,183295,False,0
The Wanderer,Dion,2001,167160,False,0
Step Back In Time,Kylie Minogue,1990,184533,False,0
Rainy Days and Mondays,Dami Im,2016,209146,False,15
A Little Bit More,Dr. Hook,1996,173306,False,39
My Prerogative,Bobby Brown,1988,288800,False,0
Everybody Rise,Amy Shark,2021,190573,False,39
Mood (feat. iann dior),"24kGoldn, iann dior",2020,140525,True,6
A Little More Love,Olivia Newton-John,2018,205725,False,16
Starships,Nicki Minaj,2012,210626,True,77
Be Together (feat. Wild Belle),"Major Lazer, Wild Belle",2015,233010,False,0
Little Bit of Love,Tom Grennan,2021,226268,False,64
Listen to Your Heart (feat. Edmée) - Furious F. Radio Edit,"DHT, Edmee, Furious F.",2016,230000,False,6
Make Love to Me,Kelly Marie,1979,258280,False,0
Soak Up The Sun,Sheryl Crow,2002,292133,False,51
Better Get A Lawyer,The Cruel Sea,1995,180693,False,0
Rabbit Heart (Raise It Up),Florence + The Machine,2009,232360,False,52
Asia Minor (Rerecorded),Kokomo,2007,118133,False,12
Too Close,Blue,2001,226853,False,43
This Is War,Thirty Seconds To Mars,2009,326983,False,28
Closer to Free,Bodeans,2002,190640,False,31
Congratulations,"Post Malone, Quavo",2016,220293,False,51
Guitar Band,Stevie Wright,1974,201426,False,0
Broken Arrows,Avicii,2015,232760,False,0
Jessie's Girl,Rick Springfield,1981,194253,False,60
New York Mining Disaster 1941,Bee Gees,1967,132360,False,47
Song 4 Mutya (Out Of Control) - Radio Edit,Groove Armada,2017,219000,False,27
Emotion Sickness,Silverchair,2000,361466,False,18
Bad Romance,Lady Gaga,2009,294640,False,44
SexyBack (feat. Timbaland),"Justin Timberlake, Timbaland",2006,242733,True,79
Pretty Paper,Roy Orbison,2006,164226,False,40
Walk on the Wild Side,Lou Reed,1972,253960,False,0
In The City,"Charli xcx, Sam Smith",2023,176479,False,62
Turnaround,Kisschasy,2009,223066,False,11
American Pie,Don McLean,1971,516893,False,74
I’m Ready (with Demi Lovato),"Sam Smith, Demi Lovato",2020,200838,False,52
Even Flow,Pearl Jam,2004,303666,True,41
Rain On Me (with Ariana Grande),"Lady Gaga, Ariana Grande",2020,182200,False,67
Mr. Jones,Counting Crows,2003,272733,False,48
Timber,"Pitbull, Kesha",2012,204160,False,61
Every Time You Go Away - Radio Edit,Paul Young,1991,267000,False,68
Lean on Me,Club Nouveau,1986,348573,False,0
Boom! Shake the Room,DJ Jazzy Jeff & The Fresh Prince,2003,226026,False,23
She Bop,Cyndi Lauper,1983,229266,False,52
Part Of The Union,Strawbs,1973,175826,False,34
The Boll Weevil Song,Brook Benton,2011,171693,False,0
Regardless,"Jarryd James, Julia Stone",2015,273493,False,23
2U (feat. Justin Bieber),"David Guetta, Justin Bieber",2017,194896,False,63
My Body,Young the Giant,2011,244400,False,35
Never Can Say Goodbye,The Communards,1987,285986,False,0
You Belong To Me - JX Mix,JX,1969,466906,False,20
I Was Only 19 (A Walk in the Light Green) - Live Version,Redgum,1983,357400,False,19
We've Only Just Begun,Dami Im,2016,182586,False,14
On Directing,Tegan and Sara,2009,165493,False,26
Here's Johnny!,Hocus Pocus,2010,270158,False,0
Only Wanna Be With You - Pokémon 25 Version,Post Malone,2021,241360,False,59
In Love Again,Rogue Traders,2005,313680,False,20
Hit That Perfect Beat,Bronski Beat,1986,219733,False,0
Danny's Song,Loggins & Messina,1972,255773,False,44
Murder Reigns,Ja Rule,2002,242840,True,47
Sowing The Seeds Of Love,Tears For Fears,1989,376733,False,0
The Hucklebuck,Brendan Bowyer & The Royal Showband,2015,144133,False,29
"Axel F - From ""Beverly Hills Cop"" Soundtrack",Harold Faltermeyer,1984,184800,False,42
A Mean Pair of Jeans,Marty Rhone,2016,215600,False,24
Before I Go,Guy Sebastian,2018,209424,False,44
Run Alone,360,2011,273093,False,35
Moral of the Story,Ashe,2020,201083,False,47
This Heart Attack,Faker,2007,227694,False,47
Mama,Connie Francis,1959,237866,False,0
The One Thing,INXS,1982,205733,False,0
Words - Original Version 1983,F.R. David,1983,208000,False,73
Give Me One Reason,Tracy Chapman,1995,268333,False,70
The Worlds Greatest Mum,Johnny Chester,2016,157986,False,0
Rewrite The Stars,"James Arthur, Anne-Marie",2017,218293,False,72
Celebration - Single Version,Kool & The Gang,2009,215653,False,49
Right Back Where We Started From,Sinitta,2009,195226,False,9
History,Groove Armada,2010,252368,False,27
Hot In Herre,Nelly,2015,231133,False,0
What In The World’s Come Over You,Jack Scott,2010,167146,False,0
Whoomp! (There It Is),Tag Team,2012,225266,False,0
Genie in a Bottle,Christina Aguilera,1999,217573,False,0
Before the Worst,The Script,2008,203106,False,30
Good Times Bad Times - 1993 Remaster,Led Zeppelin,1969,166266,False,66
Two Princes,Spin Doctors,1991,256733,False,68
Vienna,Ultravox,1984,278226,False,0
Summer,Calvin Harris,2014,222533,False,83
Longfellow Serenade,Neil Diamond,1974,230560,False,43
Don't Say Nothin' Bad (About My Baby),The Cookies,2014,164493,False,6
Memphis T-Shirt,Melanie Dyer,2019,201919,False,25
"I Don't Like It, I Love It (feat. Robin Thicke & Verdine White)","Flo Rida, Robin Thicke, Verdine White",2015,224258,False,63
All Night,"The Vamps, Matoma",2016,197793,False,0
Where the Wild Roses Grow,"Nick Cave & The Bad Seeds, Kylie Minogue",1996,237080,False,0
Song Sung Blue - Single Version,Neil Diamond,1972,195160,False,0
Make You Feel My Love,Adele,2008,212040,False,1
Shakin' All Over - Live,The Who,1970,274440,False,24
HUMBLE.,Kendrick Lamar,2017,177000,True,84
Seven Wonders - 2017 Remaster,Fleetwood Mac,1987,222400,False,64
The Only Way Is Up,Yazz,1988,268373,False,52
Bring Me To Life,Evanescence,2003,235893,False,1
Congratulations,Cliff Richard,1977,151800,False,36
Cross Me (feat. Chance the Rapper & PnB Rock),"Ed Sheeran, Chance the Rapper, PnB Rock",2019,204833,False,33
Unwritten,Natasha Bedingfield,2004,259333,False,86
Back At One,Brian McKnight,1999,262666,False,0
Suck My Kiss,Red Hot Chili Peppers,1991,217133,True,63
We Made You,Eminem,2009,269613,False,61
Soul Revival,Johnny Diesel & The Injectors,1989,243200,False,0
Me and Bobby McGee,Janis Joplin,1971,271333,False,67
Love Don't Cost a Thing,Jennifer Lopez,2001,222693,False,0
Dance Hall Days,Wang Chung,1984,240800,False,66
The Middle,Jimmy Eat World,2001,168253,False,1
Down Down,Status Quo,1975,324960,False,47
100 Years,Five For Fighting,2003,244600,False,62
Have You Ever Seen The Rain?,Creedence Clearwater Revival,1970,160133,False,0
Strangers In The Night,Frank Sinatra,1966,157866,False,72
Cool For Cats,Squeeze,1979,219826,False,50
Sweetest Devotion,Adele,2015,251701,False,0
O-o-h Child,The Five Stairsteps,2001,197160,False,63
"Gone, Gone, Gone",Phillip Phillips,2013,209693,False,7
When Julie Comes Around,The Cuff Links,2008,167706,False,0
Dancing On The Ceiling,Lionel Richie,1986,270720,False,65
Hungry Eyes,Eric Carmen,1987,248266,False,0
David's Song,Robbie Williams,2016,254280,False,22
Casino Royale,Herb Alpert & The Tijuana Brass,1967,155986,False,0
You're The One That I Want,"John Travolta, Olivia Newton-John",1978,169840,False,0
Fever,Kylie Minogue,2001,211826,False,28
Just Hold On,"Steve Aoki, Louis Tomlinson",2016,198774,False,0
Colour My World,Petula Clark,1997,168042,False,26
Malibu,Miley Cyrus,2017,231906,False,70
Dum Dum - Single Version,Brenda Lee,2008,144573,False,0
1-2-3 - Single Version,Gloria Estefan,2006,215880,False,34
Life in Technicolor ii,Coldplay,2008,245099,False,31
Sweet Child O' Mine,Guns N' Roses,1987,354520,True,13
I Send A Message,INXS,2011,203160,False,0
Try Me Out,Corona,1994,206880,False,45
Happier,Ed Sheeran,2017,207520,False,74
Ferry Cross the Mersey - Mono; 2002 Remaster,Gerry & The Pacemakers,2008,141986,False,28
We're Good,Dua Lipa,2021,165506,False,49
Department of Youth,Alice Cooper,1975,196800,False,34
Taylor,Jack Johnson,2003,238826,False,0
All Day and All of the Night,The Kinks,2009,141493,False,0
That's The Way Love Goes,Janet Jackson,1993,265106,False,64
Boys Like You (feat. Gossling),"360, Gossling",2012,220682,False,22
Fancy,"Iggy Azalea, Charli xcx",2014,199938,True,0
Breathe,The Prodigy,1997,334800,False,0
One Way Ticket,Eruption,2011,213200,False,60
It's Gotta Be You,Isaiah Firebrace,2016,191433,False,45
Give Me the Meltdown,Rob Thomas,2009,192786,False,32
I Don't Like Mondays,The Boomtown Rats,1979,259093,False,59
In the Navy - Original Version 1979,Village People,1979,339946,False,55
Maybe It’s My First Time,Meg Mac,2017,213240,False,31
Send in the Clowns,Judy Collins,2001,244426,False,28
Who Am I (What's My Name)?,Snoop Dogg,1993,246320,True,0
Heartbreaker (feat. John Legend),"MSTRKRFT, John Legend",2009,192853,False,0
Blue Velvet,Bobby Vinton,2006,167213,False,46
"Bump, Bump, Bump (feat. P. Diddy)","B2K, Diddy",2004,282533,False,56
Me Too,Meghan Trainor,2016,181240,False,50
My Life Would Suck Without You,Kelly Clarkson,2009,211493,False,42
Are You Gonna Be My Girl,Jet,2003,213800,False,0
Tired of Toein' the Line,Rocky Burnette,2008,193560,False,0
(It Goes Like) Nanana - Edit,Peggy Gou,2023,231545,False,77
In a Different Light,Daneka Nation,2020,187924,False,6
C U When U Get There (feat. 40 thevz),"Coolio, 40 Thevz",1997,311040,True,0
Among My Souvenirs,Connie Francis,1996,149866,False,35
I Want It All - Remastered 2011,Queen,1991,241253,False,0
Wide Boy,Nik Kershaw,1984,208106,False,0
22,Lily Allen,2008,186306,False,46
Buy U a Drank (Shawty Snappin') (feat. Yung Joc),"T-Pain, Yung Joc",2007,227960,False,1
Boys Like You,"360, Gossling",2011,220626,True,49
First Time,"Kygo, Ellie Goulding",2017,194333,False,39
Dreadlock Holiday,10cc,1978,267946,False,61
Can't Feel My Face,The Weeknd,2015,213520,False,80
Fred Astaire,San Cisco,2012,175986,False,39
Take My Breath Away,Jessica Simpson,2003,195346,False,40
One Step At a Time,Jordin Sparks,2007,205160,False,0
Something Big,Shawn Mendes,2015,161440,False,0
Cambodia - Single Version,Kim Wilde,1982,237706,False,30
Candy Paint,Post Malone,2018,227533,True,72
Lost In France,Bonnie Tyler,2006,232920,False,0
Cotton Fields (The Cotton Song) - Remastered 2001,The Beach Boys,1969,143066,False,35
Everlovin' Man,The Loved Ones,1995,131693,False,20
It's My Life,The Animals,1987,189266,False,51
More Than a Feeling,Boston,1976,285133,False,0
Fallin’ (Adrenaline),Why Don't We,2020,216504,False,57
Lonely No More,Rob Thomas,2005,226640,False,55
California Love - Original Version (Explicit),"2Pac, Roger, Dr. Dre",1998,284906,True,0
Feel the Beat,Darude,2001,259200,False,51
Heaven Is A Place On Earth,Belinda Carlisle,1987,246520,False,69
All My Friends (feat. Tinashe & Chance the Rapper),"Snakehips, Tinashe, Chance the Rapper",2015,229746,True,67
"Hey, Soul Sister",Train,2009,216773,False,0
Ladies & Gentlemen,Short Stack,2008,205720,False,0
Orange Crush,R.E.M.,1988,231640,False,0
Alley Oop,The Hollywood Argyles,2011,161733,False,3
Ticket To Ride - Remastered 2009,The Beatles,1965,189680,False,63
Nobody's Love,Maroon 5,2020,211253,False,8
Bow Wow (That's My Name) - Radio Edit,Bow Wow,2001,202733,False,0
Oh Carol,Smokie,1975,219293,False,29
Personality,Lloyd Price,1994,157733,False,38
The Sweet Escape,"Gwen Stefani, Akon",2006,246466,False,0
Run Baby Run,Deadstar,1999,210360,False,25
Lemonade,"Internet Money, Gunna, Don Toliver, NAV",2020,195428,True,7
It's Your Life,Smokie,1977,214960,False,19
Big Yellow Taxi,Joni Mitchell,1970,134800,False,63
"Mama Do (Uh Oh, Uh Oh)",Pixie Lott,2009,196520,False,0
Living For Love,Madonna,2015,218720,False,0
Need You Tonight,INXS,1987,181240,False,47
Hocus Pocus - Original Single Version,Focus,1971,192261,False,41
Dance The Night Away,The Mavericks,1998,262640,False,53
Wherever You Will Go,The Calling,2001,208506,False,64
Little Children,"Billy J. Kramer, The Dakotas",1991,167506,False,33
Substitute,The Who,1971,227266,False,46
"A Little Bit Me, a Little Bit You",The Monkees,2008,168053,False,34
Holdin On,Flume,2012,154414,False,0
Set Adrift On Memory Bliss,P.M. Dawn,1999,211661,False,47
On A Plain,Nirvana,1994,224800,False,0
Reet Petite,Jackie Wilson,1958,169240,False,53
aNYway,Duck Sauce,2013,302920,False,0
All Of The Dreamers,Powderfinger,2009,218813,False,22
Don't It Make You Want To Go Home - Remastered 2002,Joe South,2002,196000,False,23
Wild Wild Life - 2005 Remaster,"Talking Heads, Jerry Harrison",1986,220680,False,45
I Need to Know,Marc Anthony,1999,227706,False,50
Freedom,Pharrell Williams,2015,162466,False,63
Ego (Is Not a Dirty Word) - 1994 Remaster,Skyhooks,1975,180826,False,31
Some Kind Of Wonderful,Grand Funk Railroad,2006,203253,False,48
Ass Like That,Eminem,2004,265480,True,0
I Want Love,Jessie J,2021,197500,False,47
Mistake,Stephanie McIntosh,2006,200040,False,28
We Are Family - 1995 Remaster,Sister Sledge,1979,216733,False,67
The Hampsterdance Song,Hampton The Hampster,2000,212866,False,0
Ain't No Other Man,Christina Aguilera,2008,228626,False,0
Red Red Wine,UB40,1983,320933,False,56
Painless,Baby Animals,2008,221493,False,0
Minority,Green Day,2001,168226,True,33
Close To You,Maxi Priest,1990,325800,False,55
Don't Phunk With My Heart,Black Eyed Peas,2005,239773,False,0
Nightshift,Commodores,1997,304026,False,0
Stay with Me Till Dawn,Judie Tzuke,1979,235266,False,0
Pop Singer,John Mellencamp,1989,168000,False,27
I Eat Cannibals - Pt. 1,Toto Coelo,1987,215226,False,0
In My Mind (feat. Georgi Kay) - Axwell Radio Edit,"Ivan Gough, Feenixpawl, Georgi Kay, Axwell",2012,185624,False,0
Wanna Be Startin' Somethin' (2008 with Akon) (with Akon) - Thriller 25th Anniversary Remix,"Michael Jackson, Akon, Mark ""Exit"" Goodchild, Aliaune ""Akon"" Thiam",2008,254120,False,37
My Little Corner of the World,Yo La Tengo,1997,145573,False,53
The Band Played the Boogie,C.C.S.,1991,217133,False,15
Walk Alone (feat. Tom Walker),"Rudimental, Tom Walker",2018,205408,False,40
Memories (feat. Kid Cudi),"David Guetta, Kid Cudi",2010,210840,False,61
I Know What You Want (feat. Flipmode Squad),"Busta Rhymes, Mariah Carey, Flipmode Squad",2002,324306,True,69
The Show Goes On,Lupe Fiasco,2011,239613,True,67
With You,Chris Brown,2007,252160,False,0
Come to This,Natalie Taylor,2014,217968,False,35
Love Takes Time,Mariah Carey,2015,228266,False,25
Pure Massacre,Silverchair,1995,298640,False,46
Please Don't Go,K.W.S.,2015,373600,False,43
Shed a Light,"Robin Schulz, David Guetta, Cheat Codes",2017,191379,False,60
Talk That Talk - Album Version (Edited),"Rihanna, JAY-Z",2011,209600,False,35
No Milk Today - Mono Version,Herman's Hermits,2004,174333,False,50
Follow Me,Uncle Kracker,2000,218439,True,70
I Want To Be Straight,Ian Dury & The Blockheads,2010,199226,False,0
Sail The Wildest Stretch,Powderfinger,2009,248520,False,33
Snakeskin,Gyroscope,2008,249826,False,35
Praying,Kesha,2017,230269,False,0
Follow You Down,Gin Blossoms,1996,270066,False,53
Soldier (feat. T.I. & Lil' Wayne),"Destiny's Child, T.I., Lil Wayne",2004,325573,False,58
I Gotcha,Jimmy Barnes,1991,208666,False,0
Fingers Crossed,Lauren Spencer Smith,2022,175344,False,0
Ms. Jackson,Outkast,2000,270506,True,81
Again,Lenny Kravitz,2000,231666,False,66
New Moon Rising,Wolfmother,2009,225573,False,0
Sucker for You,Matt Terry,2017,203813,False,44
Talk It Over,Grayson Hugh,1988,258399,False,33
Nothing Like Us,Justin Bieber,2013,199800,False,54
Curiosity Killed The Cat - 2002 Digital Remaster,Little River Band,2002,221200,False,0
Drive By,Train,2012,196626,False,0
Talkin' Bout a Revolution,Tracy Chapman,1988,161600,False,71
Another Funny Honeymoon,David Dundas,1977,174466,False,0
Don't Leave Me Alone (feat. Anne-Marie),"David Guetta, Anne-Marie",2018,183750,False,52
That's Rock 'N' Roll,Shaun Cassidy,1977,176173,False,33
I Wish I Was a Punk Rocker (with Flowers in My Hair),Sandi Thom,2006,151640,False,55
Satisfied (feat. MAX),"Galantis, MAX",2018,155939,False,45
Love to Love You,The Corrs,1995,202666,False,41
Shed a Light,"Robin Schulz, David Guetta, Cheat Codes",2016,191379,False,54
Take It Easy - 2013 Remaster,Eagles,1972,211577,False,77
Hip Hop Hooray,Naughty By Nature,1993,267266,False,0
Be Alright,Dean Lewis,2019,196493,True,77
good 4 u,Olivia Rodrigo,2021,178147,False,3
Lonely,Shannon Noll,2009,282466,False,13
I Love The Nightlife (Disco 'Round),Alicia Bridges,2001,200360,False,44
Money,Abz Winter,2021,224000,False,0
Dancing In The Storm,Boom Crash Opera,2009,242373,False,0
500 Miles Away from Home,Bobby Bare,2004,162506,False,36
Right By Your Side - Remastered Version,"Eurythmics, Annie Lennox, Dave Stewart",1983,244946,False,33
I Walk the Line,Johnny Cash,1970,176533,False,64
Magic (feat. Rivers Cuomo),"B.o.B, Rivers Cuomo",2010,196133,False,63
South of the Border (feat. Camila Cabello & Cardi B),"Ed Sheeran, Camila Cabello, Cardi B",2019,204466,False,71
Gotta Pull Myself Together,The Nolans,1980,163480,False,34
Revelry,Kings of Leon,2008,201733,False,61
Precious to Me,Phil Seymour,2012,171160,False,0
Growin' Up and Gettin' Old,Luke Combs,2023,233666,False,51
Perfect,The Veronicas,2023,153642,True,27
The Rose,Bette Midler,1979,221373,False,60
For You I Will (Confidence),Teddy Geiger,2006,228880,False,0
Mo Money Mo Problems (feat. Puff Daddy & Mase) - 2014 Remaster,"The Notorious B.I.G., Mase, Diddy",1997,257399,True,73
Runaway,Janet Jackson,1995,214933,False,0
(Down At) Papa Joe's,"Dixie Belles, Cornbread & Jerry",2014,153782,False,0
Burn Your Name,Powderfinger,2009,230706,False,0
Mama Said,Metallica,1996,319600,False,0
Fuel,Metallica,1997,269800,True,0
I Found Someone,Cher,1987,223160,False,52
Flashdance...What a Feeling - Radio Edit,Irene Cara,1983,237053,False,75
Whole Again,Atomic Kitten,2003,185866,False,45
I Woke Up In Love This Morning,"David Cassidy, The Partridge Family",1974,160573,False,34
Rock with You - Single Version,Michael Jackson,1979,220626,False,79
Hearts on Fire,John Farnham,2003,258320,False,17
Middle,"DJ Snake, Bipolar Sunshine",2016,220573,False,0
God Put a Smile upon Your Face,Coldplay,2002,297306,False,63
Bad Liar,Selena Gomez,2017,214647,False,0
Trap Queen,Fetty Wap,2015,222093,True,73
Jump in My Car,Ted Mulry Gang,2013,180066,False,0
On And On And On,ABBA,1980,220280,False,0
Fight For Your Right,Beastie Boys,1986,208653,False,68
Child,360,2011,293373,True,43
Ready to Go (Get Me Out of My Mind),Panic! At The Disco,2011,217026,False,51
Move Away,Culture Club,1986,261733,False,34
Reunited,"Toni Braxton, Babyface",2014,197560,False,37
Dream A Little Dream Of Me,Louis Armstrong,1968,196840,False,66
Kill Em With Kindness,Selena Gomez,2015,217906,False,60
We R Who We R,Kesha,2010,204826,False,0
My Heart Is Open,"Maroon 5, Gwen Stefani",2014,238400,False,0
Let Me In,The Sensations,2014,188104,False,12
Smoky Places,The Corsairs,2013,176248,False,0
The Sound of Silence,Disturbed,2015,248466,False,74
More Than You Know,Axwell /\ Ingrosso,2017,203000,False,1
That's Not My Name,The Ting Tings,2007,310573,False,55
16 Candles,"Johnny Maestro, The Crests",1993,174640,False,44
Against All Odds (Take A Look At Me Now),Phil Collins,1998,204600,False,0
Better Man,Pearl Jam,1994,268586,False,65
I Know What You Want (feat. Flipmode Squad),"Busta Rhymes, Mariah Carey, Flipmode Squad",2002,324306,False,51
Shy Away,Twenty One Pilots,2021,175044,False,0
I Want to Know What Love Is - 1999 Remaster,Foreigner,1984,304786,False,81
I'll Show You,Justin Bieber,2015,199946,False,60
Have You Ever Really Loved A Woman?,Bryan Adams,1996,291666,False,0
I Love It,"Icona Pop, Charli xcx",2012,156773,True,23
Bigger,Stan Walker,2020,176574,False,17
Music Box Dancer,Frank Mills,1978,192360,False,0
I Wish That We Were Married,Ronnie And The Hi-Lites,2012,171786,False,0
Catch 22 (feat. Anne-Marie),"Illy, Anne-Marie",2016,221417,True,32
Big Bad John,Jimmy Dean,2004,182560,False,52
To Love Somebody,Bee Gees,1967,182000,False,67
Sick Cycle Carousel,Lifehouse,2001,263400,False,0
Can't Stop Loving You - 2016 Remaster,Phil Collins,2002,256453,False,58
Lucid Dreams,Juice WRLD,2018,239835,True,82
Jeremy,Pearl Jam,2004,319466,True,37
B-52,Near Mrs,2021,198857,False,0
In Da Club - Single Version / Edit,50 Cent,2017,225426,False,27
Born This Way,Lady Gaga,2011,260252,False,71
That's How You Know (feat. Kid Ink & Bebe Rexha),"Nico & Vinz, Kid Ink, Bebe Rexha",2015,186443,True,51
Dancing in the Moonlight,Toploader,2009,233373,False,62
Till the World Stops Turning,Kaleb Jones,2014,227497,False,33
Hummingbird Heartbeat,Katy Perry,2012,212280,False,43
Heat Wave,Martha Reeves & The Vandellas,2010,162093,False,0
Clothes Off!!,Gym Class Heroes,2006,235480,True,43
Roses Are Red (My Love) - Single Version,Bobby Vinton,2004,158933,False,36
I Am Australian,The Seekers,2019,365720,False,37
Rapture (feat.Nadia Ali),"iio, Nadia Ali",2006,253586,False,56
Love On Top,Beyoncé,2011,267413,False,72
Hey Lover,"LL COOL J, Boyz II Men",1995,284733,False,28
Peggy Sue,"Buddy Holly, The Crickets",1958,150960,False,54
Suspicious Minds,Elvis Presley,1969,263973,False,0
End Of The Road,Boyz II Men,2009,349640,False,0
Music Won't Break Your Heart,Stan Walker,2011,199813,False,19
Like a Prayer,Madonna,2009,342680,False,76
Cherish - remastered,David Cassidy,1974,227266,False,31
All I Have to Give,Backstreet Boys,1996,276573,False,48
Inside Out (feat. Charlee),"The Chainsmokers, Charlee",2016,233573,False,35
Scars,James Bay,2015,272600,False,41
Heartless,Kanye West,2008,211000,False,84
Heart of Gold - 2009 Remaster,Neil Young,1972,187013,False,62
Kung Fu Fighting,Carl Douglas,2001,197693,False,3
Let's Dance - Radio Edit,Five,2003,218066,False,25
You Don't Know How It Feels,Tom Petty,1994,289440,False,64
Cheyenne,Jason Derulo,2015,215107,False,46
She Wears My Ring,Johnny O'Keefe,2001,135493,False,6
"Someday, One Day",The Seekers,1989,155106,False,21
Overkill,Men At Work,1981,227133,False,35
Stuck In A Moment You Can't Get Out Of,U2,2006,272346,False,0
Fever,"Dua Lipa, Angèle",2020,156910,False,58
FRIENDS,"Marshmello, Anne-Marie",2018,202620,True,74
Crying In The Chapel,Peter Blakeley,1990,222333,False,35
Livin' On A Prayer,Bon Jovi,2010,250626,False,0
Light My Fire,José Feliciano,2011,215133,False,38
Having a Party,Sam Cooke,1962,157296,False,36
Lady Godiva - Mono; 2003 Remaster,Peter And Gordon,1966,145933,False,5
Itsy Bitsy Teenie Weenie Yellow Polkadot Bikini,Brian Hyland,2015,143374,False,1
Levels,Nick Jonas,2015,167693,False,0
Emma,Hot Chocolate,1974,232040,False,42
Forget You,CeeLo Green,2010,222733,False,54
Aeroplane,Red Hot Chili Peppers,1995,285066,True,43
Take Me Bak 'Ome,Slade,1973,195973,False,0
Burn,Ellie Goulding,2014,231211,False,62
Let's Talk About Sex,Salt-N-Pepa,1990,213266,False,58
I Don't Remember,Powderfinger,2011,220386,False,0
Crying at the Discoteque - Radio Edit,Alcazar,1999,231533,False,58
Your Love Is My Drug,Kesha,2010,187960,False,0
Can't Fight This Feeling,REO Speedwagon,1984,294773,False,72
Dream Girl,David Jones,1965,136293,False,4
Bruises,Lewis Capaldi,2019,220200,False,42
Give Me All Your Luvin',"Madonna, Nicki Minaj, M.I.A.",2012,202760,False,45
Lovers in Japan,Coldplay,2008,411013,False,19
Catch My Disease,Ben Lee,2005,253653,False,0
Hustle,P!nk,2019,175599,False,27
In My Head,Jason Derulo,2010,199026,False,65
This Love,Maroon 5,2002,206200,False,0
Helena Beat,Foster The People,2011,276173,False,62
"Tonight, I Celebrate My Love",Peabo Bryson with Roberta Flack,2005,209626,False,33
She's The One,The Cockroaches,1987,152960,False,0
Concrete And Clay,Mental As Anything,2019,165275,False,29
Where Them Girls At (feat. Nicki Minaj & Flo Rida),"David Guetta, Flo Rida, Nicki Minaj",2012,194840,True,74
Superwoman,Alicia Keys,2007,274106,False,0
"Danger Zone - From ""Top Gun"" Original Soundtrack",Kenny Loggins,1986,211626,False,44
Long Road To Ruin,Foo Fighters,2007,224880,False,54
"Burning Heart - From ""Rocky IV"" Soundtrack",Survivor,1990,232173,False,31
A Thousand Miles,Vanessa Carlton,2002,237493,False,75
Peaceful Easy Feeling - 2013 Remaster,Eagles,1972,257962,False,67
Kiss and Say Goodbye,The Manhattans,1995,265626,False,42
AFTERGLOW,Taxiride,2002,247893,False,16
Great Balls Of Fire,Jerry Lee Lewis,1961,111535,False,68
Boys Will Be Boys,Choirboys,1987,208506,False,42
Message to My Girl,Split Enz,1983,243973,False,45
Summertime Sadness (Lana Del Rey Vs. Cedric Gervais) - Cedric Gervais Remix,"Lana Del Rey, Cedric Gervais",2013,214912,False,54
The Story,Brandi Carlile,2007,238493,False,62
Secret Love Song (feat. Jason Derulo),"Little Mix, Jason Derulo",2015,249813,False,0
Always,Bon Jovi,1994,353320,False,55
I Need Somebody,Bardot,2001,206413,False,0
Know Your Worth,"Khalid, Disclosure",2020,181436,False,62
I Wanna Be a Cowboy,Boys Don't Cry,2020,366155,False,29
Mockingbird,Eminem,2005,251266,True,1
Feel like Makin' Love - 2015 Remaster,Bad Company,1975,313840,False,63
Up There Cazaly,"Two Man Band\, The",1999,170800,False,0
I Got You (I Feel Good),James Brown,2014,167346,False,0
How Deep Is Your Love,Bee Gees,1979,245200,False,0
Until It Sleeps,Metallica,1996,267933,False,0
Under the Bridge,Red Hot Chili Peppers,1991,264306,False,81
Left Outside Alone,Anastacia,2004,257426,False,62
God Only Knows,MKTO,2012,195840,False,34
Good Girls Go Bad (feat. Leighton Meester),"Cobra Starship, Leighton Meester",2009,196413,False,63
Drinking from the Bottle (feat. Tinie Tempah),"Calvin Harris, Tinie Tempah",2012,240346,False,57
Hair (Rerecorded),The Cowsills,2007,207786,False,18
Lonely Blue Boy,Conway Twitty,2013,136437,False,1
Runnin' (Dying To Live),"2Pac, The Notorious B.I.G.",2003,230786,True,0
Mine,Bazzi,2018,131064,True,71
17,MK,2017,196489,False,59
Passerby,Grinspoon,2012,214040,False,0
Dreaming of You,The Coral,2002,141000,False,60
R U Crazy - Radio Edit,Conor Maynard,2013,207666,False,40
Honey To The Bee - Single Version,Billie Piper,2005,304933,False,15
The Clapping Song,The Belle Stars,1981,195373,False,28
Falling,Harry Styles,2019,240133,False,79
This Time I Know It's For Real,Young Divas,2006,234453,False,34
wish you were gay,Billie Eilish,2019,221543,False,0
Torn,Natalie Imbruglia,2007,244813,False,63
One More Chance,Bloc Party,2008,279986,False,0
One Headlight,The Wallflowers,1996,312626,False,70
Start Me Up - 2009 Re-Mastered Digital Version,The Rolling Stones,1981,213066,False,0
I Knew You Were Trouble,Taylor Swift,2012,219720,False,0
Eagle Rock - 2011 Remaster,Daddy Cool,1971,250066,False,56
I Don't Want to Talk About It - 2008 Remaster,Rod Stewart,1975,288266,False,63
Ain't That Loving You Baby,Elvis Presley,1968,143013,False,31
Everyday,"Buddy Holly, The Crickets",1958,129120,False,61
Shout To The Top - Full Version,The Style Council,1985,254186,False,0
Moments (feat. Gavin James),"Bliss n Eso, Gavin James",2017,237613,True,0
Part-Time Lover,Stevie Wonder,1985,252560,False,67
Strawberry Kisses,Nikki Webster,2001,213773,False,17
Close To You,John Butler Trio,2010,231413,False,38
Mmm Yeah (feat. Pitbull),"Austin Mahone, Pitbull",2014,231624,False,0
Afterglow,Ed Sheeran,2020,185486,False,66
Say My Name,Tove Styrke,2017,203250,False,30
Spray On Pants,Kisschasy,2007,227186,False,31
Sober,Childish Gambino,2014,252013,False,0
This Is Love,"will.i.am, Eva Simons",2013,279026,False,0
Big Girl (You Are Beautiful),MIKA,2006,248000,False,55
Tattoo,Jordin Sparks,2007,233466,False,0
Love Long Distance,Gossip,2009,264826,False,7
See See Rider,Eric Burdon & the Animals,2011,245456,False,14
Into the Groove,Madonna,2009,285093,False,62
Whenever You Need Somebody,Rick Astley,1987,233666,False,0
Out Of Mind Out Of Sight,Models,1985,217466,False,44
You Really Got Me,Van Halen,1978,157640,False,0
Keep Me Crazy,Sheppard,2017,196953,False,22
Home,"Naughty Boy, RØMANS",2013,205065,False,28
Head over Feet - 2015 Remaster,Alanis Morissette,1995,267293,False,62
Looking for an Echo,Ol' 55,1976,205266,False,30
Mother's Daughter,Miley Cyrus,2019,219080,False,0
Heavy Cross,Gossip,2009,242773,False,53
Family Affair,Mary J. Blige,2001,265866,False,78
Put Your Hands Up,Matchbox Twenty,2013,173120,False,19
Thunder,Jessie J,2013,215840,False,8
Coming Home,Sheppard,2017,218385,False,47
Cake By The Ocean,DNCE,2016,219146,True,0
Everywhere I Go,"QED, Jenny Morris",1984,211800,False,21
Not An Addict,K's Choice,2009,288183,False,41
Cash in My Pocket (feat. Daniel Merriweather),"Wiley, Daniel Merriweather",2008,179906,False,30
Tusk - 2015 Remaster,Fleetwood Mac,1979,217573,False,55
500 Miles Away from Home,Bobby Bare,1963,162560,False,45
Seventeen Forever,Metro Station,2007,174133,False,39
How You Remind Me,Nickelback,2013,224173,False,51
Be Somebody,Kings of Leon,2008,227146,False,49
Wasabi,Lee Harding,2006,180333,False,26
SOS,Rihanna,2006,238920,False,76
You Da One - Album Version (Edited),Rihanna,2011,200013,False,36
"Hello, You Beautiful Thing",Jason Mraz,2014,212586,False,25
(Baby I've Got You) On My Mind,Powderfinger,2003,200440,False,54
Down Under (feat. Colin Hay),"Luude, Colin Hay",2021,158774,False,58
The Power of Love,Jennifer Rush,1995,268200,False,59
When Love Takes Over (feat. Kelly Rowland),"David Guetta, Kelly Rowland",2010,191000,False,57
"Never, Never Gonna Give Ya Up - Long Version",Barry White,2018,280280,False,39
LIKE I WOULD,ZAYN,2016,192133,False,57
Don't Start Now - Purple Disco Machine Remix,"Dua Lipa, Purple Disco Machine",2020,216774,False,47
Like an Animal,RÜFÜS DU SOL,2016,241580,False,33
Ooh-Wakka-Doo-Wakka-Day,Gilbert O'Sullivan,1972,165160,False,0
Moving on Up,M People,2009,216040,False,39
Houdini,Dua Lipa,2023,185917,False,56
"Beauty and the Beast - From ""Beauty and the Beast""","Ariana Grande, John Legend",2017,227928,False,0
Fight Song,Rachel Platten,2016,204013,False,74
Devil Or Angel,Bobby Vee,1985,139440,False,6
Til Death - Denzal Park Radio Edit,Wynter Gordon,2010,180240,False,23
I Wish,Stevie Wonder,1976,252373,False,0
Most Girls,P!nk,2000,298933,False,0
I Want to Be Wanted,Brenda Lee,2015,182626,False,9
Popcorn,Hot Butter,2005,151440,False,0
Don’t Be So Shy - Filatov & Karas Remix,"Imany, Filatov, Karas",2016,190000,False,44
We Built This City,Starship,1985,294933,False,0
Mirror (feat. Wrabel),"Illy, Wrabel",2021,221706,False,19
Accidents Happen,Zoë Badwi,2011,187845,False,0
Good Grief,Bastille,2016,206493,False,64
Can't Hold Us Down (feat. Lil' Kim),"Christina Aguilera, Lil' Kim",2002,255266,False,59
I Remember You,Skid Row,2007,314026,False,4
What Have They Done To My Song Ma?,The New Seekers,2019,202040,False,25
Party In The U.S.A.,Miley Cyrus,2009,202066,False,80
If I Were A Carpenter,Four Tops,1967,168800,False,38
Helping Hand,The Screaming Jets,1992,290493,False,43
Dancing in the City,Marshall Hain,2011,229480,False,45
I'll Never Fall In Love Again,Bobbie Gentry,1969,175799,False,30
Call Me Maybe,Carly Rae Jepsen,2012,193400,False,80
The Man Who Can't Be Moved,The Script,2008,242106,False,0
I Like It,"Cardi B, Bad Bunny, J Balvin",2018,253390,True,75
Marry You,Bruno Mars,2010,230192,False,74
Love You Goodbye,One Direction,2015,196933,False,60
No Aphrodisiac - Original,The Whitlams,1997,259493,False,0
working,"Tate McRae, Khalid",2021,210219,True,57
Mystify,INXS,2011,197586,False,41
1-2-3-4 (Sumpin' New),Coolio,1995,213920,False,0
Don't Throw Your Love Away - Mono,The Searchers,1964,136960,False,0
When You're Not Near,Rob E.G.,2020,196826,False,0
Sirens,Pearl Jam,2013,340320,False,0
Doctor Pressure - Dirty Radio Edit,"Mylo, Miami Sound Machine",2009,204826,False,40
"Girl, You'll Be A Woman Soon",Neil Diamond,1968,180253,False,62
Bad Medicine,Bon Jovi,1988,316706,False,66
How You Gonna See Me Now,Alice Cooper,1978,235973,False,43
I Wanna Dance with Somebody (Who Loves Me),Whitney Houston,1987,291293,False,81
Don't Tell Me,Ruel,2017,241625,False,29
The Fox (What Does the Fox Say?),Ylvis,2013,213708,False,62
Blame It on the Boogie,The Jacksons,1978,214200,False,70
Smooth Criminal - 2012 Remaster,Michael Jackson,2012,257760,False,73
Baby Don't Forget My Number,Milli Vanilli,1988,249640,False,56
Get Over You,Sophie Ellis-Bextor,2002,195293,False,0
I Miss You,blink-182,2003,227253,False,0
Remedy,Little Boots,2008,199333,False,40
Thank You,Dido,1999,218360,False,74
Iko Iko,The Belle Stars,1981,179173,False,47
Bye Bye Baby,Bay City Rollers,1975,170360,False,51
"Yummy, Yummy, Yummy",Ohio Express,2001,140426,False,37
D.W. Washburn - 1968 Stereo Mix,The Monkees,2016,170360,False,8
You Don't Scare Me,Josh Pyke,2008,218253,False,0
"Nasty Girl (feat. Diddy, Nelly, Jagged Edge & Avery Storm) - 2005 Remaster","The Notorious B.I.G., Avery Storm, Diddy, Jagged Edge, Nelly",2005,286186,True,67
I Like To Move It (feat. The Mad Stuntman) - Radio Mix,"Reel 2 Real, The Mad Stuntman, Alex Natale DJ, Visnadi",2007,221951,False,0
Players,Coi Leray,2022,139560,True,69
Hello Stranger,Barbara Lewis,2005,164346,False,0
Sunflower - Spider-Man: Into the Spider-Verse,"Post Malone, Swae Lee",2018,158053,False,2
Hurdy Gurdy Man,Donovan,1968,193466,False,52
For One Day,Evermore,2004,250280,False,28
Half Mast,Empire Of The Sun,2009,234360,False,41
Please Don't Go,No Mercy,1996,240093,False,40
Susie Darlin,Barry Crocker,2015,205973,False,0
Gitarzan,Ray Stevens,2014,187040,False,0
WHATS POPPIN,Jack Harlow,2020,139741,True,73
Brave,Sara Bareilles,2013,220573,False,65
I'd Die To Be With You Tonight - Remastered,Jimmy Barnes,1985,239912,False,26
If It Ain't Love,Jason Derulo,2016,203105,False,49
Going in with my eyes open,David Soul,1977,243333,False,0
Say It,"Flume, Tove Lo",2016,262521,True,51
"Schnappi, das kleine Krokodil - Kids-Version",Das singende Krokodil vom Nil,2008,128320,False,36
Set Adrift on Memory Bliss (Re-Recorded),P.M. Dawn,2014,235800,False,0
Kiss Me,Ed Sheeran,2011,280853,False,65
Don't Need Love,Johnny Diesel & The Injectors,1989,251240,False,0
One Of Us,Joan Osborne,1995,320466,False,65
Sara,Fleetwood Mac,1988,382373,False,59
Love Hurts - Single Edit,Nazareth,1975,232120,False,9
Pictures Of Lily,The Who,1971,162760,False,34
Shot Me Down (feat. Skylar Grey) - Radio Edit,"David Guetta, Skylar Grey",2014,191412,False,58
Before You Go,Lewis Capaldi,2019,215106,False,81
Holidae In,"Chingy, Ludacris, Snoop Dogg",2003,314400,True,55
Can't Hold Us (feat. Ray Dalton),"Macklemore, Ryan Lewis, Macklemore & Ryan Lewis, Ray Dalton",2012,258342,False,77
I Will Never Let You Down,Rita Ora,2014,203466,False,20
Mother,Meghan Trainor,2023,147481,True,59
The Name Of The Game,ABBA,1977,291866,False,58
Miss Freelove '69,Hoodoo Gurus,1992,254117,False,15
Not Many - Remix,"Scribe, Savage, Con-Psy",2003,225960,True,0
I'm Your Baby Tonight,Whitney Houston,1990,299426,False,56
Beautiful In My Eyes,Joshua Kadison,1993,249493,False,56
Women (make You Feel Alright),The Easybeats,1966,154200,False,0
Blow Me (One Last Kiss),P!nk,2012,255586,True,65
Left Hand Free,alt-J,2014,173630,False,0
Clarity,"Zedd, Foxes",2012,271426,False,0
Sweet Sixteen,Billy Idol,1986,257266,False,0
Love Is Only a Feeling,The Darkness,2003,260413,False,50
Shut It Down (feat. Akon),"Pitbull, Akon",2009,226093,True,38
Falling,Trevor Daniel,2018,159381,False,2
You Give Me Something,Jamiroquai,2001,199600,False,62
I Love to Love (But My Baby Loves to Dance),Tina Charles,2015,186133,False,22
Rewrite The Stars,"Zac Efron, Zendaya",2017,217440,False,71
A Walk In The Black Forest,Horst Jankowski,1964,169680,False,39
Gangsta's Paradise,"Coolio, L.V.",1995,240693,False,5
STAR WALKIN' (League of Legends Worlds Anthem),Lil Nas X,2022,210575,True,70
We'll Be Coming Back (feat. Example),"Calvin Harris, Example",2012,234360,False,59
Signs,"Snoop Dogg, Charlie Wilson, Justin Timberlake",2004,236813,True,51
I Was Made for Dancin',Leif Garrett,1998,196440,False,42
Love Will Never Do (Without You) - Single Version,Janet Jackson,1995,274800,False,0
I Love You,Matt B,2021,206326,False,0
I Fall Apart,Post Malone,2016,223346,True,75
Another Day In Paradise,Phil Collins,1998,322466,False,0
Beautiful Mistakes (feat. Megan Thee Stallion),"Maroon 5, Megan Thee Stallion",2021,227395,False,74
Summer Wine,"Nancy Sinatra, Lee Hazlewood",1968,256279,False,0
Counting Stars,OneRepublic,2013,257265,False,85
Always Come Back To Your Love,Samantha Mumba,2006,213160,False,46
Act Yr Age,Bluejuice,2011,200120,False,44
Another Place,"Bastille, Alessia Cara",2019,213510,False,49
Causing a Commotion,Madonna,1987,261666,False,43
Don't Change,INXS,2011,266173,False,0
For A Better Day,Avicii,2015,206066,False,0
Sunlight,Bag Raiders,2011,243186,False,0
Not a Day Goes By,Rick Price,1992,259200,False,27
867-5309 / Jenny,Tommy Tutone,1981,226200,False,60
Marry The Night,Lady Gaga,2011,264520,False,59
Stole the Show,Parson James,2016,231880,False,17
All In It,Justin Bieber,2015,231413,False,0
Sunglasses At Night,Corey Hart,1992,320573,False,58
Dream Lover - 2006 Remaster,Bobby Darin,2007,151253,False,60
Another One Bites The Dust - Remastered 2011,Queen,1980,214653,False,72
Last Night,Morgan Wallen,2023,163854,True,77
"Hey Mama (feat. Nicki Minaj, Bebe Rexha & Afrojack)","David Guetta, AFROJACK, Bebe Rexha, Nicki Minaj",2014,192560,False,59
Upgrade,Kelly Rose,2021,170773,False,1
Take Me Away (Into The Night) - Vocal Radio Mix,4 Strings,2003,190426,False,57
Jive Talkin',Bee Gees,1975,222266,False,58
Feel,Robbie Williams,2002,264093,False,43
Don't Hold Your Breath,Nicole Scherzinger,2011,197440,False,0
My Completeness,Thirsty Merc,2004,228000,False,26
"Risk It - Original Song from the TV Series ""The Secret Daughter""",Jessica Mauboy,2017,195200,False,12
Stop The Music,"P-Money, Scribe",2005,309146,True,0
Jump,Kris Kross,1992,195106,False,65
Thug Lovin',"Ja Rule, Bobby Brown",2002,290373,True,43
Sugar,Maroon 5,2015,235493,True,55
Mule Skinner Blues,The Fendermen,2015,142266,False,0
Smiley,Ronnie Burns,2016,209186,False,12
Forever Young,Alphaville,1984,226706,False,85
Whataya Want from Me,Adam Lambert,2009,227320,False,59
Dreamin' - 2001 Remaster,Cliff Richard,1980,220440,False,35
Wherever You Will Go,The Calling,2011,209360,False,55
Killing In the Name,Rage Against The Machine,1992,313666,True,54
Crazy Little Thing Called Love - Remastered 2011,Queen,1980,163373,False,71
Put Your Hand in the Hand,Ocean,1971,176706,False,33
No More Lonely Nights (Ballad),Paul McCartney,1984,312733,False,0
Murder On The Dancefloor,Sophie Ellis-Bextor,2002,230013,False,3
Sleepwalking,Elderbrook,2018,185505,False,37
When the Weather Is Fine,Thirsty Merc,2004,204013,False,17
Hot N Cold,Katy Perry,2008,223226,False,50
Gravity,The Superjesus,2000,239693,False,50
In For The Kill,La Roux,2009,248626,False,0
Working My Way Back to You,The Spinners,2007,242666,False,50
Girl,Destiny's Child,2004,224146,False,54
Wanted Dead Or Alive,Bon Jovi,1986,308266,False,0
Hey Ya!,Outkast,2018,228004,False,43
Poison Arrow,ABC,1982,204266,False,0
This Boys In Love,The Presets,2009,250546,False,0
Crazy,Gnarls Barkley,2006,177933,False,76
Too Much Time Together,San Cisco,2015,169996,False,44
Let's Dance,Chris Montez,1962,149626,False,46
As The Days Go By,Daryl Braithwaite,1988,243693,False,43
Pump It Up,Endor,2019,150635,False,69
Days Of Wine And Roses - REMASTERED,Henry Mancini,2000,126933,False,22
Loud,Stan Walker,2011,204426,False,29
Warning,Green Day,2001,221666,False,30
Mr. Jones,Counting Crows,1993,272293,False,78
What I've Done,Linkin Park,2007,205613,False,36
If You Could Only See,Tonic,2000,263200,False,0
Sweet Nothin's,Brenda Lee,2000,143826,False,0
History Never Repeats,Split Enz,1997,178800,False,36
Love Really Hurts Without You,Billy Ocean,2016,178933,False,0
Love In An Elevator - Single Version,Aerosmith,2001,321733,False,0
Something's Got A Hold On Me,Jessica Mauboy,2013,206746,False,16
Shout,Tears For Fears,1985,392675,False,0
Rock It,Little Red,2010,210160,False,0
Call Me,Blondie,1999,212600,False,72
Down,"Jay Sean, Lil Wayne",2009,212506,False,77
All My Friends Are Getting Married - 1994 Remaster,Skyhooks,1975,290200,False,30
The Streak,Ray Stevens,2014,197733,False,0
Smalltown Boy,Bronski Beat,1984,302413,False,79
I'm Kissing You,Des'ree,1998,293573,False,54
"Young, Wild & Free (feat. Bruno Mars)","Snoop Dogg, Wiz Khalifa, Bruno Mars",2011,207346,False,70
Salvation,The Cranberries,1996,143133,False,0
Fancy,"Iggy Azalea, Charli xcx",2014,199938,False,44
Military Madness,Graham Nash,1971,176666,False,37
Feel the Love (feat. John Newman),"Rudimental, John Newman",2012,245186,False,46
Beautiful,"Snoop Dogg, Pharrell Williams, Uncle Charlie Wilson",2005,299146,True,62
Just A Song About Ping Pong,Operator Please,2007,138333,False,27
Boogie Shoes,KC & The Sunshine Band,1994,132160,False,51
Remedy,Seether,2005,207213,False,70
Righteous liar,Pryma,2021,253281,False,1
Superstition - Single Version,Stevie Wonder,1996,239120,False,0
Dear Life,Delta Goodrem,2016,189709,False,34
Let You Love Me,Rita Ora,2018,191120,False,63
Remind Me to Forget,"Kygo, Miguel",2018,217286,False,59
Mr Wendal - Remastered 2002,Arrested Development,2002,246960,False,31
Puppy Love - Remix,Paul Anka,2000,164000,False,40
Blue,LeAnn Rimes,1996,169546,False,53
Can We Still Be Friends?,Todd Rundgren,1997,218440,False,37
Bow Chicka Wow Wow,Mike Posner,2010,196320,False,40
"What Is Love - 7"" Mix",Haddaway,1993,270373,False,19
Billionaire (feat. Bruno Mars) - Radio Edit,"Travie McCoy, Bruno Mars",2016,186746,False,36
Mr. Natural,Bee Gees,1974,228466,False,26
Let's Stay Together,Craig David,2010,216573,False,31
Life Of The Party,Shawn Mendes,2015,214533,False,0
What About Us?,Brandy,2002,253453,False,42
Sexy Eyes,Whigfield,1995,238184,False,50
Doop - Sidney Berlin Ragtime Band,Doop,1995,188333,False,26
You & Me,"Marc E. Bassy, G-Eazy",2016,218480,False,0
The Weekend - Radio Edit,Michael Gray,2007,192173,False,64
Tease Me,Chaka Demus & Pliers,2007,219506,False,0
Never Be Like You,"Flume, kai",2016,235058,False,0
Pony,Kasey Chambers,2004,282600,False,36
Havana (feat. Young Thug),"Camila Cabello, Young Thug",2017,216896,False,0
First Class,Jack Harlow,2022,173947,True,73
Stereo Hearts (feat. Adam Levine),"Gym Class Heroes, Adam Levine",2011,210960,False,49
Listen to the Band - Single Version,The Monkees,2008,149106,False,25
Remember Me - Original Mix,Blue Boy,1997,424306,False,10
Domino - 1999 Remaster,Van Morrison,1970,189426,False,59
Suicide Blonde,INXS,1990,232626,False,60
Endless Road,Time Bandits,2012,248746,False,0
Funny Way Of Laughin’,Burl Ives,2016,163173,False,0
How Do I Say Goodbye,Dean Lewis,2022,163603,False,72
Get A Life,Freestylers,2004,312720,False,18
Find Me,"Sigma, Birdy",2016,204444,False,0
Rocket,Def Leppard,1987,396823,False,55
I'm a Slave 4 U,Britney Spears,2001,203600,False,69
I Can Love You Like That,All-4-One,2005,257959,False,0
If,Bread,1971,155773,False,69
Stuck On You,Lionel Richie,1983,192066,False,70
Body on Me (feat. Chris Brown),"Rita Ora, Chris Brown",2015,225217,False,0
What Have You Done For Me Lately,Janet Jackson,1986,300048,False,1
Fly Too High - Remastered,Janis Ian,2018,309580,False,0
Move,Little Mix,2013,224333,False,0
Falling in Love Again,Ted Mulry,2014,228186,False,0
The Pied Piper,Crispian St. Peters,1966,151666,False,40
Givin' Up,The Darkness,2003,214960,True,40
The Power Of Love - Radio Edit,Céline Dion,2008,288173,False,0
Daisies,Katy Perry,2020,173123,False,54
Adventure of a Lifetime,Coldplay,2015,263786,False,79
Ferrari,"James Hype, Miggy Dela Rosa",2022,186661,False,77
Abergavenny,Marty Wilde,2010,168000,False,7
Mona,Craig McLachlan;Check 1-2,1990,223133,False,28
There for You,"Martin Garrix, Troye Sivan",2017,221904,False,63
Five More Hours,"Deorro, Chris Brown",2015,211975,False,63
Cruisin' - Single Edit,"Huey Lewis, Gwyneth Paltrow",2006,214306,False,54
Saturday Night,Cold Chisel,2011,261569,False,0
One Great Mystery,Lady A,2014,214813,False,0
When The War Is Over,Cold Chisel,2011,265306,False,0
Music,Madonna,2009,225813,False,45
Rain,Anthony Callea,2005,228986,False,20
Not Many,Scribe,2003,223080,False,0
Cherry Lips (Go Baby Go),Garbage,2001,192040,False,0
See You Again (feat. Charlie Puth),"Wiz Khalifa, Charlie Puth",2015,229525,False,0
HEAVEN,"Troye Sivan, Betty Who",2015,261114,False,44
Are You The One?,The Presets,2005,203986,False,32
Scream & Shout,"will.i.am, Britney Spears",2013,283400,True,0
Confidence,Ocean Alley,2018,253076,False,49
Jack & Diane,John Mellencamp,1982,254493,False,0
Absolutely (Story of a Girl) - Radio Mix,Nine Days,2000,189333,False,62
Worth It (feat. Kid Ink),"Fifth Harmony, Kid Ink",2015,224573,False,72
When You Were Mine,Taylor Henderson,2014,208026,False,28
Bow River,Cold Chisel,2011,262480,False,0
It Will Rain,Bruno Mars,2011,257720,False,83
The Edge Of Glory,Lady Gaga,2011,320546,False,66
Anything Could Happen,Ellie Goulding,2012,286322,False,46
Girls Like That (Don't Go for Guys Like Us),Custard,1999,190826,False,33
Lola,The Kinks,1970,241040,False,0
I Don't Need A Man,The Pussycat Dolls,2005,219093,False,0
One Mint Julep,"Ray Charles, Rudolph Toombs",2013,189226,False,0
Sister,Sister2sister,2000,209253,False,25
Better,Khalid,2018,229412,True,63
It Ain't Necessarily So - 2015 Remaster,Normie Rowe & The Playboys,2015,199720,False,4
TALK ME DOWN,Troye Sivan,2015,237464,False,48
Groove,Eurogliders,1988,259760,False,20
At Last - Single Version,Etta James,1960,182400,False,0
Love Me,Yvonne Elliman,2001,197920,False,34
Chasing The Sun,The Wanted,2012,198800,False,64
Listening,Pseudo Echo,2008,179866,False,14
Boogie Fever,The Sylvers,2010,208000,False,27
Dreams - 2004 Remaster,Fleetwood Mac,1977,257800,False,85
Come Together - Remastered 2009,The Beatles,1969,259946,False,76
Ten Feet Tall,"AFROJACK, Wrabel",2014,229149,False,57
Uptown Funk (feat. Bruno Mars),"Mark Ronson, Bruno Mars",2015,269666,True,82
Falling,Julee Cruise,1989,321853,False,47
You Make Me Feel Brand New,"The Stylistics, Airrion Love, Russell Thompkins\, Jr.",1985,287546,False,0
Wild Horses - Rerecorded,Gino Vannelli,2009,356022,False,27
Wig Wam Bam,Sweet,1998,180800,False,29
Rock And Roll Music - Remastered 2009,The Beatles,1964,151280,False,50
Long Live The Weekend,The Living End,2006,173866,False,0
One,Metallica,1988,447440,False,0
He Wasn't,Avril Lavigne,2004,179360,False,52
Fun (feat. Chris Brown),"Pitbull, Chris Brown",2014,202306,False,58
It's Only Make Believe,Glen Campbell,1970,147480,False,43
One Moment in Time,Whitney Houston,2012,285000,False,0
Push Up - Main Edit,Creeds,2023,139300,False,79
Afire Love,Ed Sheeran,2014,314280,False,54
Memories,Dean Lewis,2024,179534,False,64
I Thought About You,The Beautiful Girls,2007,192466,False,28
Young Emotions - Remastered,"Ricky Nelson, Bob Fisher",2001,155200,False,0
Medicine,James Arthur,2021,208906,False,53
Talking Like I'm Falling Down Stairs,Sparkadia,2011,247840,False,0
Informer,Snow,1993,268910,False,63
Run to the Hills,Iron Maiden,1982,233946,False,0
Don't Stop,Tim & Jean,2011,216146,False,0
Love's Theme,The Love Unlimited Orchestra,1995,248266,False,0
La Grange - 2005 Remaster,ZZ Top,1973,230480,False,23
Copperhead Road,Steve Earle,1988,270733,False,50
Shoot Me Down - Radio Edit,Zoë Badwi,2012,211949,False,0
Peppermint Twist,Joey Dee & The Starliters,2012,122017,False,0
I Drove All Night,Cyndi Lauper,1989,251506,False,59
Diane,The Bachelors,1999,154000,False,31
Endless Love,"Lionel Richie, Diana Ross",1992,266800,False,69
We Can't Stop,Miley Cyrus,2013,231240,False,75
You're Still The One,Shania Twain,1997,212560,False,0
Missing You,Ray Peterson,2016,167836,False,1
If You're Not the One,Nicholas McDonald,2014,234026,False,11
Make You Happy,Josh Pyke,2008,175960,False,0
Hey Ya! - Radio Mix / Club Mix,Outkast,2003,235213,False,1
Mesmerize,"Ja Rule, Ashanti",2002,278693,True,60
Believe Me,Navos,2021,188260,False,60
Gotcha,Jessica Mauboy,2012,188253,False,16
In the Summertime,Mungo Jerry,1970,215800,False,3
Lonely,Akon,2005,235800,True,0
Still,Bill Anderson,2017,172225,False,0
Sometimes When We Touch - Radio Edit,"Newton, StarLab",2013,235920,False,0
(What A) Wonderful World - Remastered,Sam Cooke,1960,125506,False,0
Three Little Pigs,Green Jelly,1993,353640,False,46
This Is How We Do It,Montell Jordan,2015,237546,False,65
Some Like It Hot - 2005 Remaster,The Power Station,1985,305466,False,46
Company,Justin Bieber,2015,208120,False,0
That Day,Natalie Imbruglia,2001,282693,False,26
The Best of My Love - 2013 Remaster,Eagles,1974,274891,False,60
Better Than Love - Radio Edit,Hurts,2010,210213,False,10
Real Men,Joe Jackson,1982,242573,False,41
Without You (feat. Usher),"David Guetta, USHER",2012,208133,False,70
That's the Way (I Like It) - 2004 Remaster,KC & The Sunshine Band,1975,185106,False,60
Kernkraft 400 (A Better Day),"Topic, A7S",2022,165800,False,66
Freeze-Frame,The J. Geils Band,1981,237506,False,51
I Told the Brook,Billy Thorpe & The Aztecs,1995,193026,False,0
The Boy Does Nothing,Alesha Dixon,2008,214906,False,39
Dead And Gone,"T.I., Justin Timberlake",2008,300533,False,34
Interstate Love Song,Stone Temple Pilots,1994,193613,False,0
She Hates Me,Puddle Of Mudd,2001,216760,True,0
Here Comes the Hotstepper,iNi Kamoze,2001,244813,False,50
Emancipate Myself,Thirsty Merc,2004,251613,False,28
Lose My Mind,Dean Lewis,2017,200880,False,0
For You,John Denver,1988,201293,False,0
Looking for Me,"Paul Woolford, Diplo, Kareen Lomax",2020,211452,False,55
Lover,Taylor Swift,2019,221306,False,84
Wild Strawberries,PNAU,2009,235106,False,0
Streets of Philadelphia - Single Edit,Bruce Springsteen,1995,195293,False,0
Where The Streets Have No Name,U2,2006,286480,False,0
Crying for No Reason,Katy B,2014,242146,False,38
"Burning Bridges - From ""Kelly's Heroes""",Mike Curb Congregation,1971,165333,False,37
Can'T Touch It,Ricki-Lee,2007,178346,False,28
Mississippi,Pussycat,1976,273800,False,52
"Don't Let Me Be Misunderstood / Esmeralda Suite - 7"" Edit","Santa Esmeralda, Leroy Gomez",2015,227070,False,32
What About Us,P!nk,2017,271519,False,51
Ain't Been Done,Jessie J,2014,180520,False,0
Cracklin' Rosie - Single Version,Neil Diamond,1970,179933,False,62
Love Songs Ain't for Us (feat. Keith Urban),"Amy Shark, Keith Urban",2021,220866,False,43
One Last Song,Sam Smith,2017,192922,False,56
Bohemian Rhapsody - Remastered 2011,Queen,1975,354320,False,70
Don't You (Forget About Me) - Remastered,Simple Minds,2013,263973,False,2
Chasing Highs,ALMA,2017,195678,False,0
In the End,Linkin Park,2000,216880,False,87
Ignition - Remix,R. Kelly,2003,186066,False,66
Capsize,"FRENSHIP, Emily Warren",2016,237706,False,64
Borderline,Madonna,2009,238360,False,29
"1, 2 Step (feat. Missy Elliott) - Main","Ciara, Missy Elliott",2005,202213,False,54
Short Skirt / Long Jacket,CAKE,2001,204128,False,63
Love Her Madly,The Doors,1971,198466,False,65
Talk,"Khalid, Disclosure",2019,197487,False,62
Gives You Hell,The All-American Rejects,2008,213106,False,70
Good as Hell,Lizzo,2016,159735,False,55
Show Me Love - Radio Version,Robyn,1995,229226,False,53
Wasted,"Tiësto, Matthew Koma",2014,190013,False,0
Don't Wake Me Up,Chris Brown,2012,222306,False,0
Bangarang (feat. Sirah),"Skrillex, Sirah",2011,215253,True,67
Rasputin,Boney M.,1994,220666,False,66
When You Were Young,The Killers,2006,220426,False,0
Man's Not Hot,Big Shaq,2017,186026,False,0
I Was Made For Loving You,"Tori Kelly, Ed Sheeran",2016,188946,False,43
Uptown Girl,Billy Joel,1983,197706,False,80
Dancing Queen,ABBA,1976,230693,False,2
Jona Vark,GATC,2010,218560,False,0
Right Back Where We Started From - 1994 Remaster,Maxine Nightingale,2008,190733,False,0
Rainy Days And Mondays,Carpenters,1971,218893,False,0
Dirrty (feat. Redman),"Christina Aguilera, Redman",2002,298853,False,65
1979 - Remastered 2012,The Smashing Pumpkins,1995,266200,False,57
One Day / Reckoning Song (Wankelmut Remix) [Radio Edit],"Asaf Avidan & the Mojos, Wankelmut",2014,210880,False,0
Down On The Border,Little River Band,2014,171773,False,0
In the Ayer (feat. will.I.am),"Flo Rida, will.i.am",2008,220506,False,53
Just Dance,"Lady Gaga, Colby O'Donis",2009,241933,False,0
Rock It,Little Red,2010,210160,False,49
Born This Way,Lady Gaga,2011,260252,False,40
Try,Nelly Furtado,2010,278600,False,0
Don't Tell Me,Madonna,2009,249733,False,33
One Thing Right,"Marshmello, Kane Brown",2019,181823,False,41
I Would Like,Zara Larsson,2017,226720,False,54
1 Thing,Amerie,2005,238760,False,65
Sunsets,Powderfinger,2003,229333,False,54
I'll Never Dance Again,Bobby Rydell,1963,149360,False,0
Apologize,OneRepublic,2007,208106,False,49
Candydrunk,Zeek Power,2019,215723,False,0
The Weight (with Jimmy Barnes),"The Badloves, Jimmy Barnes",2000,267826,False,31
Another Day in Paradise - R&B-Version,"Brandy, Ray J",2002,271626,False,44
Castles,Freya Ridings,2019,211842,False,56
Jesus Walks,Kanye West,2004,193733,False,39
Aussie As,Matt Scullion,2019,219840,False,34
Here We Are,Gloria Estefan,1989,289706,False,44
I Gotta Feeling,Black Eyed Peas,2009,289133,False,2
As It Was,Harry Styles,2022,167303,False,28
Sexy And I Know It,LMFAO,2011,199480,False,61
I'm Gonna Be Strong,Gene Pitney,2019,133626,False,0
I Just Wanna Live,Good Charlotte,2004,166053,False,60
Breakfast At Sweethearts,Cold Chisel,2011,250485,False,0
Cry,The Mavis's,1998,253026,False,33
Maniac,Conan Gray,2020,185773,False,75
Fuck It (I Don't Want You Back),Eamon,2004,224173,True,49
Low (feat. T-Pain),"Flo Rida, T-Pain",2008,231400,False,80
"Seasons of Change, Pt. 1",Blackfeather,1971,232946,False,19
Thieves in the Temple,Prince,1990,200680,False,40
Bang Bang (My Baby Shot Me Down),Cher,1966,165293,False,38
Black Dog - Remaster,Led Zeppelin,1971,295386,False,70
You're Moving out Today,Carole Bayer Sager,1977,215053,False,33
DÁKITI,"Bad Bunny, JHAYCO",2020,205090,True,76
Mysterious Girl - Radio Edit,Peter Andre,2004,217106,False,53
Djapana - Radio Mix,Yothu Yindi,1991,238533,False,0
Looking For Clues,Robert Palmer,1980,292333,False,0
Come Back,Londonbeat,1997,232066,False,14
Love Has No Pride - 2017 Remastered,Daryl Braithwaite,2017,203066,False,12
Sandy,Larry Hall,2016,150680,False,0
A Rockin' Good Way (To Mess Around And Fall In Love),"Dinah Washington, Brook Benton",1960,148226,False,0
I Will Follow Him,Peggy March,1963,148160,False,53
Waterfall,"Stargate, P!nk, Sia",2017,200029,False,47
Sexy (Is The Word),Melissa Tkautz,2008,214136,False,0
Crazy Train,Ozzy Osbourne,1980,296200,False,4
Airplanes (feat. Hayley Williams of Paramore),"B.o.B, Hayley Williams",2010,180480,True,73
Jealous,Nick Jonas,2014,223106,False,0
Poison,Rita Ora,2015,202906,False,8
Glory of Love,Peter Cetera,1986,258333,False,72
Havana (feat. Young Thug),"Camila Cabello, Young Thug",2018,217306,False,80
Yesterday Man,Chris Andrews,2011,174880,False,39
Let Me Down Easy,Sheppard,2014,227631,False,36
"(Shake, Shake, Shake) Shake Your Booty",KC & The Sunshine Band,1976,185640,False,54
Rich Girl,Selwyn,2002,238933,False,35
It's Raining Men,Geri Halliwell,2001,254640,False,58
From the Bottom of My Broken Heart,Britney Spears,1999,312533,False,50
High Sheriff of Calhoun Parrish,Tony Joe White,1993,233400,False,19
This Love of Mine,Michael Bublé,2016,259959,False,29
"Black Fingernails, Red Wine",Eskimo Joe,2006,249866,False,52
No Second Prize,Jimmy Barnes,1996,239360,False,39
Young Dumb & Broke,Khalid,2017,202546,False,80
The Middle,Jimmy Eat World,2001,165853,False,80
We Hold On,Kaz James,2008,211480,False,4
Changing,"Sigma, Paloma Faith",2015,205000,False,0
Lose Control,Teddy Swims,2023,210688,False,82
San Francisco (Be Sure to Wear Flowers in Your Hair),Scott McKenzie,2002,177333,False,46
4 Minutes (feat. Justin Timberlake & Timbaland),"Madonna, Justin Timberlake, Timbaland",2009,189693,False,73
Enter Sandman,Metallica,1991,331266,False,0
Maria Maria (feat. The Product G&B),"Santana, The Product G&B",1999,261973,False,71
Without Me,Halsey,2018,201660,True,69
Ghosts 'N' Stuff - Radio Edit,"deadmau5, Rob Swire",2009,191426,False,39
Wish You The Best,Lewis Capaldi,2023,210880,False,0
Here With Me,Dido,1999,255400,False,65
Sweet Home Alabama,Lynyrd Skynyrd,1993,287173,False,0
Ruby Don't Take Your Love to Town,Kenny Rogers & The First Edition,2016,179933,False,0
Take A Look Around,Limp Bizkit,2000,321040,False,0
Black Friday,Grinspoon,1998,148493,False,28
I'm Leaving It up to You,Dale & Grace,2014,138997,False,8
Let It Rock,"Kevin Rudolf, Lil Wayne",2008,231173,True,0
Shallow - Radio Edit,"Lady Gaga, Bradley Cooper",2018,217212,False,67
Summer Rain - Remastered,Johnny Rivers,1968,232426,False,39
"Footloose - From ""Footloose"" Soundtrack",Kenny Loggins,1984,226826,False,69
I Heard It Through The Grapevine - Single Version (Mono),Marvin Gaye,1995,193493,False,0
Who You Are,Pearl Jam,1996,230133,True,40
Rapture,Blondie,2006,299373,False,54
Paper Roses,Marie Osmond,2002,158226,False,44
Sometimes Love Just Ain't Enough,"Patty Smyth, Don Henley",1998,266000,False,0
Gangnam Style (강남스타일),PSY,2012,219493,False,72
Don't Stop The Music,Rihanna,2008,267080,False,0
Fight For Your Right,Beastie Boys,1986,207400,False,0
This Is a Call,Foo Fighters,1995,233360,False,57
Someday,Sugar Ray,2013,242800,False,30
Every Teardrop Is a Waterfall,Coldplay,2011,240796,False,70
Smile Like You Mean It,The Killers,2004,235480,False,0
Celebration,Dragon,1989,235400,False,25
Rush Rush,Paula Abdul,1991,292933,False,59
Life Is Good (feat. Drake),"Future, Drake",2020,237735,True,71
He's Gonna Step On You Again - 2014 Remastered Version,John Kongos,2014,267786,False,0
On Top,"Flume, T-Shirt",2012,231106,False,0
Right Here Right Now,Jesus Jones,1991,189293,False,55
willow,Taylor Swift,2020,214706,False,69
Scar,Missy Higgins,2004,216200,False,0
Underdog,Kasabian,2009,277466,False,59
Big (feat. Gunna),"Rita Ora, David Guetta, Imanbek, Gunna",2021,156781,True,34
Worry About Me (feat. blackbear),"Ellie Goulding, blackbear",2020,179758,False,13
Leave (Get Out),JoJo,2004,242840,False,0
Hot,Avril Lavigne,2007,203906,False,0
Not Fair,Lily Allen,2009,201146,False,28
No Problem (feat. Lil Wayne & 2 Chainz),"Chance the Rapper, Lil Wayne, 2 Chainz",2016,304606,True,64
Black Betty - Edit,Spiderbait,2004,205973,False,64
Little Shocks,Kaiser Chiefs,2011,221959,False,0
Roxanne,The Police,2002,188906,False,0
Timber,"Pitbull, Kesha",2017,204000,False,38
Leave Out All The Rest,Linkin Park,2007,209306,False,73
These Words,Natasha Bedingfield,2004,216360,False,0
Graveyard,Halsey,2020,181805,False,62
She's a Mystery to Me,Roy Orbison,2016,255080,False,17
A Million Dreams,P!nk,2017,273640,False,35
Barbra Streisand - Radio Edit,Duck Sauce,2010,196533,False,40
Your Song,Elton John,1970,241786,False,79
(Keep Feeling) Fascination,The Human League,1988,225173,False,40
It's Gonna Work Out Fine,Ike & Tina Turner,1991,182293,False,9
The Bad Touch,Bloodhound Gang,1999,260506,True,71
Don't You Worry Child,"Swedish House Mafia, John Martin",2012,403493,False,59
Another Night,Real McCoy,1995,236600,False,48
You Know You Like It,"DJ Snake, AlunaGeorge",2014,247266,False,0
Home,Teddy Cream,2020,168387,False,12
Wouldn't It Be Good,Nik Kershaw,1984,277053,False,0
Sympathy For The Devil,The Rolling Stones,1968,377746,False,0
Life in a Northern Town,The Dream Academy,1985,259293,False,53
This Is Heaven,Nick Jonas,2021,214623,False,0
With Or Without You - Remastered,U2,1987,295520,False,0
Pray,Tina Cousins,2000,236880,False,48
What You Got - What U Got,Abs Breen,2003,229826,False,23
Sun Comes Up (feat. James Arthur),"Rudimental, James Arthur",2017,232627,False,52
It's Like That,"Run–D.M.C., Jason Nevins",2003,248573,False,0
Back 2 Good,Matchbox Twenty,1996,340173,False,54
Lovefool - Radio Edit,The Cardigans,2008,198240,False,0
Honey - 1991 - Remaster,Bobby Goldsboro,1991,239066,False,0
"(I've Had) The Time of My Life - From ""Dirty Dancing"" Soundtrack","Bill Medley, Jennifer Warnes",2012,288986,False,37
I Believe In You,Don Williams,1992,245226,False,30
Everybody's Somebody's Fool,Connie Francis,2008,159613,False,0
How Deep Is Your Love,Bee Gees,1979,245200,False,77
He's Just No Good For You,Mental As Anything,1987,206666,False,26
Crazier,Taylor Swift,2009,191946,False,0
Beautiful Day,U2,2000,246400,False,64
If This Is It,Huey Lewis & The News,1983,233160,False,29
Little Diane,Dion,2005,163320,False,16
Things We Lost In The Fire,Bastille,2013,240746,False,58
Die For Me (feat. Future & Halsey),"Post Malone, Halsey, Future",2019,245280,False,34
Broken,"Seether, Amy Lee",2021,258333,False,50
Borne on the Wind,Roy Orbison,1962,173373,False,23
Sorrow - 2015 Remaster,David Bowie,1973,173453,False,50
Foolish Little Girl,The Shirelles,1963,137293,False,0
Good Night,Reece Mastin,2011,182160,False,39
Little Red Rooster - Mono,The Rolling Stones,1966,186240,False,10
Swing - Joel Fletcher Remix,"Joel Fletcher, Savage",2013,180000,False,43
Hello,Karmin,2012,237546,False,39
On The Ground,ROSÉ,2021,168085,False,65
Halfway Hotel,Voyager,2019,246081,False,21
GDFR (feat. Sage the Gemini & Lookas),"Flo Rida, Sage The Gemini, Lookas",2014,190185,False,53
Handy Man,James Taylor,1977,196800,False,54
Ice Ice Baby,Vanilla Ice,2008,254466,False,70
Video Killed The Radio Star,The Buggles,1980,252773,False,68
Another Saturday Night,Sam Cooke,1964,160000,False,0
Twist of Fate,Olivia Newton-John,2017,217053,False,44
Space Oddity - 2009 Remastered Version,David Bowie,1969,317026,False,0
Dynamite,Taio Cruz,2010,202613,False,73
Let's Spend The Night Together,The Rolling Stones,1967,215920,False,53
Pointless Relationship,Tammin Sursok,2005,204746,False,19
You Really Got Me,The Kinks,1964,131573,False,4
I Know What You Did Last Summer,"Shawn Mendes, Camila Cabello",2015,223826,False,43
Big Girls Don't Cry (Personal),Fergie,2007,268120,False,0
Simply Irresistible,Robert Palmer,1988,254293,False,51
Bloodstream,"Ed Sheeran, Rudimental",2015,308876,False,43
Way out West,The Dingoes,1974,231733,False,36
Desire,U2,2006,178840,False,0
"Not Me, Not I",Delta Goodrem,2003,265453,False,35
Wipe Out,The Surfaris,2005,166092,False,51
Thumbs,Sabrina Carpenter,2016,216466,False,72
I Don't Wanna Know,Silience,2020,180522,False,27
Tilt Ya Head Back - Album Version / Explicit,"Nelly, Christina Aguilera",2004,253253,True,0
Wish You Well,Bernard Fanning,2005,151133,False,32
C'est la Vie,B*Witched,1998,172066,False,45
White Men Can't Jump,Riff,2014,212453,False,20
Metal Guru,T. Rex,1972,149786,False,44
Birthday,Katy Perry,2013,215042,False,0
Familiar,"Liam Payne, J Balvin",2018,196552,False,51
Better Together,Jack Johnson,2005,207680,False,74
In Love,The Beautiful Girls,2007,181266,False,18
Rolling in the Deep,Adele,2011,228093,True,1
Stay,"Zedd, Alessia Cara",2017,210090,False,72
The Return Of The Red Baron,The Royal Guardsmen,1967,165240,False,15
Edge of Seventeen - 2016 Remaster,Stevie Nicks,1981,329413,False,71
You Little Thief,Feargal Sharkey,1985,304826,False,38
Khe Sanh - 2011 Remastered,Cold Chisel,1978,254045,False,61
Glad All Over,Hush,1974,199626,False,25
I Need A Dollar,Aloe Blacc,2010,243053,False,0
I Love It (& Lil Pump),"Kanye West, Lil Pump",2018,127946,True,68
Lucky,Britney Spears,2000,206226,False,65
Hey Mr. D.J. - Original Mix - Edit,Zhané,2014,256013,False,19
Fat Bottomed Girls - Remastered 2011,Queen,1978,255600,False,65
Hand Me Down World - Single Version,The Guess Who,1970,206493,False,36
All My Life - Radio Edit,K-Ci & JoJo,1999,221493,False,0
Magic,The Cars,1984,237093,False,45
Sad Lisa,Yusuf / Cat Stevens,1970,225653,False,47
Carry On,Motor Ace,2002,264493,False,33
Katchi - Ofenbach vs. Nick Waterhouse,"Ofenbach, Nick Waterhouse",2017,151011,False,60
Whatever You Like,T.I.,2008,249533,False,42
Midnight City,M83,2011,243960,False,0
Black Cat,Janet Jackson,1989,290600,False,38
Morning Glory - Remastered,Oasis,1995,303320,False,53
Pound The Alarm,Nicki Minaj,2012,205640,True,0
Four And Twenty Hours,Nana Mouskouri,2011,213603,False,13
We All Want The Same Thing,Rixton,2014,225786,False,35
More Than Words Can Say,Alias,1990,234196,False,49
These Days,Bardot,2000,220000,False,0
Lost In Japan - Remix,"Shawn Mendes, Zedd",2018,201253,False,56
Bloom,Troye Sivan,2018,222096,False,0
Love Is All I Got,"Feed Me, Crystal Fighters",2013,185917,False,0
I'm Gonna Getcha Good! - Red Single Edit,Shania Twain,2004,242133,False,1
Kiss This Thing Goodbye,Del Amitri,1989,275026,False,36
Yours,Russell Dickerson,2015,221280,False,0
She's so High,Tal Bachman,1999,224693,False,70
Gloria,Laura Branigan,1995,295066,False,60
Beautiful Mistakes (feat. Megan Thee Stallion),"Maroon 5, Megan Thee Stallion",2021,227395,False,23
All Your Reasons,Matchbox Twenty,2013,160840,False,32
Gimme More,Britney Spears,2007,251240,False,81
Say It Once - Single Edit,"Ultra, Steve Robson And Andy Bradfield",1998,240400,False,35
Love Your Way,Powderfinger,2003,271162,False,0
Holy Water,"Besomorph, Lucifer",2022,136585,False,0
Tip Of My Tongue,Diesel,1996,252293,False,0
Falling,Candice Alley,2003,238493,False,0
The Car Song,The Cat Empire,2007,259000,False,0
If Today Was Your Last Day,Nickelback,2008,249066,False,68
Just the Way You Are,Bruno Mars,2010,220734,False,79
Cry for You,September,2007,209800,False,66
Buddy Holly,Weezer,1994,159586,False,0
Fill Me In,Craig David,2000,257200,False,58
Love at First Sight,Kylie Minogue,2012,238266,False,30
Good Riddance (Time of Your Life),Green Day,2001,153466,True,43
The Whole of the Moon - 2004 Remaster,The Waterboys,1985,302826,False,1
What Now,Rihanna,2012,243093,False,16
I'm Good,Wafia,2018,217136,False,0
Higher Ground - Remastered 2003,Red Hot Chili Peppers,1989,202053,False,65
Sundream,RÜFÜS DU SOL,2013,275500,False,15
Stay High - Habits Remix,"Tove Lo, Hippie Sabotage",2014,258386,False,64
Body Moving,"Eliza Rose, Calvin Harris",2023,154215,False,62
Wasting My Time,Default,2001,269306,False,56
Don’t Call Me Angel (Charlie’s Angels) (with Miley Cyrus & Lana Del Rey),"Ariana Grande, Miley Cyrus, Lana Del Rey",2019,190106,False,1
Eenie Meenie,"Sean Kingston, Justin Bieber",2010,201946,False,77
Call Me,Blondie,1981,212893,False,54
Hey Hey Hey (Pop Another Bottle) - Video Edit,"Laurent Wery, Swift K.I.D., Dev",2012,185649,False,0
Devil Gate Drive,Suzi Quatro,1974,227853,False,0
Despacito - Remix,"Luis Fonsi, Daddy Yankee, Justin Bieber",2017,228826,False,1
Do That To Me One More Time,Captain & Tennille,1979,256666,False,63
Total Eclipse of the Heart,Bonnie Tyler,1999,269786,False,0
Six Months in a Leaky Boat,Split Enz,1982,261306,False,46
California - Tchad Blake Mix,Phantom Planet,2002,193933,False,59
Moviestar,Harpo,1975,202280,False,54
The Impression That I Get,The Mighty Mighty Bosstones,1997,194760,False,0
New Perspective,Panic! At The Disco,2009,226786,False,55
Rather Be (feat. Jess Glynne),"Clean Bandit, Jess Glynne",2014,227833,False,61
Classic,MKTO,2012,175426,False,54
SUGAR,BROCKHAMPTON,2019,204533,True,67
Funky Town,Pseudo Echo,1986,292428,False,28
Patience,Guns N' Roses,1988,354400,True,2
Always Be My Baby,Mariah Carey,1995,258133,False,72
In Your Eyes,Kylie Minogue,2001,197826,False,43
Awkward,San Cisco,2011,155640,False,46
Love Again,Dua Lipa,2020,258004,False,55
Powerful (feat. Ellie Goulding & Tarrus Riley),"Major Lazer, Ellie Goulding, Tarrus Riley",2015,206327,False,2
Out Of Mind Out Of Sight,Models,2010,217466,False,21
2 Be Loved (Am I Ready),Lizzo,2022,187107,False,64
High On Me,Guy Sebastian,2017,197988,False,17
Open Arms,Journey,1981,202173,False,5
Who's That Girl (feat. Eve),"Guy Sebastian, Eve",2010,220440,False,52
California Dreamin',Sia,2015,216146,False,0
Never Worn White,Katy Perry,2020,225039,False,43
Lights And Sounds,Yellowcard,2006,208186,False,58
Old Rivers,"Walter Brennan, The Johnny Mann Singers",1962,170800,False,0
Horny ('98 Radio Edit),"Mousse T., Hot 'N' Juicy",2008,187826,False,0
The Stroke - Remastered 2010,Billy Squier,1981,217613,False,65
Friends (with BloodPop®),"Justin Bieber, BloodPop®",2017,189466,False,0
Nobody's Home,Avril Lavigne,2004,212413,False,63
Rewrite The Stars,"Zac Efron, Zendaya",2017,217440,False,71
Shocked,Kylie Minogue,1990,189506,False,0
I Want to Know What Love Is - 2008 Remaster,Foreigner,2008,301106,False,58
Pump Up The Jam - Edit,Technotronic,2011,215040,False,66
"Knowing Me, Knowing You",ABBA,1976,241920,False,66
Beetlebum,Blur,1997,304773,False,0
Everywhere You Go,Taxiride,1999,212066,False,35
You All Over Me (feat. Maren Morris) (Taylor’s Version) (From The Vault),"Taylor Swift, Maren Morris",2021,220839,False,55
Wheels,Foo Fighters,2009,277693,False,0
Paralyzer,Finger Eleven,2007,208106,False,0
You'll Be In My Heart,Phil Collins,1999,256733,False,66
Burn,Ellie Goulding,2013,231211,False,56
Kiss My (Uh Oh),"Anne-Marie, Little Mix",2021,176800,False,38
Rhythm of the Rain,The Cascades,1963,146360,False,59
Turn The Page,Metallica,1998,366466,False,0
Sharing The Night Together,Dr. Hook,1978,174533,False,64
Do It Again,The Chemical Brothers,2007,332973,False,47
Westside,TQ,1998,304733,True,49
Stranger Love,"PNAU, Budjerah",2021,225458,False,39
Hazard,Richard Marx,1997,316733,False,44
The Wah-Watusi,The Orlons,2012,152006,False,1
Feelin' Way Too Damn Good,Nickelback,2003,256453,False,51
Battle Scars (feat. Lupe Fiasco),"Guy Sebastian, Lupe Fiasco",2012,250080,False,0
Dear Darlin',Olly Murs,2012,206373,False,0
The First Time Ever I Saw Your Face,George Michael,1999,319440,False,45
Hit the Road Jack,Ray Charles,2012,118266,False,55
You Shook Me All Night Long,AC/DC,1980,210173,False,84
Let's Get Loud,Jennifer Lopez,1999,239400,False,66
Don't give up on us,David Soul,1976,218946,False,20
Mockingbird,"Carly Simon, James Taylor",1974,254240,False,46
Rev It Up,Jerry Harrison,1987,251466,False,29
Locked out of Heaven,Bruno Mars,2012,233478,False,41
Into You,Ariana Grande,2016,244453,False,0
That Beep,Architecture In Helsinki,2011,225574,False,0
D'yer Mak'er - 1990 Remaster,Led Zeppelin,1973,261773,False,0
Macarena - Bayside Boys Remix,Los Del Rio,2001,253106,False,54
Intergalactic - Remastered 2009,Beastie Boys,1998,231493,False,67
Lasting Lover,"Sigala, James Arthur",2020,218358,False,61
Black Betty - Edit,Spiderbait,2004,205973,False,0
Ignition - Remix,R. Kelly,2014,187613,False,31
Naughty - Radio Edit,"Elen Levon, Israel Cruz",2011,201510,False,6
El Condor Pasa (If I Could),Simon & Garfunkel,1970,187040,False,60
Better Man,Robbie Williams,2000,202640,False,57
Solar Power,Lorde,2021,192621,False,0
Go West - 2003 Remaster,Pet Shop Boys,2003,304080,False,62
Fit but You Know It,The Streets,2004,254266,True,59
I Know There's Something Going On,Frida,1982,326746,False,0
When You Were Sweet Sixteen,"The Fureys, Davey Arthur",2007,326226,False,37
Dream Catch Me,Newton Faulkner,2007,236253,False,56
Face The Face,Pete Townshend,1985,354320,False,0
Welcome To My World,Mýa,2015,254783,False,3
Any Dream Will Do,Max Bygraves,2008,175986,False,9
Better Best Forgotten,Steps,2001,223133,False,24
Kill This Love,BLACKPINK,2019,189052,False,29
Shake Ya Tailfeather - Radio,"Murphy Lee, Nelly, Diddy",2003,295173,True,0
Fallin',Alicia Keys,2001,210200,False,1
Dilemma,"Nelly, Kelly Rowland",2002,289173,True,0
Africa,TOTO,1982,295893,False,85
Turn Me On,Kevin Lyttle,2004,192106,False,61
Mercy,Duffy,2008,219920,False,68
Sweet Nothing (feat. Florence Welch),"Calvin Harris, Florence Welch",2012,212560,False,76
Cara Mia,Jay & The Americans,1964,153160,False,30
...Ready For It?,Taylor Swift,2017,208186,False,0
Living Next Door to Alice,Smokie,1975,207693,False,49
Lullaby - Original Radio Edit,Shawn Mullins,2016,271786,False,0
Sweet Dreams,Beyoncé,2008,207480,False,63
The Memory Remains,"Metallica, Marianne Faithfull",1997,279173,False,0
I Won't Let You Go,James Morrison,2011,229303,False,0
Don't Dream It's Over,Crowded House,2010,238362,False,60
Dr. Feelgood,Mötley Crüe,2009,290186,False,0
Drops of Jupiter (Tell Me),Train,2001,259933,False,81
Since U Been Gone,Kelly Clarkson,2004,188960,False,74
You,Nathaniel,2015,201093,False,29
Lifestyles of the Rich & Famous,Good Charlotte,2002,190173,False,66
I Love My Life,Justice Crew,2012,216053,False,34
You Should Hear How She Talks About You,Melissa Manchester,1982,256386,False,38
U Got It Bad,USHER,2001,247840,False,71
Fight Song,Rachel Platten,2015,202346,False,0
Chasing Cars,Snow Patrol,2006,267933,False,3
Overkill - Acoustic Version,Colin Hay,2003,227400,False,52
The Best Thing,Boom Crash Opera,2009,250426,False,0
You All Dat,Baha Men,2000,208533,False,27
Who's Gonna Ride Your Wild Horses,U2,1991,316426,False,0
Just the Way You Are,Billy Joel,1977,290573,False,69
The Boys Light Up - Remastered,Australian Crawl,2014,279819,False,0
Marvin Gaye (feat. Meghan Trainor),"Charlie Puth, Meghan Trainor",2016,190453,False,50
(I Just) Died In Your Arms,Cutting Crew,1986,280400,False,76
Rhythm Of Life,"Diana Ross, The Temptations",2002,253160,False,14
The Piper's Song,GATC,2010,220453,False,0
Baba O'Riley,The Who,1971,300400,False,72
1901,Phoenix,2009,193120,False,0
Pick You Up,Powderfinger,1996,259373,False,43
Hold the Line,TOTO,1978,235546,False,84
Kings & Queens,Ava Max,2020,162398,False,79
Hard To Handle,The Black Crowes,1990,188066,False,0
Oh Sherrie,Steve Perry,1984,227800,False,0
Get Out My Head,Shane Codd,2020,204933,False,54
My Island Home,Warumpi Band,1987,297800,False,38
"Young, Wild & Free (feat. Bruno Mars)","Snoop Dogg, Wiz Khalifa, Bruno Mars",2011,207333,True,75
Baby I Don't Care,Transvision Vamp,1989,280822,False,0
The Right Time,The Corrs,1995,247373,False,38
Let It Be - Remastered 2009,The Beatles,1970,243026,False,77
Heaven Knows,"Donna Summer, Brooklyn Dreams",1979,210976,False,0
Touch,Little Mix,2017,213306,False,0
Can I Get a Moment?,Jessica Mauboy,2014,207253,False,30
On Your Side,The Veronicas,2016,171693,False,40
Take It Off,Kesha,2010,215200,False,0
Run Runaway,Slade,1983,300800,False,0
Run Away,Real McCoy,1995,243880,False,47
Glycerine,Bush,1994,266493,False,0
Broken Bones,Birds Of Tokyo,2015,227561,False,0
Cheap Thrills,Sia,2016,211666,False,75
Let's Love,"David Guetta, Sia",2020,200645,False,61
Easy,Troye Sivan,2020,226781,False,0
It's a Long Way to the Top (If You Wanna Rock 'N' Roll),AC/DC,1976,301226,False,71
Undecided,The Master's Apprentices,1966,148840,False,0
3AM Eternal - Live at the S.S.L.,The KLF,2021,232411,False,47
Opposite of Adults,Chiddy Bang,2010,195453,False,38
Beep,"The Pussycat Dolls, will.i.am",2005,229360,False,0
2002,Anne-Marie,2018,186986,False,58
"Men In Black - From ""Men In Black"" Soundtrack",Will Smith,1997,227266,False,63
Let It Burn,Jazmine Sullivan,2015,223093,False,21
Bitter Desire,Kids In The Kitchen,1985,228333,False,25
How Far We've Come,Matchbox Twenty,2007,212253,False,56
Trouble,Lindsey Buckingham,1981,236533,False,55
How We Do (Party),Rita Ora,2012,247026,True,0
Ordinary World,Duran Duran,1993,340200,False,73
Please Please Please,Sabrina Carpenter,2024,186365,False,64
She's A Genius,Jet,2009,178840,False,0
Master Blaster (Jammin'),Stevie Wonder,1980,307933,False,15
Layla - 40th Anniversary Version / 2010 Remastered,Derek & The Dominos,1970,423840,False,0
Keep On Movin',"Five, Steve Mac",2003,197333,False,35
I Got You,Bebe Rexha,2016,191811,False,46
Beautiful Liar,"Beyoncé, Shakira",2007,199853,False,68
Only Sixteen,Dr. Hook,2009,164746,False,37
Dirty Talk,Wynter Gordon,2010,197186,False,50
Genghis Khan,Miike Snow,2016,212146,False,59
Do It Right,Anne-Marie,2015,195984,False,40
Married In Vegas,The Vamps,2020,192906,False,39
Wild Night,Van Morrison,2015,213600,False,59
Cruel Intentions,Simian Mobile Disco,2008,184560,False,0
Refugee,Tom Petty and the Heartbreakers,1979,201693,False,64
Shivers,Ed Sheeran,2021,207853,False,2
Murder On The Dancefloor,Sophie Ellis-Bextor,2002,229970,False,0
San Antonio Rose,Floyd Cramer,1995,140000,False,8
Car Wash - Long Version,Rose Royce,1996,308000,False,41
Dance The Way I Feel,Ou Est Le Swimming Pool,2010,208333,False,42
Blow Me (One Last Kiss) - Radio Edit,P!nk,2012,230520,False,29
Circus,Britney Spears,2008,192360,False,77
Drop It Like It's Hot,"Snoop Dogg, Pharrell Williams",2004,266066,True,0
So Far Away - Full Version,Dire Straits,2005,307253,False,0
Someday (feat. Meghan Trainor),"Michael Bublé, Meghan Trainor",2016,203453,False,56
Scream & Shout,"will.i.am, Britney Spears",2013,252266,False,41
Let's Go All The Way,Sly Fox,2012,239106,False,44
Outside (feat. Ellie Goulding),"Calvin Harris, Ellie Goulding",2014,227266,False,83
Super Far,LANY,2017,203650,False,0
Could I Have This Kiss Forever,"Enrique Iglesias, Whitney Houston",1999,235293,False,58
I Hope (feat. Charlie Puth),"Gabby Barrett, Charlie Puth",2020,211605,False,57
Always on My Mind,Pet Shop Boys,1998,234906,False,70
Modern Love - 1999 Remaster,David Bowie,1983,288466,False,0
There's Always Me - alt. take 2,"Elvis Presley, The Jordanaires",2002,152973,False,11
We're An American Band - Remastered 2002,Grand Funk Railroad,1973,207093,False,58
This Diamond Ring,Gary Lewis & The Playboys,1990,134760,False,20
Can't Stop This Thing We Started,Bryan Adams,1993,268093,False,0
Heartbreak Hotel (feat. Faith Evans & Kelly Price),"Whitney Houston, Faith Evans, Kelly Price",1998,281493,False,53
For You,Ricky Nelson,1963,138266,False,21
I'm a Believer - 2006 Remaster,The Monkees,1967,167373,False,74
Mary Had A Little Boy,SNAP!,1990,293866,False,0
Australiana,Austen Tayshus,2015,263813,False,0
Call It What You Want,Taylor Swift,2017,203506,False,0
Viva La Vida,Coldplay,2008,242373,False,86
2002,Anne-Marie,2018,186986,False,77
Constantly (L'Edera) - 2007 Remaster,Cliff Richard,2015,159013,False,0
The Last Waltz,Engelbert Humperdinck,1967,184186,False,57
Rhythm Of Love,Plain White T's,2010,200200,False,48
Big Yellow Taxi,"Counting Crows, Vanessa Carlton",2002,226826,False,0
Blue Monday '88,New Order,1994,244720,False,63
Somebody Told Me,The Killers,2004,197160,False,0
You Weren't in Love with Me,Billy Field,2005,203960,False,0
Sex on Fire,Kings of Leon,2008,203346,False,83
Something - Remastered 2009,The Beatles,1969,182293,False,73
Time After Time - Radio Edit,Novaspace,2004,224826,False,42
Troublemaker,Taio Cruz,2011,220280,False,23
Treat You Better,Shawn Mendes,2017,187973,False,0
Never Be the Same,Camila Cabello,2018,226973,False,75
Foolish Games,Jewel,2013,242800,False,42
Yippiyo-Ay,The Presets,2009,272520,False,0
The Things We Do For Love,10cc,1977,207573,False,65
Let It Out (Let It All Hang Out),The Hombres,2006,123693,False,37
"Rhythm Is A Dancer - 7"" Edit",SNAP!,1992,225882,False,5
Mr. Brightside,The Killers,2004,222075,False,2
Apologize,"Timbaland, OneRepublic",2007,184826,False,0
All The Pretty Girls,Vera Blue,2018,202628,False,40
Let It Go,James Bay,2015,260532,False,69
Lady Marmalade,Patti LaBelle,1982,235266,False,51
Shameless,Camila Cabello,2019,219742,False,81
Just A Girl,No Doubt,1995,208400,False,0
Waiting,KIAN,2018,215653,False,0
Brand New Key,Melanie,1999,144866,False,47
It's Not Over,Daughtry,2006,215026,False,49
She's All I Ever Had,Ricky Martin,1999,295333,False,40
Big Jet Plane,Angus & Julia Stone,2010,239120,False,60
A Must to Avoid,Herman's Hermits,2004,115773,False,20
"Because You Loved Me (Theme from ""Up Close and Personal"")",Céline Dion,1996,273666,False,0
Humpin' Around - Radio Edit,Bobby Brown,2007,322000,False,17
Selfish Love (with Selena Gomez),"DJ Snake, Selena Gomez",2021,168648,False,52
abcdefu,GAYLE,2021,168601,True,73
Super Freaky Girl,Nicki Minaj,2022,170977,True,68
Like Toy Soldiers,Eminem,2004,296880,True,0
The Girl Is Mine,99 Souls,2016,216613,False,53
Starships,Nicki Minaj,2011,210626,True,73
#WHERESTHELOVE - Charity Single,"Black Eyed Peas, The World",2016,325386,False,0
Ready to Fly,Amy Pearson,2007,271760,False,12
Suspicious Minds,Elvis Presley,1969,261279,False,74
Shoes,Tiga,2009,227746,False,0
Echoes,Klaxons,2010,228311,False,0
Justified & Ancient,The KLF,2021,228372,False,47
Sounds of Then (This Is Australia),GANGgajang,1985,233733,False,0
He's Gonna Step on You Again,The Party Boys,1987,249693,False,33
Ice Cream (with Selena Gomez),"BLACKPINK, Selena Gomez",2020,175813,False,59
I Need Your Body,Tina Arena,1990,240001,False,0
Where Are Ü Now (with Justin Bieber),"Jack Ü, Skrillex, Diplo, Justin Bieber",2015,250285,False,72
All of the Stars,Ed Sheeran,2014,234986,False,58
Don't Matter,Akon,2006,293066,True,0
Dirty Picture,"Taio Cruz, Kesha",2011,218906,False,18
Cleanin' Out My Closet,Eminem,2005,298960,True,0
Locked Away (feat. Adam Levine),"R. City, Adam Levine",2015,227280,False,57
Fire and Rain - 2019 Remaster,James Taylor,1970,203613,False,70
Out Of My Head,Fastball,1998,153066,False,54
Don't Pull Your Love,"Hamilton\, Joe Frank & Reynolds",1994,162026,False,36
Kryptonite,3 Doors Down,2000,233826,False,0
Freedom! '90 - Remastered,George Michael,1998,388680,False,47
So What,P!nk,2008,215160,True,0
Better Off Alone,Grinspoon,2004,233333,False,40
Something In The Way You Move,Ellie Goulding,2015,227423,False,51
Greatest Hits Megamix - Jewels & Stone Remix,"Five, Queen, Steve Mac, Stargate, Cutfather & Joe",2003,659000,False,34
Gonna Make You Sweat (Everybody Dance Now) (feat. Freedom Williams),"C & C Music Factory, Freedom Williams",1990,243693,False,55
Lighthouse,G.R.L.,2015,216186,False,40
Pompeii,Bastille,2013,214147,False,0
Jealous,Labrinth,2014,287693,False,0
My Stupid Mouth,John Mayer,2001,223960,False,47
Sixteen Reasons,Connie Stevens,2016,119066,False,2
Shake It Off,Taylor Swift,2014,219200,False,78
Somewhere,P.J. Proby,2008,199000,False,18
Addicted to Bass,Josh Abrahams,1998,236933,False,33
Angels,John Farnham,1993,345560,False,23
You Make Me Feel Brand New,The Stylistics,1973,330186,False,0
Atlantis,Donovan,1969,302640,False,44
Ghosts,The Presets,2012,209040,False,39
This Kiss,Faith Hill,2007,194906,False,52
So Beautiful - Single Version,Pete Murray,2005,279520,False,0
Who Can It Be Now?,Men At Work,1981,201293,False,73
I'd Love You to Want Me,Lobo,1972,247640,False,68
Shake It,The Potbelleez,2011,197853,False,0
Green Onions,Booker T. & the M.G.'s,1962,176333,False,72
Chemical Heart,Grinspoon,2003,278240,False,0
Strong Enough,Sheryl Crow,2007,190880,False,0
When I Grow Up,The Pussycat Dolls,2008,245680,False,0
24K Magic,Bruno Mars,2016,225983,False,82
Washington Square,The Village Stompers,2006,159347,False,29
We Will Rock You - Remastered 2011,Queen,1977,122066,False,78
Pick Up the Pieces,Average White Band,1974,239908,False,52
Jessie,Joshua Kadison,1993,319026,False,53
Poker Face,Lady Gaga,2008,237200,False,0
Hotel Room Service,Pitbull,2009,238506,False,58
Somethings Gotta Give,John Butler Trio,2004,188880,False,21
Gotta Be the One,Maxine Nightingale,2020,176040,False,15
One Track Mind,Bobby Lewis,2003,128533,False,1
What You Waiting For?,Gwen Stefani,2004,221226,False,63
Like a Drum,Guy Sebastian,2014,181906,False,45
Photograph,Ed Sheeran,2014,258986,False,84
Brother,Matt Corby,2011,254213,True,54
Suddenly,Angry Anderson,1986,249093,False,30
Take You Dancing,Jason Derulo,2020,190306,False,68
You Right,"Doja Cat, The Weeknd",2021,186173,False,42
Love Lost,The Temper Trap,2009,219440,False,0
"Monday, Monday - Single Version",The Mamas & The Papas,1966,208293,False,63
That's Freedom,John Farnham,1990,259026,False,45
American Dream,MKTO,2014,225746,False,0
Stick Season,Noah Kahan,2022,182346,False,88
Come on over Baby (All I Want Is You) - Radio Version,Christina Aguilera,1999,204533,False,0
Paper Roses,Anita Bryant,2001,169509,False,1
Kissing a Fool - Remastered,George Michael,1987,280720,False,54
What Have You Done For Me Lately,Janet Jackson,1986,300093,False,0
End Of The Road,Boyz II Men,1991,351466,False,69
We No Speak Americano (JT Radio Edit),"Yolanda Be Cool, DCup",2010,157438,False,0
65 Mustang,Five For Fighting,2006,261600,False,17
Cold Hard Bitch,Jet,2003,243200,False,0
King,Olly Alexander (Years & Years),2015,215360,False,72
Toes,Lights,2011,199481,False,0
Time Is On My Side - Mono Version,The Rolling Stones,1965,179133,False,41
You Ruin Me,The Veronicas,2014,231213,False,45
One and Only,Adele,2011,348226,False,0
Your Mama Won't Like Me - 2017 Remaster,Suzi Quatro,1975,240182,False,0
Jai Ho! (You Are My Destiny),"A.R. Rahman, The Pussycat Dolls, Nicole Scherzinger",2009,222400,False,0
Mr. Custer,Larry Verne,2011,185213,False,22
Set In Stone,Guy Sebastian,2016,220958,False,30
Keep On Dancing,Mike Waters,2021,152706,False,18
Boom Boom Pow,Black Eyed Peas,2009,251440,True,68
No Matter What - Remastered 2010,Badfinger,1970,180546,False,54
Dancing in the Moonlight (feat. NEIMY),"Jubël, NEIMY",2018,164009,False,0
How to Save a Life,The Fray,2005,262533,False,79
Dancing On My Own,Calum Scott,2016,260004,False,0
Californication,Red Hot Chili Peppers,1999,329733,False,56
Shot You Down,"Audio Bullys, Nancy Sinatra",2005,214923,False,0
Original Prankster,The Offspring,2000,220960,False,0
Put Down That Weapon,Midnight Oil,1987,278120,False,0
"Lady Marmalade - From ""Moulin Rouge"" Soundtrack","Christina Aguilera, Lil' Kim, Mýa, P!nk",2001,264893,False,62
Kids,MGMT,2007,302840,False,0
Take Me to Church,Hozier,2014,241693,False,58
You Should Be Dancing,Dee Gees,2021,232746,False,38
I Don't Wanna Be In Love (Dance Floor Anthem),Good Charlotte,2010,244146,False,33
Caribbean Queen (No More Love On the Run),Billy Ocean,2016,244320,False,0
I Must Be Seeing Things - Remastered,Gene Pitney,2019,149346,False,0
Beach Baby,The First Class,1999,314523,False,17
I Got You (I Feel Good),James Brown & The Famous Flames,1966,165800,False,0
(You're) Having My Baby,"Paul Anka, Odia Coates",1974,156293,False,48
Diamonds,Morgan Evans,2019,172346,False,40
I Just Want To Be Your Everything,Andy Gibb,1977,225666,False,64
Turn All the Lights On (feat. Ne-Yo),"T-Pain, Ne-Yo",2011,216440,True,0
Nervous,Shawn Mendes,2018,164146,False,0
Breathing,Jason Derulo,2011,234053,False,53
All My Loving - Remastered 2009,The Beatles,1963,127853,False,69
I Can Be Your Star,Peppermint Heaven,2021,302732,False,3
Rich Girl,Daryl Hall & John Oates,1976,142786,False,82
Only the Good Die Young,Billy Joel,1977,235560,False,65
Love Drunk,BOYS LIKE GIRLS,2009,226706,False,60
You Don't Know Me - Radio Edit,"Jax Jones, RAYE",2017,213222,False,24
Sugar (feat. Wynter),"Flo Rida, Wynter Gordon",2009,252933,False,47
Stupid Girl,Garbage,2012,259133,False,0
Dawn (Go Away),Frankie Valli & The Four Seasons,1964,167760,False,41
What You Need,INXS,1985,216013,False,48
People - 2007 Remastered,Mi-Sex,2007,232160,False,18
Heartbeat Loud,"Andy C, Fiora",2014,179650,False,50
Forgotten Years - Remastered,Midnight Oil,1997,263653,False,36
The Lion Sleeps Tonight,Tight Fit,1982,188946,False,41
Here I Go Again - 1987 Version; 2008 Remaster,Whitesnake,1987,273146,False,34
Fast Car - Acoustic,"Jonas Blue, Dakota",2016,217864,False,55
Rock the Casbah - Remastered,The Clash,1982,222426,False,73
Let My Love Open The Door,Pete Townshend,1980,164653,False,57
All My Love (Solo Tu),Cliff Richard,1977,177573,False,30
The Fighter,"Keith Urban, Carrie Underwood",2015,184040,False,47
Goodbye - Remastered 2010 / Bonus Track,Mary Hopkin,1969,146506,False,36
Road to Nowhere - 2005 Remaster,Talking Heads,1985,260213,False,58
Anything,3T,2014,321000,False,15
Give It Up,KC & The Sunshine Band,2016,254240,False,65
"Oh, Babe What Would You Say",Hurricane Smith,2008,209120,False,36
Glitter,BENEE,2019,180146,False,60
My Thing,Moodbay,2021,223076,False,0
Stand Up For Love (2005 World Children's Day Anthem) - Radio Edit,Destiny's Child,2005,265960,False,44
Clair,Gilbert O'Sullivan,1972,179600,False,0
Daytona Demon - 2017 Remaster,Suzi Quatro,2017,242782,False,0
Love Is A Battlefield,Pat Benatar,2001,247026,False,0
Sacrifice,Bebe Rexha,2021,160871,False,50
Apache,Jørgen Ingmann,2007,175520,False,26
Rocketeer,"Far East Movement, Ryan Tedder, Ruff Loaderz",2010,211253,False,62
Home,Phillip Phillips,2012,209226,False,0
Last To Know - Remastered,Human Nature,2001,265826,False,8
Dani California,Red Hot Chili Peppers,2006,282160,False,76
Let You Down,NF,2017,212120,False,76
The Salmon Dance,The Chemical Brothers,2007,220226,True,51
Thought I'd Died And Gone To Heaven,Bryan Adams,1991,348466,False,0
Chameleon,PNAU,2017,198020,False,0
In the Closet - Single Version,Michael Jackson,2005,288813,False,39
Just Like You,Robbie Nevil,2006,246600,False,25
Don't Forget Me (When I'm Gone),Glass Tiger,1986,248240,False,47
Take Your Shirt Off,T-Pain,2009,228893,True,0
Cupid - Twin Ver.,FIFTY FIFTY,2023,174253,False,24
The One Who Really Loves You - Single Version,Mary Wells,1963,147466,False,0
Ain't Nobody,Jaki Graham,2006,297133,False,12
Runaway,Del Shannon with Orchestra,2016,141320,False,21
3 Words,"Cheryl, will.i.am",2009,273560,False,38
It Ain't Me (with Selena Gomez),"Kygo, Selena Gomez",2017,220780,False,75
Song 2 - 2012 Remaster,Blur,1997,121160,False,78
Dangerous (feat. Sam Martin),"David Guetta, Sam Martin",2014,203641,False,66
(You Drive Me) Crazy,Britney Spears,1999,198066,False,65
WITHOUT YOU (with Miley Cyrus),"The Kid LAROI, Miley Cyrus",2021,161384,False,34
Kiss,"Tom Jones, The Art Of Noise",1997,211533,False,0
Think About Us (feat. Ty Dolla $ign),"Little Mix, Ty Dolla $ign",2019,234434,False,0
Leave Me Lonely,Hilltop Hoods,2018,194560,False,0
The Way I Are,"Timbaland, Keri Hilson, D.O.E.",2007,179280,False,0
"De Do Do Do, De Da Da Da - Remastered 2003",The Police,1980,247293,False,1
Falling Into You,Céline Dion,1996,258240,False,0
Love Me Tender,Elvis Presley,2002,162066,False,56
Prisoner of Society,The Living End,1999,229066,False,41
Running Back (feat. Flo Rida),"Jessica Mauboy, Flo Rida",2009,224973,False,38
If I Had a Hammer,"Peter\, Paul and Mary",1962,130626,False,35
Super Bass,Nicki Minaj,2010,201253,False,50
Beautiful Eyes,Amy Shark,2024,169804,False,45
We Will Rock You - Radio Edit,"Five, Queen",2003,189266,False,33
Bam Bam (feat. Ed Sheeran),"Camila Cabello, Ed Sheeran",2022,206070,False,70
Phazing (feat. Rudy),"Dirty South, Rudy",2010,164258,False,0
Bitch,Meredith Brooks,1997,252760,False,69
I Could Be The One (Avicii Vs. Nicky Romero) - Radio Edit,"Avicii, Nicky Romero",2012,208316,False,67
Computer Games,Mi-Sex,1979,233133,False,39
My Deepest Darkest Friend,The Heartland Collective,2021,220471,False,0
"What Is Love - 7"" Mix",Haddaway,1993,270373,False,20
Big Mistake,Natalie Imbruglia,1997,273000,False,38
Cherry Bomb,John Mellencamp,1987,287106,False,0
Brick by Boring Brick,Paramore,2009,253946,False,57
Take A Bow,Rihanna,2008,229413,False,0
All I Wanna Do,Sheryl Crow,1993,272106,False,0
lie to me,"Tate McRae, Ali Gatie",2020,177440,False,59
Dear Future Husband,Meghan Trainor,2015,184226,False,76
Sonnentanz - Sun Don't Shine,"Klangkarussell, Will Heard",2014,238120,False,69
I'll Never Break Your Heart,Backstreet Boys,1996,287506,False,48
16,Craig David,2016,228373,False,0
Do the Clam,Elvis Presley,1965,196493,False,27
Cheap Thrills,Sia,2016,211666,False,67
Apologize,OneRepublic,2007,208106,False,67
Lady Writer,Dire Straits,1997,225400,False,0
More Than Words,Extreme,1990,334000,False,0
How Am I Supposed to Live Without You,Michael Bolton,1989,255666,False,68
I Need a Dollar,Aloe Blacc,2011,243533,False,0
Hold Up,Beyoncé,2016,221106,False,33
Just When I Needed You Most,Randy VanWarmer,1979,241746,False,63
Rumour Has It,Adele,2011,223266,False,0
I've Told Every Little Star,Linda Scott,2014,138040,False,28
Bang!,AJR,2020,170858,False,43
Be Faithful,"Fatman Scoop, The Crooklyn Clan",2008,214910,True,58
Standing Next to You,Jung Kook,2023,206019,False,84
If I Let You Go - Radio Edit,Westlife,1999,221533,False,0
Walk Away,Matt Monro,2020,187186,False,32
I'll Be Your Shelter,Taylor Dayne,1989,284306,False,0
Starlight - Radio Edit,"The Supermen Lovers, Mani Hoffman",2001,234400,False,58
Me Myself & I,Scandal'us,2001,187493,False,0
Fox On The Run,Manfred Mann,1969,162893,False,33
Doggin' Around,Jackie Wilson,1960,171840,False,22
State Of The Heart - Digitally Remastered,Mondo Rock,2017,257773,False,0
Choirgirl - 2011 Remastered,Cold Chisel,2013,193399,False,0
Something About The Way You Look Tonight - Edit Version,Elton John,1997,240546,False,56
Sweet but Psycho,Ava Max,2018,187436,False,3
Wherever I May Roam,Metallica,1991,403866,False,0
When I Grow Up,Garbage,1998,203160,False,0
Chicken Fried,Zac Brown Band,2008,238146,False,75
By the Way,Red Hot Chili Peppers,2002,216933,False,75
When I Get You Alone,Robin Thicke,2011,217133,False,37
Drive,Incubus,1999,232453,False,77
Mama,B.J. Thomas,2005,169466,False,0
When We Were Kids,The Galvatrons,2008,229133,False,14
Do It Right,"Martin Solveig, Tkay Maidza",2016,213211,False,0
I Don't Care (with Justin Bieber),"Ed Sheeran, Justin Bieber",2019,219946,False,77
Mockingbird,Inez Foxx,2011,158040,False,4
Feeding Line,Boy & Bear,2011,268626,False,0
Over You,Daughtry,2006,204853,False,57
I Need A Doctor,"Dr. Dre, Eminem, Skylar Grey",2011,283733,True,0
Mad at Disney,salem ilese,2020,136838,False,2
Walk This Way (feat. Aerosmith),"Run–D.M.C., Aerosmith",1986,310386,False,64
Some Say - Felix Jaehn Remix,"Nea, Felix Jaehn",2020,186878,False,64
Crying in the Rain,The Everly Brothers,1962,120306,False,55
Life Is A Highway,Tom Cochrane,1992,266560,False,56
Single,"New Kids On The Block, Ne-Yo",2008,235266,False,0
Creeque Alley - Single Version,The Mamas & The Papas,1967,228680,False,49
New Rules,Dua Lipa,2017,209320,False,79
Raspberry Beret,Prince,1985,215173,False,64
Ocean Drive,Duke Dumont,2015,206320,False,0
Ugly,Sugababes,2005,231173,False,43
Secrets,"Regard, RAYE",2020,177000,False,26
Maria,Blondie,2013,245701,False,51
Paper In Fire,John Mellencamp,1987,231200,False,0
A Beat For You,Pseudo Echo,1984,221071,False,32
Waiting for a Star to Fall,Boy Meets Girl,1988,270720,False,60
Turn A Blind Eye,Hunters & Collectors,2011,286733,False,0
Heartbreak Anniversary,Giveon,2020,198370,False,79
Believer,Imagine Dragons,2017,204346,False,86
Look Me In the Eye Sister,Groove Armada,2010,246961,False,13
"I Am, I Feel",Alisha's Attic,1996,241626,False,0
Suddenly I See,KT Tunstall,2005,201706,False,50
Unfaithful,Rihanna,2006,224629,False,0
Radioactive,Imagine Dragons,2012,186813,False,80
No Good in Goodbye,The Script,2014,307680,False,50
Girls Just Want to Have Fun,Cyndi Lauper,1983,238266,False,81
This Ole House,Shakin' Stevens,2010,185866,False,35
Ghetto Gospel,2Pac,2004,238053,True,0
Stronger (What Doesn't Kill You),Kelly Clarkson,2011,221946,False,63
SAD!,XXXTENTACION,2018,166605,True,79
What Goes Around...Comes Around - Radio Edit,Justin Timberlake,2006,313133,False,0
I Want To Break Free - Remastered 2011,Queen,1991,258000,False,0
On the Prowl,Ol' 55,1976,181266,False,30
Black Beatles,"Rae Sremmurd, Gucci Mane",2016,291893,True,0
Don't Leave Home,Dido,2003,226560,False,48
What Can I Say,Boz Scaggs,1997,179533,False,34
Higher Love,Steve Winwood,1986,351506,False,62
"Love Me Like You Do - From ""Fifty Shades Of Grey""",Ellie Goulding,2015,252534,False,46
That's What I Like,Bruno Mars,2016,206693,False,86
Take Me Over,"Peking Duk, SAFIA",2014,208121,False,0
Whatcha Say,Jason Derulo,2010,221253,False,70
Don't Go Breaking My Heart,"Elton John, Kiki Dee",1975,275440,False,0
Lovefool - Radio Edit,The Cardigans,1996,193893,False,1
Sandstorm,Darude,2001,225493,False,69
This Guy's In Love With You,Herb Alpert & The Tijuana Brass,1968,239733,False,0
Did It Again,Kylie Minogue,1997,262026,False,30
You've Got A Way,Shania Twain,1997,199200,False,0
Mr. Vain - Original Radio Edit,Culture Beat,1993,257466,False,69
She's Got Me Dancing,Tommy Sparks,2009,207040,False,0
Tear It Down,The Aston Shuffle,2014,301869,False,0
TRUSTFALL,P!nk,2023,237200,False,67
Trust Myself,Sam Perry,2018,180628,False,17
It's You,Ali Gatie,2019,212606,False,18
YOUTH,Troye Sivan,2015,185194,False,67
Naked,James Arthur,2017,234106,False,62
Forever,"N-Trance, Kenny Hayes",2002,190773,False,0
Can I Go Now,Jennifer Love Hewitt,2002,216000,False,27
The Lovecats,The Cure,2001,218600,False,0
Promises,The Presets,2012,298306,False,27
Careless,Little Sea,2014,239066,False,4
Miss Freelove of '69,John David,2011,218749,False,3
Homburg - Single Version - 2009 Remaster - Mono,Procol Harum,2019,237400,False,0
As Long As You Love Me,"Justin Bieber, Big Sean",2012,229466,False,0
Here,Alessia Cara,2016,199453,False,65
Get It,Havana Brown,2011,220000,False,20
Wild Thing,Tone-Loc,1989,263573,False,58
Think Twice,Brook Benton,2016,168071,False,4
Blue Bayou,Roy Orbison,2016,149160,False,20
Listen To What The Man Said - 1993 Digital Remaster,Wings,1975,241400,False,0
Saturday in the Park - 2002 Remaster,Chicago,1972,235666,False,62
Dear Mr. President,"P!nk, Indigo Girls",2006,273626,False,0
Kiss Kiss (feat. T-Pain),"Chris Brown, T-Pain",2007,251160,False,0
Houdini,Foster The People,2011,202466,False,70
Lay It On Me,Vance Joy,2017,214699,False,0
Here for You (feat. Ella Henderson),"Kygo, Ella Henderson",2015,244510,False,57
What Hurts The Most,Rascal Flatts,2006,214106,False,67
"I'll Be There (feat. Trey Lorenz) - Live at MTV Unplugged, Kaufman Astoria Studios, New York - March 1992","Mariah Carey, Trey Lorenz",2017,264240,False,7
I Turn To You,Melanie C,1999,352173,False,47
You Really Got Me - Mono Mix,The Kinks,1964,133933,False,0
Now We're Getting Somewhere,Crowded House,1986,245400,False,31
You Can't Sit Down,The Dovells,1963,139186,False,0
Radioactive,Imagine Dragons,2012,186813,False,0
Sword from the Stone - Gingerbread Mix,Passenger,2021,168940,False,1
Come On Eileen,Dexys Midnight Runners,2018,283000,False,52
48 Crash,Suzi Quatro,1999,233413,False,0
She's Not There,The Zombies,1964,144600,False,0
All You Zombies,The Hooters,1996,357426,False,28
Invisible Touch - Remastered 2007,Genesis,1986,210133,False,14
Homeward Bound,Simon & Garfunkel,1966,149613,False,0
I.O.U. - Remastered,Freeez,2011,508586,False,22
That's Not My Name,The Ting Tings,2008,310573,False,49
Iris,The Goo Goo Dolls,1998,289533,False,87
Underwear Goes Inside The Pants,Lazyboy,2004,294546,True,27
The Tears I Cried,The Glitter Band,1998,222693,False,10
Stole the Show,"Kygo, Parson James",2016,223186,False,77
Breathe (feat. Stu Stone) - Radio Edit,"Kaz James, Stu Stone",2008,203840,False,5
All The Small Things,blink-182,1999,168000,False,1
You Don't Know Me,Ray Charles Orchestra,2017,197066,False,3
Just Friends,"Hayden James, Boy Matthews",2018,238991,False,0
Kiss (When The Sun Don't Shine),Vengaboys,2000,211168,False,49
Anything for You,Gloria Estefan,1987,226400,False,39
Growin' Up and Gettin' Old,Luke Combs,2023,233666,False,62
Don't Call Me Baby,Madison Avenue,2000,228140,False,57
Foolish,Ashanti,2002,227386,True,0
The Fear,Lily Allen,2009,206080,False,25
Trigger,Sandrine,2003,226400,False,4
Dr. Beat,Miami Sound Machine,1984,262560,False,37
Who's That Girl,Madonna,1987,239173,False,56
(Such An) Easy Question,Elvis Presley,1962,140773,False,25
Simple Man,Lynyrd Skynyrd,1973,356626,False,72
Alien,"Sabrina Carpenter, Jonas Blue",2018,174840,False,56
This Is What It Feels Like,"Armin van Buuren, Trevor Guthrie",2013,204360,False,44
Chandelier,Sia,2014,216120,False,0
Do You,Ne-Yo,2007,228266,False,0
Your Body Is a Weapon,The Wombats,2015,237880,False,41
Where the Party At (feat. Nelly),"Jagged Edge, Nelly",2001,232573,False,63
Get Ready,The Temptations,1966,164160,False,59
Let's Talk About Sex,Salt-N-Pepa,2015,212746,False,0
In Da Club,50 Cent,2003,193466,True,81
"CAN'T STOP THE FEELING! (from DreamWorks Animation's ""TROLLS"")",Justin Timberlake,2016,237546,False,72
Behind These Hazel Eyes,Kelly Clarkson,2004,198973,False,59
We Walk,The Ting Tings,2008,244653,False,15
Hey There Delilah,Plain White T's,2006,226493,False,0
Paper Romance,Groove Armada,2010,379746,False,0
Glad All Over - 2019 - Remaster,The Dave Clark Five,1964,163327,False,0
The Call,Backstreet Boys,2000,204800,False,61
Wanna Be Up,Chantoozies,1988,219826,False,31
SING,My Chemical Romance,2010,270386,False,56
Baby,"Justin Bieber, Ludacris",2010,213973,False,0
Last Night I Didn't Get to Sleep at All - Remastered 1997,The 5th Dimension,2011,192600,False,20
Strangers,Sigrid,2017,233725,False,18
Sunshine After The Rain,Berri,2015,389760,False,0
"You're The One That I Want - From ""Grease"" Original Motion Picture Soundtrack","John Travolta, Olivia Newton-John",1998,169840,False,0
Small Bump,Ed Sheeran,2011,259413,False,57
Words,Birdy,2016,217653,False,26
Great Southern Land,ICEHOUSE,1982,317240,False,0
Dizzy,"Vic Reeves, The Wonder Stuff",1994,199133,False,0
Hot Stuff,Donna Summer,1979,314760,False,65
Brick,Ben Folds Five,1997,271720,False,52
With Arms Wide Open,Creed,2004,278440,False,0
Falling to Pieces,Faith No More,2003,313573,False,17
This Time Around,Hanson,2005,257973,False,0
Superstar,Dami Im,2016,194640,False,12
The Goondiwindi Grey,Tex Morton,2018,156493,False,0
Don't Need Love,Diesel,2009,238653,False,0
Too Close,Next,1997,259440,True,65
I Honestly Love You,Olivia Newton-John,2018,217665,False,40
Any Way You Want It,Journey,1980,201693,False,72
Maps,Maroon 5,2014,189973,False,0
Bright Eyes,Art Garfunkel,2001,238360,False,39
1999,"Charli xcx, Troye Sivan",2018,189000,False,60
"My Heart Will Go On - Love Theme from ""Titanic""",Céline Dion,1999,279133,False,13
Acapella,Karmin,2014,198906,False,55
Love Story - US Album Version,Taylor Swift,2008,235280,False,0
Oh Yeah,Taxiride,2005,251280,False,9
A Thousand Miles,Vanessa Carlton,2011,237440,False,58
Wings Of An Eagle,Russell Morris,1978,235533,False,36
The River of Dreams,Billy Joel,1993,247626,False,63
Need You Now,Lady A,2010,236440,False,71
1-800-273-8255,"Logic, Alessia Cara, Khalid",2017,250173,True,73
Young Hearts Run Free,Kym Mazelle,2016,255947,False,0
Misery,Maroon 5,2010,216253,False,0
Trumpets,Jason Derulo,2013,217419,False,60
Theme from a Summer Place,Percy Faith,2014,144266,False,0
Physical,Olivia Newton-John,2005,221933,False,0
Hot Summer Nights,Night,1979,203050,False,28
Songbird,Bernard Fanning,2005,156280,False,25
Baby Got Back,Sir Mix-A-Lot,1992,262826,True,0
What You Waitin' For,"Ray Parker Jr., Raydio",1979,251280,False,3
I Want You to Want Me,Cheap Trick,1977,191226,False,64
Living on the Edge,Aerosmith,2013,304203,False,10
when the party's over,Billie Eilish,2018,199931,False,0
Woman - Mono; 2003 Remaster,Peter And Gordon,1966,146666,False,13
Born Together,The Potbelleez,2011,287946,False,0
Just Like Jesse James,Cher,1989,245733,False,58
Wishes,Human Nature,1996,244506,False,19
Weapon Of Choice (feat. Bootsy Collins) - Remastered Version,"Fatboy Slim, Bootsy Collins",2006,219813,False,0
Born Slippy (Nuxx),Underworld,2003,454026,False,0
Step by Step,Whitney Houston,1996,252533,False,50
I Love It (feat. Charli XCX),"Icona Pop, Charli xcx",2013,157152,True,72
Jump In My Car,Ted Mulry Gang,2016,181946,False,43
"Kick, Push",Lupe Fiasco,2006,254466,False,58
Midnight at the Oasis,Maria Muldaur,1973,229506,False,46
Jumpstart,These Kids Wear Crowns,2011,208586,False,32
The Witch Queen of New Orleans,Redbone,2003,165160,False,34
Kids In America,Kim Wilde,1981,205533,False,43
Army of Two,Olly Murs,2012,287133,False,0
Up/Down,Jessica Mauboy,2008,206226,False,17
Bleeding Love,Leona Lewis,2007,262693,False,61
Life in the Fast Lane - 2013 Remaster,Eagles,1976,286219,False,68
Spiderman Theme (Karaoke Version With Background Vocals) - Originally Performed By Michael Bublé,A-Type Player,2013,179383,False,0
Indian Lake,The Cowsills,1968,163546,False,38
Automatic,Angel Azmeer,2021,185730,False,0
Mary Had A Little Lamb - 2018 Remaster,Wings,1973,212920,False,25
Put 'Em High - StoneBridge & JJ Radio,"StoneBridge, Therese",2016,204378,False,39
Let's Get Loud,Jennifer Lopez,1999,239400,False,0
Shot Caller - Radio Edit,Ian Carey,2009,188746,False,0
Someday Never Comes,Creedence Clearwater Revival,1972,239506,False,55
Learning To Fly,Tom Petty and the Heartbreakers,1991,242106,False,71
I Send A Message,INXS,2011,202426,False,0
We Are The People,Empire Of The Sun,2008,267373,False,76
Who'd Have Known,Lily Allen,2008,230986,False,36
In My Blood,Shawn Mendes,2018,211360,False,70
Try A Little Kindness,Glen Campbell,1970,146293,False,43
Hold On To Me,The Black Sorrows,1988,230866,False,31
Loud,Stan Walker,2009,204426,False,1
Are You Sure,Willie Nelson,2016,127454,False,33
Wake Up Call,Maroon 5,2007,201306,False,0
"Bad Case Of Loving You (Doctor, Doctor)",Robert Palmer,1979,192440,False,0
The Wanderer,Dion,2001,167160,False,56
Come Together,Michael Jackson,1995,242333,False,0
One Night Stand,Mis-Teeq,2001,207466,False,28
Behind Blue Eyes,Limp Bizkit,2003,269973,False,0
Animal - Remastered,Pearl Jam,1993,167520,False,55
Surrender - Ultamix,Laura Pausini,2002,236253,False,30
There She Goes,Sixpence None The Richer,1997,164280,False,67
Wild,"Jessie J, Big Sean, Dizzee Rascal",2013,234293,False,10
January,Pilot,1975,211920,False,38
Broken Wings,Mr. Mister,1985,345840,False,0
Everybody,Tommy Roe,2014,115539,False,0
Promises,NERO,2011,257386,False,53
Wheels,The String-A-Longs,2005,116360,False,0
According To You,Orianthi,2009,200253,False,42
Buttons - Final Edit Version,"The Pussycat Dolls, Snoop Dogg",2006,233186,False,0
Beautiful Stranger,Madonna,2009,260760,False,49
La Bamba - Single Version,Ritchie Valens,1959,126960,False,66
Let Me Think About It,"Ida Corr, Fedde Le Grand",2013,151983,False,68
Look Into My Eyes,Brando,2020,154653,False,0
Everything I Own,Bread,1972,187000,False,70
Good Time Baby,Bobby Rydell,1963,129466,False,0
Daytrip to Bangor (Single Version) (Day Trip to Bangor - Didn't We Have a Lovely Time),Fiddler's Dram,2014,178466,False,0
Beat It,"Fall Out Boy, John Mayer",2009,229400,False,0
Teenage Idol,Ricky Nelson,2008,148840,False,21
On The Road Again,Canned Heat,1987,206333,False,49
Lady,Kenny Rogers,2008,234533,False,41
On Top Of The World,Imagine Dragons,2012,192280,False,76
Numb,Linkin Park,2003,187520,False,88
A Thousand Miles,Vanessa Carlton,2002,237493,False,0
Unorthodox,"Wretch 32, Example",2011,183653,False,21
The Shoop Shoop Song (It's In His Kiss),Cher,1991,170000,False,64
Hey Baby - Remastered,Bruce Channel,2017,139620,False,0
All Rise,Blue,2004,224133,False,48
Goose Bumps,Christie Allen,2016,169449,False,17
I'm Not Here To Make Friends,"Sam Smith, Calvin Harris, Jessie Reyez",2023,229604,False,63
Working for the Weekend,Loverboy,1981,221000,False,65
Freaky Friday (feat. Chris Brown),"Lil Dicky, Chris Brown",2018,216631,True,4
Oh My Goodness,Olly Murs,2011,184013,False,39
All Of This,The Naked And Famous,2010,235400,False,21
What A Wonderful World,Louis Armstrong,1968,137520,False,1
Marry You,Bruno Mars,2010,230192,False,78
Destination Calabria - Radio Edit,"Alex Gaudino, Crystal Waters",2009,183146,False,0
Real Life,"Duke Dumont, Gorgon City, NAATIONS",2017,205773,False,0
Joker And The Thief,Wolfmother,2006,280466,False,0
Black Hole Sun,Soundgarden,2010,317693,False,0
In Your Eyes,The Weeknd,2020,237520,False,40
Things That Make You Go Hmmmm.... (feat. Freedom Williams),"C & C Music Factory, Freedom Williams",1990,321906,False,32
Breakdown,Tom Petty and the Heartbreakers,1976,163893,False,30
Sea of Heartbreak,Don Gibson,2001,155040,False,48
Cathy's Clown,The Everly Brothers,1962,144013,False,41
Hot Love - A Side,T. Rex,1971,295480,False,0
Discotheque,U2,1997,320666,False,0
Lost on You,LP,2017,268105,False,7
Papa Don't Preach,Madonna,1986,268533,False,61
Crash,USHER,2016,211375,False,0
Coming of Age,Foster The People,2014,280040,False,52
I Think I'm Gonna Fall (In Love),Supercharge,2011,523004,False,8
Feel Like Making Love - Edit,Pauline Henry,1998,240866,False,17
You Are The Sunshine Of My Life,Stevie Wonder,2007,177306,False,0
My Favourite Game,The Cardigans,2008,220413,False,0
Sukiyaki,Kyu Sakamoto,2014,187663,False,40
Piece of My Heart,"Big Brother & The Holding Company, Janis Joplin",1968,253333,False,65
Papa Don't Preach,Kelly Osbourne,2003,205253,False,0
My Boy Lollipop,Millie Small,2012,122160,False,0
Tell It on the Mountain,"Peter\, Paul and Mary",1963,178240,False,28
When You Walk in the Room,Paul Carrack,1987,211333,False,0
Unchained Melody,Gareth Gates,2003,233666,False,29
Check It Out,John Mellencamp,2004,259733,False,0
Denise,Randy & The Rainbows,2014,119980,False,12
Gangsta's Paradise (feat. L.V.),"Coolio, L.V.",1995,241933,False,0
"Baby Did a Bad, Bad Thing",Chris Isaak,2006,176000,False,0
No More Sad Songs (feat. Machine Gun Kelly),"Little Mix, mgk",2017,225200,False,0
Cola,"CamelPhat, Elderbrook",2017,223869,False,69
Butterfly Kisses,Bob Carlisle,1995,340600,False,48
The Dead Heart - 2007 Remastered,Midnight Oil,1987,311026,False,52
Sweet Talker,Jessie J,2014,222213,False,0
La La,Ashlee Simpson,2004,222400,False,39
Shadow of the Day,Linkin Park,2007,289906,False,66
Lightning Crashes,Live,1994,325600,False,52
You I Know,Jenny Morris,1987,249133,False,35
Warning,Green Day,2000,221666,False,56
One Call Away,"Chingy, Jason Weaver",2003,276800,False,61
Party Rock Anthem,"LMFAO, Lauren Bennett, GoonRock",2011,262173,False,67
Shiver,Natalie Imbruglia,2005,222653,False,47
She's Like a Comet,Jebediah,2011,223173,False,40
Backroad Nation,Lee Kernaghan,2019,223046,False,0
Faded,Alan Walker,2018,212106,False,80
Growing on Me,The Darkness,2003,211360,False,47
Happier,"Marshmello, Bastille",2018,214289,False,11
Speedy Gonzales,Pat Boone,1991,156040,False,0
Radar Love,Golden Earring,2008,386706,False,57
Waterfalls,Timomatic,2013,212200,False,21
Invincible,Kelly Clarkson,2015,238360,False,36
I Love You Because,Al Martino,2014,161071,False,0
You Deserve Better,James Arthur,2018,207773,False,44
Now I Run,Shannon Noll,2005,222826,False,26
"Baby, Baby",Amy Grant,1991,236973,False,51
Skin,Sabrina Carpenter,2021,177500,False,67
Begin Again,Taylor Swift,2012,237613,False,55
ROCKSTAR 101,"Rihanna, Slash",2009,238853,False,21
Switch Me On,Shannon Noll,2011,206760,False,21
Even When I'm Sleeping,Leonardo's Bride,1996,234666,False,40
"Let Me Go (with Alesso, Florida Georgia Line & watt)","Hailee Steinfeld, Alesso, Florida Georgia Line, WATT",2017,174800,False,0
All I Have To Do Is Dream,"Bobbie Gentry, Glen Campbell",2018,151933,False,35
Rock Me Gently,Sherbet,2008,235333,False,0
Everybody's Free (To Wear Sunscreen),"Quindon Tarver, Josh Abrahams",1999,309133,False,14
It's Over,Roy Orbison,1962,181666,False,42
All Fired Up,Pat Benatar,1988,272200,False,51
"Layla - Acoustic; Live at MTV Unplugged, Bray Film Studios, Windsor, England, UK, 1/16/1992; 2013 Remaster",Eric Clapton,1992,289026,False,2
Hey Everybody!,5 Seconds of Summer,2015,196937,False,44
That Girl Belongs To Yesterday,Gene Pitney,2019,170400,False,0
Short Memory - Remastered Version,Midnight Oil,2012,232466,False,28
Unbroken,Stan Walker,2010,273960,False,20
Wizard - Radio Edit,"Martin Garrix, Jay Hardway",2013,202411,False,29
Without You (feat. Usher),"David Guetta, USHER",2011,208133,False,45
Save Tonight,Eagle-Eye Cherry,1997,236040,False,51
Come Away With Me,Norah Jones,2002,198226,False,71
Your Song,Rita Ora,2017,180757,False,57
Somebody Loves You,Betty Who,2012,217411,False,0
Heaven Help My Heart,Tina Arena,1994,328093,False,32
Xanadu,Olivia Newton-John,1980,208240,False,58
Talk,"DJ Snake, George Maple",2016,237960,False,0
Thank U,Alanis Morissette,1998,258773,False,65
Come Back and Shake Me,Clodagh Rodgers,1996,156800,False,20
Science Fiction,Divinyls,1991,212973,False,18
Stop Draggin' My Heart Around (with Tom Petty and The Heartbreakers) - 2016 Remaster,"Stevie Nicks, Tom Petty and the Heartbreakers",1981,244440,False,63
The Other Side,Jason Derulo,2013,226986,False,58
"Alley Cat - Fra Tv-serien ""Omkring Et Flygel""",Bent Fabricius-Bjerre,2005,151240,False,22
"Lose Yourself - From ""8 Mile"" Soundtrack",Eminem,2005,326466,True,5
Won't Get Fooled Again - Original Album Version,The Who,1971,511400,False,62
The Nights,Avicii,2014,176658,False,83
Up (feat. Demi Lovato),"Olly Murs, Demi Lovato",2014,224293,False,0
Break in the Weather,Jenny Morris,2004,272626,False,13
Torn Between Two Lovers,Mary MacGregor,2010,230426,False,45
I'll Be Loving You (Forever),New Kids On The Block,1988,263933,False,56
Puttin' on the Ritz,Taco,1982,281160,False,60
Da Ya Think I'm Sexy?,"N-Trance, Rod Stewart",1997,262960,False,0
Sugar,"Peking Duk, Jack River",2019,191574,False,41
Jackson’s Last Stand - Radio Edit,Ou Est Le Swimming Pool,2010,190000,False,20
Sick N Tired,Billy Thorpe & The Aztecs,2007,188026,False,17
They Won't Let My Girlfriend Talk to Me,Jimmy & the Boys,1981,198546,False,0
